date,timestamp,user_color,user_rating,opponent,opponent_rating,result,result_label,opening,eco,eco_url,time_control,game_url,game_duration_seconds,pgn
2025-12-16,1765919319,white,765,randiortiz,795,0.0,Loss,Scandinavian Defense,B01,https://www.chess.com/openings/Scandinavian-Defense,blitz,https://www.chess.com/game/live/146805779502,622,"[Event ""Live Chess""]
[Site ""Chess.com""]
[Date ""2025.12.16""]
[Round ""-""]
[White ""RhysLWells""]
[Black ""randiortiz""]
[Result ""0-1""]
[CurrentPosition ""8/8/8/1KP5/Q2P4/8/p7/1k1n4 w - - 4 67""]
[Timezone ""UTC""]
[ECO ""B01""]
[ECOUrl ""https://www.chess.com/openings/Scandinavian-Defense""]
[UTCDate ""2025.12.16""]
[UTCTime ""20:58:17""]
[WhiteElo ""765""]
[BlackElo ""795""]
[TimeControl ""300""]
[Termination ""randiortiz won on time""]
[StartTime ""20:58:17""]
[EndDate ""2025.12.16""]
[EndTime ""21:08:39""]
[Link ""https://www.chess.com/game/live/146805779502""]

1. e4 {[%clk 0:04:59.4]} 1... d5 {[%clk 0:04:55.3]} 2. Nf3 {[%clk 0:04:58.9]} 2... Bg4 {[%clk 0:04:54.3]} 3. Nc3 {[%clk 0:04:55.3]} 3... Bxf3 {[%clk 0:04:53.1]} 4. gxf3 {[%clk 0:04:53.8]} 4... d4 {[%clk 0:04:50.8]} 5. Ne2 {[%clk 0:04:52.5]} 5... e6 {[%clk 0:04:47.4]} 6. c3 {[%clk 0:04:49.8]} 6... d3 {[%clk 0:04:44.4]} 7. Ng3 {[%clk 0:04:48.3]} 7... Bc5 {[%clk 0:04:38.4]} 8. b4 {[%clk 0:04:44.6]} 8... Bb6 {[%clk 0:04:37.1]} 9. Qb3 {[%clk 0:04:31.2]} 9... Nc6 {[%clk 0:04:20.1]} 10. c4 {[%clk 0:04:29.4]} 10... Qd4 {[%clk 0:04:15.6]} 11. Bb2 {[%clk 0:04:22.7]} 11... Qxf2+ {[%clk 0:04:13.6]} 12. Kd1 {[%clk 0:04:18.6]} 12... Qxf3+ {[%clk 0:04:05.6]} 13. Kc1 {[%clk 0:04:17.3]} 13... Nd4 {[%clk 0:03:47.9]} 14. Bxd4 {[%clk 0:04:15.2]} 14... Bxd4 {[%clk 0:03:46.5]} 15. Rb1 {[%clk 0:04:11.6]} 15... Rd8 {[%clk 0:03:21.7]} 16. Bxd3 {[%clk 0:04:01.5]} 16... Bf2 {[%clk 0:03:11.8]} 17. Be2 {[%clk 0:03:36.2]} 17... Qxb3 {[%clk 0:03:01.1]} 18. Rxb3 {[%clk 0:03:33.3]} 18... Bxg3 {[%clk 0:02:58.6]} 19. Rxg3 {[%clk 0:03:28]} 19... g6 {[%clk 0:02:56.3]} 20. d3 {[%clk 0:03:18.9]} 20... Nf6 {[%clk 0:02:54.3]} 21. Kc2 {[%clk 0:03:07.3]} 21... O-O {[%clk 0:02:44.6]} 22. Bf3 {[%clk 0:03:06]} 22... b6 {[%clk 0:02:42.1]} 23. a4 {[%clk 0:02:59.7]} 23... Rd4 {[%clk 0:02:36.7]} 24. Rf1 {[%clk 0:02:49.5]} 24... Rfd8 {[%clk 0:02:33.2]} 25. e5 {[%clk 0:02:46.9]} 25... Ne8 {[%clk 0:02:06.5]} 26. Bc6 {[%clk 0:02:44.3]} 26... Ng7 {[%clk 0:02:01.7]} 27. h3 {[%clk 0:02:32.9]} 27... Nf5 {[%clk 0:02:00.1]} 28. Rg4 {[%clk 0:02:29.6]} 28... Ne3+ {[%clk 0:01:57.4]} 29. Kc3 {[%clk 0:02:22.4]} 29... Nxf1 {[%clk 0:01:55.9]} 30. Rxd4 {[%clk 0:02:20.5]} 30... Rxd4 {[%clk 0:01:53.7]} 31. Kxd4 {[%clk 0:02:19.2]} 31... Nd2 {[%clk 0:01:48.7]} 32. a5 {[%clk 0:02:06]} 32... Nb3+ {[%clk 0:01:40.9]} 33. Ke4 {[%clk 0:01:50.9]} 33... bxa5 {[%clk 0:01:38]} 34. bxa5 {[%clk 0:01:42.5]} 34... Nxa5 {[%clk 0:01:36.7]} 35. Be8 {[%clk 0:01:36.4]} 35... h5 {[%clk 0:01:29]} 36. c5 {[%clk 0:01:33.5]} 36... c6 {[%clk 0:01:25.7]} 37. Kd4 {[%clk 0:01:26.2]} 37... Kf8 {[%clk 0:01:24.8]} 38. Bd7 {[%clk 0:01:23.9]} 38... Ke7 {[%clk 0:01:24]} 39. Bc8 {[%clk 0:01:23]} 39... Kd8 {[%clk 0:01:17.3]} 40. Ba6 {[%clk 0:01:21.8]} 40... Kc7 {[%clk 0:01:08]} 41. Kc3 {[%clk 0:01:14.1]} 41... g5 {[%clk 0:01:00.8]} 42. d4 {[%clk 0:01:11.2]} 42... g4 {[%clk 0:00:50.3]} 43. hxg4 {[%clk 0:01:06.3]} 43... hxg4 {[%clk 0:00:49.1]} 44. Bf1 {[%clk 0:01:05.6]} 44... g3 {[%clk 0:00:47.6]} 45. Kb4 {[%clk 0:01:01.9]} 45... Nb7 {[%clk 0:00:46]} 46. Kc3 {[%clk 0:00:57.5]} 46... Nd8 {[%clk 0:00:42.3]} 47. Kd2 {[%clk 0:00:56.4]} 47... a5 {[%clk 0:00:40.5]} 48. Ke3 {[%clk 0:00:49.4]} 48... a4 {[%clk 0:00:39.5]} 49. Kf3 {[%clk 0:00:41.8]} 49... a3 {[%clk 0:00:38.7]} 50. Bc4 {[%clk 0:00:38]} 50... Nb7 {[%clk 0:00:32.3]} 51. Kxg3 {[%clk 0:00:35.4]} 51... Na5 {[%clk 0:00:31.6]} 52. Ba2 {[%clk 0:00:33]} 52... Kb7 {[%clk 0:00:28.5]} 53. Kg4 {[%clk 0:00:24.8]} 53... Ka6 {[%clk 0:00:27.8]} 54. Kg5 {[%clk 0:00:23.2]} 54... Kb5 {[%clk 0:00:26.9]} 55. Kf6 {[%clk 0:00:22.8]} 55... Nc4 {[%clk 0:00:19.5]} 56. Kxf7 {[%clk 0:00:21.4]} 56... Kb4 {[%clk 0:00:17.8]} 57. Kxe6 {[%clk 0:00:17.1]} 57... Kc3 {[%clk 0:00:16.9]} 58. Kd7 {[%clk 0:00:15]} 58... Nb2 {[%clk 0:00:15.2]} 59. e6 {[%clk 0:00:13.6]} 59... Nd3 {[%clk 0:00:12.7]} 60. e7 {[%clk 0:00:12.2]} 60... Kb2 {[%clk 0:00:12.2]} 61. e8=Q {[%clk 0:00:06.5]} 61... Kxa2 {[%clk 0:00:10.9]} 62. Qe2+ {[%clk 0:00:05.5]} 62... Nb2 {[%clk 0:00:08.9]} 63. Qc2 {[%clk 0:00:03.3]} 63... Ka1 {[%clk 0:00:06.2]} 64. Kxc6 {[%clk 0:00:01.6]} 64... a2 {[%clk 0:00:04.3]} 65. Kb5 {[%clk 0:00:00.9]} 65... Nd1 {[%clk 0:00:02.4]} 66. Qa4 {[%clk 0:00:00.1]} 66... Kb1 {[%clk 0:00:01.1]} 0-1
"
2025-12-16,1765918693,white,773,ands21,771,0.0,Loss,Queens Pawn Opening Zukertort Variation,D02,https://www.chess.com/openings/Queens-Pawn-Opening-Zukertort-Variation,blitz,https://www.chess.com/game/live/146805740424,68,"[Event ""Live Chess""]
[Site ""Chess.com""]
[Date ""2025.12.16""]
[Round ""-""]
[White ""RhysLWells""]
[Black ""ands21""]
[Result ""0-1""]
[CurrentPosition ""rnbqkbnr/ppp1pppp/8/3p4/3P4/5N2/PPP1PPPP/RNBQKB1R b KQkq - 1 2""]
[Timezone ""UTC""]
[ECO ""D02""]
[ECOUrl ""https://www.chess.com/openings/Queens-Pawn-Opening-Zukertort-Variation""]
[UTCDate ""2025.12.16""]
[UTCTime ""20:57:05""]
[WhiteElo ""773""]
[BlackElo ""771""]
[TimeControl ""300""]
[Termination ""ands21 won by resignation""]
[StartTime ""20:57:05""]
[EndDate ""2025.12.16""]
[EndTime ""20:58:13""]
[Link ""https://www.chess.com/game/live/146805740424""]

1. d4 {[%clk 0:04:57]} 1... d5 {[%clk 0:04:58.9]} 2. Nf3 {[%clk 0:04:55]} 0-1
"
2025-12-09,1765291029,black,781,THErook90,790,0.0,Loss,Indian Game Knights Variation 2...E6 3.Nc3 D5,A46,https://www.chess.com/openings/Indian-Game-Knights-Variation-2...e6-3.Nc3-d5,blitz,https://www.chess.com/game/live/146504549558,627,"[Event ""Live Chess""]
[Site ""Chess.com""]
[Date ""2025.12.09""]
[Round ""-""]
[White ""THErook90""]
[Black ""RhysLWells""]
[Result ""1-0""]
[CurrentPosition ""8/4PK2/k7/6Pp/4p2P/2r5/8/3q4 b - - 5 59""]
[Timezone ""UTC""]
[ECO ""A46""]
[ECOUrl ""https://www.chess.com/openings/Indian-Game-Knights-Variation-2...e6-3.Nc3-d5""]
[UTCDate ""2025.12.09""]
[UTCTime ""14:26:42""]
[WhiteElo ""790""]
[BlackElo ""781""]
[TimeControl ""300""]
[Termination ""THErook90 won on time""]
[StartTime ""14:26:42""]
[EndDate ""2025.12.09""]
[EndTime ""14:37:09""]
[Link ""https://www.chess.com/game/live/146504549558""]

1. d4 {[%clk 0:04:59.9]} 1... e6 {[%clk 0:04:59.4]} 2. Nc3 {[%clk 0:04:59.4]} 2... d5 {[%clk 0:04:58.8]} 3. Nf3 {[%clk 0:04:58.5]} 3... Nf6 {[%clk 0:04:58]} 4. Qd3 {[%clk 0:04:57.8]} 4... g6 {[%clk 0:04:56.5]} 5. e4 {[%clk 0:04:57.2]} 5... Bb4 {[%clk 0:04:51.1]} 6. e5 {[%clk 0:04:52.6]} 6... Bxc3+ {[%clk 0:04:41.2]} 7. bxc3 {[%clk 0:04:50]} 7... Ne4 {[%clk 0:04:38.4]} 8. Ba3 {[%clk 0:04:38.1]} 8... b6 {[%clk 0:04:35.3]} 9. Qb5+ {[%clk 0:04:27.3]} 9... c6 {[%clk 0:04:25.3]} 10. Qb3 {[%clk 0:04:22.8]} 10... b5 {[%clk 0:04:17.1]} 11. Bc1 {[%clk 0:04:17.9]} 11... a5 {[%clk 0:04:09.4]} 12. Bd3 {[%clk 0:04:13]} 12... a4 {[%clk 0:04:04.5]} 13. Qb4 {[%clk 0:04:05.7]} 13... Na6 {[%clk 0:04:00.8]} 14. Qb2 {[%clk 0:04:04.1]} 14... Rb8 {[%clk 0:03:30.6]} 15. Bxe4 {[%clk 0:04:02.8]} 15... dxe4 {[%clk 0:03:29.2]} 16. Bg5 {[%clk 0:03:50.5]} 16... Qd7 {[%clk 0:03:08]} 17. Nd2 {[%clk 0:03:37.4]} 17... h6 {[%clk 0:02:58.7]} 18. Be3 {[%clk 0:03:35.4]} 18... Bb7 {[%clk 0:02:47]} 19. O-O {[%clk 0:03:33.4]} 19... c5 {[%clk 0:02:45.4]} 20. c4 {[%clk 0:03:22.1]} 20... cxd4 {[%clk 0:02:34.8]} 21. Qxb5 {[%clk 0:03:10.2]} 21... dxe3 {[%clk 0:02:28.3]} 22. Qxd7+ {[%clk 0:03:05.4]} 22... Kxd7 {[%clk 0:02:26.9]} 23. fxe3 {[%clk 0:03:04.3]} 23... Ke7 {[%clk 0:02:07.9]} 24. g3 {[%clk 0:02:53.1]} 24... Nb4 {[%clk 0:02:03.8]} 25. Rfc1 {[%clk 0:02:41.5]} 25... Rhd8 {[%clk 0:02:00.9]} 26. Nf1 {[%clk 0:02:32.1]} 26... Ba6 {[%clk 0:01:59.3]} 27. c5 {[%clk 0:02:24.5]} 27... Rbc8 {[%clk 0:01:50.1]} 28. c3 {[%clk 0:02:16.5]} 28... Nd3 {[%clk 0:01:47.1]} 29. Rc2 {[%clk 0:02:06.7]} 29... Nxc5 {[%clk 0:01:44.4]} 30. Nd2 {[%clk 0:01:50.4]} 30... Bd3 {[%clk 0:01:36.4]} 31. Rcc1 {[%clk 0:01:41.3]} 31... Rb8 {[%clk 0:01:30.8]} 32. Kf2 {[%clk 0:01:37]} 32... a3 {[%clk 0:01:27.8]} 33. h4 {[%clk 0:01:26.7]} 33... Rdc8 {[%clk 0:01:19.6]} 34. c4 {[%clk 0:01:20.8]} 34... Na4 {[%clk 0:01:14.6]} 35. g4 {[%clk 0:01:07.7]} 35... Rb2 {[%clk 0:01:13]} 36. Ke1 {[%clk 0:01:03.8]} 36... h5 {[%clk 0:01:03.7]} 37. g5 {[%clk 0:00:58.9]} 37... Rcb8 {[%clk 0:00:52.5]} 38. c5 {[%clk 0:00:45.6]} 38... Nxc5 {[%clk 0:00:49.1]} 39. Rxc5 {[%clk 0:00:42.7]} 39... Rb1+ {[%clk 0:00:35.2]} 40. Rxb1 {[%clk 0:00:40.2]} 40... Bxb1 {[%clk 0:00:31.8]} 41. Nxb1 {[%clk 0:00:39.2]} 41... Rxb1+ {[%clk 0:00:31.1]} 42. Kd2 {[%clk 0:00:38.7]} 42... Rb2+ {[%clk 0:00:30.5]} 43. Kc1 {[%clk 0:00:36.7]} 43... Rxa2 {[%clk 0:00:29.4]} 44. Rc7+ {[%clk 0:00:35]} 44... Kd8 {[%clk 0:00:27.6]} 45. Rxf7 {[%clk 0:00:34.3]} 45... Kc8 {[%clk 0:00:22.5]} 46. Rf6 {[%clk 0:00:31.5]} 46... Kb7 {[%clk 0:00:19.4]} 47. Rxe6 {[%clk 0:00:29.7]} 47... Ra1+ {[%clk 0:00:17]} 48. Kc2 {[%clk 0:00:28.4]} 48... Ra2+ {[%clk 0:00:16.1]} 49. Kb3 {[%clk 0:00:27.1]} 49... Ra1 {[%clk 0:00:14.3]} 50. Rxg6 {[%clk 0:00:25.5]} 50... Re1 {[%clk 0:00:09.2]} 51. e6 {[%clk 0:00:21.3]} 51... Rxe3+ {[%clk 0:00:08.4]} 52. Kc4 {[%clk 0:00:19.2]} 52... a2 {[%clk 0:00:07.6]} 53. Rg7+ {[%clk 0:00:16.4]} 53... Kb6 {[%clk 0:00:06]} 54. Rg6 {[%clk 0:00:12.6]} 54... a1=Q {[%clk 0:00:04.9]} 55. e7+ {[%clk 0:00:11.9]} 55... Ka5 {[%clk 0:00:03.7]} 56. Ra6+ {[%clk 0:00:08.1]} 56... Kxa6 {[%clk 0:00:02.5]} 57. Kd5 {[%clk 0:00:06.6]} 57... Qd1+ {[%clk 0:00:01.3]} 58. Ke6 {[%clk 0:00:05.4]} 58... Rc3 {[%clk 0:00:00.7]} 59. Kf7 {[%clk 0:00:03.9]} 1-0
"
2025-12-08,1765218807,black,789,sureshgvm,754,1.0,Win,Van T Kruijs Opening,A00,https://www.chess.com/openings/Van-t-Kruijs-Opening,blitz,https://www.chess.com/game/live/146472156076,559,"[Event ""Live Chess""]
[Site ""Chess.com""]
[Date ""2025.12.08""]
[Round ""-""]
[White ""sureshgvm""]
[Black ""RhysLWells""]
[Result ""0-1""]
[CurrentPosition ""4K2q/2k3r1/1p6/1P6/8/8/8/8 w - - 4 58""]
[Timezone ""UTC""]
[ECO ""A00""]
[ECOUrl ""https://www.chess.com/openings/Van-t-Kruijs-Opening""]
[UTCDate ""2025.12.08""]
[UTCTime ""18:24:08""]
[WhiteElo ""754""]
[BlackElo ""789""]
[TimeControl ""300""]
[Termination ""RhysLWells won by checkmate""]
[StartTime ""18:24:08""]
[EndDate ""2025.12.08""]
[EndTime ""18:33:27""]
[Link ""https://www.chess.com/game/live/146472156076""]

1. e3 {[%clk 0:04:59.8]} 1... e6 {[%clk 0:04:59.5]} 2. c3 {[%clk 0:04:58.9]} 2... d5 {[%clk 0:04:58.9]} 3. a4 {[%clk 0:04:54.1]} 3... Nc6 {[%clk 0:04:54.3]} 4. b4 {[%clk 0:04:47.8]} 4... a5 {[%clk 0:04:52.8]} 5. b5 {[%clk 0:04:46.6]} 5... Ne5 {[%clk 0:04:47.6]} 6. Nf3 {[%clk 0:04:43.1]} 6... Bd6 {[%clk 0:04:43.8]} 7. Nxe5 {[%clk 0:04:39]} 7... Bxe5 {[%clk 0:04:42.7]} 8. Qf3 {[%clk 0:04:38]} 8... b6 {[%clk 0:04:35.4]} 9. c4 {[%clk 0:04:30.5]} 9... Bb7 {[%clk 0:04:29.4]} 10. d4 {[%clk 0:04:24.3]} 10... Bd6 {[%clk 0:04:25.6]} 11. Bb2 {[%clk 0:04:19.4]} 11... f6 {[%clk 0:04:24]} 12. Nc3 {[%clk 0:04:14.4]} 12... Bb4 {[%clk 0:04:20.9]} 13. Bd3 {[%clk 0:03:54.6]} 13... Qe7 {[%clk 0:04:16.3]} 14. O-O {[%clk 0:03:50]} 14... O-O-O {[%clk 0:04:09.4]} 15. cxd5 {[%clk 0:03:45.8]} 15... Bxc3 {[%clk 0:04:02.4]} 16. Bxc3 {[%clk 0:03:40.3]} 16... Bxd5 {[%clk 0:04:01.3]} 17. e4 {[%clk 0:03:35.8]} 17... Bb7 {[%clk 0:03:56.3]} 18. Rac1 {[%clk 0:03:29.9]} 18... f5 {[%clk 0:03:54.3]} 19. Qg3 {[%clk 0:03:24.6]} 19... Nf6 {[%clk 0:03:49.2]} 20. e5 {[%clk 0:03:21.6]} 20... Nh5 {[%clk 0:03:39.2]} 21. Qh3 {[%clk 0:03:07.6]} 21... Nf4 {[%clk 0:03:33.5]} 22. Qe3 {[%clk 0:02:34.6]} 22... Nxg2 {[%clk 0:03:24.7]} 23. Qg3 {[%clk 0:02:23.9]} 23... f4 {[%clk 0:03:09.2]} 24. Qh3 {[%clk 0:02:15.6]} 24... Qg5 {[%clk 0:02:52.6]} 25. d5 {[%clk 0:02:13.6]} 25... Ne3+ {[%clk 0:02:46.1]} 26. Kh1 {[%clk 0:01:55.2]} 26... Bxd5+ {[%clk 0:02:44]} 27. f3 {[%clk 0:01:49.7]} 27... Nxf1 {[%clk 0:02:36.4]} 28. Rxf1 {[%clk 0:01:41.1]} 28... h6 {[%clk 0:02:26]} 29. Be4 {[%clk 0:01:39.6]} 29... Bxe4 {[%clk 0:02:22]} 30. Qxe6+ {[%clk 0:01:33.1]} 30... Kb8 {[%clk 0:02:16.6]} 31. fxe4 {[%clk 0:01:27.9]} 31... Rhe8 {[%clk 0:02:11.4]} 32. Qf7 {[%clk 0:01:11]} 32... Re7 {[%clk 0:01:57.7]} 33. Qxf4 {[%clk 0:01:07.7]} 33... Qxf4 {[%clk 0:01:52.5]} 34. Rxf4 {[%clk 0:01:06.5]} 34... Rd1+ {[%clk 0:01:52]} 35. Kg2 {[%clk 0:01:04.9]} 35... g5 {[%clk 0:01:49.4]} 36. Rf8+ {[%clk 0:00:59.4]} 36... Kb7 {[%clk 0:01:48]} 37. Rh8 {[%clk 0:00:52.3]} 37... Re6 {[%clk 0:01:45.7]} 38. Kf3 {[%clk 0:00:44]} 38... Rc1 {[%clk 0:01:44.9]} 39. Bb2 {[%clk 0:00:41.7]} 39... Rc2 {[%clk 0:01:42.7]} 40. Ba1 {[%clk 0:00:39.3]} 40... Ra2 {[%clk 0:01:41.1]} 41. Bd4 {[%clk 0:00:36.4]} 41... Rxa4 {[%clk 0:01:39.6]} 42. Bf2 {[%clk 0:00:26.2]} 42... Ra3+ {[%clk 0:01:34.2]} 43. Kg4 {[%clk 0:00:22.4]} 43... Rxe5 {[%clk 0:01:31.7]} 44. Kh5 {[%clk 0:00:18.3]} 44... Ra2 {[%clk 0:01:28.6]} 45. Bg3 {[%clk 0:00:16.6]} 45... Rxe4 {[%clk 0:01:26.9]} 46. Rh7 {[%clk 0:00:15.7]} 46... Rc2 {[%clk 0:01:23.2]} 47. Rxc7+ {[%clk 0:00:14.3]} 47... Rxc7 {[%clk 0:01:19.8]} 48. Bxc7 {[%clk 0:00:13.6]} 48... Kxc7 {[%clk 0:01:19.5]} 49. Kxh6 {[%clk 0:00:12.8]} 49... a4 {[%clk 0:01:19]} 50. Kxg5 {[%clk 0:00:12.4]} 50... a3 {[%clk 0:01:18.4]} 51. h4 {[%clk 0:00:11]} 51... a2 {[%clk 0:01:17.9]} 52. h5 {[%clk 0:00:10.9]} 52... a1=Q {[%clk 0:01:16.7]} 53. h6 {[%clk 0:00:10.8]} 53... Qc1+ {[%clk 0:01:16.1]} 54. Kg6 {[%clk 0:00:09.3]} 54... Rg4+ {[%clk 0:01:14.9]} 55. Kf7 {[%clk 0:00:08.1]} 55... Qxh6 {[%clk 0:01:12.8]} 56. Ke7 {[%clk 0:00:04.4]} 56... Rg7+ {[%clk 0:01:12]} 57. Ke8 {[%clk 0:00:03.3]} 57... Qh8# {[%clk 0:01:11.4]} 0-1
"
2025-12-06,1765033821,black,781,Glyib,704,1.0,Win,French Defense Advance Variation,C02,https://www.chess.com/openings/French-Defense-Advance-Variation,blitz,https://www.chess.com/game/live/146385537248,359,"[Event ""Live Chess""]
[Site ""Chess.com""]
[Date ""2025.12.06""]
[Round ""-""]
[White ""Glyib""]
[Black ""RhysLWells""]
[Result ""0-1""]
[CurrentPosition ""6k1/P2b2p1/4p3/4Ppp1/4q2P/3n4/6P1/2r2K2 w - - 2 31""]
[Timezone ""UTC""]
[ECO ""C02""]
[ECOUrl ""https://www.chess.com/openings/French-Defense-Advance-Variation""]
[UTCDate ""2025.12.06""]
[UTCTime ""15:04:22""]
[WhiteElo ""704""]
[BlackElo ""781""]
[TimeControl ""300""]
[Termination ""RhysLWells won by checkmate""]
[StartTime ""15:04:22""]
[EndDate ""2025.12.06""]
[EndTime ""15:10:21""]
[Link ""https://www.chess.com/game/live/146385537248""]

1. e4 {[%clk 0:04:59.4]} 1... e6 {[%clk 0:04:57.2]} 2. d4 {[%clk 0:04:58.1]} 2... d5 {[%clk 0:04:56]} 3. e5 {[%clk 0:04:45.8]} 3... f6 {[%clk 0:04:54.8]} 4. Nf3 {[%clk 0:04:41.6]} 4... f5 {[%clk 0:04:52.6]} 5. Bg5 {[%clk 0:04:37.3]} 5... Be7 {[%clk 0:04:49.2]} 6. h4 {[%clk 0:04:23.2]} 6... h6 {[%clk 0:04:47.2]} 7. Be3 {[%clk 0:04:07.6]} 7... a6 {[%clk 0:04:42]} 8. c4 {[%clk 0:03:59]} 8... c6 {[%clk 0:04:30.2]} 9. Nc3 {[%clk 0:03:52.4]} 9... Bb4 {[%clk 0:04:25]} 10. a3 {[%clk 0:03:49.1]} 10... Bxc3+ {[%clk 0:04:22.7]} 11. bxc3 {[%clk 0:03:42.9]} 11... Ne7 {[%clk 0:04:11.7]} 12. cxd5 {[%clk 0:03:27.2]} 12... Nxd5 {[%clk 0:04:09.5]} 13. c4 {[%clk 0:03:15]} 13... Nxe3 {[%clk 0:04:00.2]} 14. fxe3 {[%clk 0:03:13.4]} 14... Bd7 {[%clk 0:03:52.8]} 15. Qb3 {[%clk 0:02:55.8]} 15... b5 {[%clk 0:03:48.7]} 16. cxb5 {[%clk 0:02:51.5]} 16... cxb5 {[%clk 0:03:45.8]} 17. Bd3 {[%clk 0:02:46.7]} 17... O-O {[%clk 0:03:38.9]} 18. O-O {[%clk 0:02:30]} 18... Nc6 {[%clk 0:03:36.3]} 19. Rac1 {[%clk 0:02:25.7]} 19... Rc8 {[%clk 0:03:17.1]} 20. a4 {[%clk 0:02:14.1]} 20... Na5 {[%clk 0:03:00.5]} 21. Qb4 {[%clk 0:02:07.8]} 21... Rxc1 {[%clk 0:02:56.4]} 22. Rxc1 {[%clk 0:02:06.2]} 22... Nc6 {[%clk 0:02:50.9]} 23. axb5 {[%clk 0:02:02.2]} 23... Nxb4 {[%clk 0:02:49.3]} 24. bxa6 {[%clk 0:01:53.5]} 24... Nxd3 {[%clk 0:02:47.6]} 25. a7 {[%clk 0:01:51.8]} 25... Qa8 {[%clk 0:02:42.2]} 26. Rc8 {[%clk 0:01:48.2]} 26... Rxc8 {[%clk 0:02:40.3]} 27. Ng5 {[%clk 0:01:47.2]} 27... hxg5 {[%clk 0:02:38.3]} 28. d5 {[%clk 0:01:45.5]} 28... Qxd5 {[%clk 0:02:36.6]} 29. e4 {[%clk 0:01:44.5]} 29... Qxe4 {[%clk 0:02:35.5]} 30. Kf1 {[%clk 0:01:38.6]} 30... Rc1# {[%clk 0:02:33.9]} 0-1
"
2025-12-06,1765033458,white,773,zahedff,777,1.0,Win,Queens Pawn Opening 1...D5,D00,https://www.chess.com/openings/Queens-Pawn-Opening-1...d5,blitz,https://www.chess.com/game/live/146385378098,276,"[Event ""Live Chess""]
[Site ""Chess.com""]
[Date ""2025.12.06""]
[Round ""-""]
[White ""RhysLWells""]
[Black ""zahedff""]
[Result ""1-0""]
[CurrentPosition ""r7/pbp1kpQ1/2p5/4B3/2P5/1P4P1/P4P1P/4R1K1 b - - 0 26""]
[Timezone ""UTC""]
[ECO ""D00""]
[ECOUrl ""https://www.chess.com/openings/Queens-Pawn-Opening-1...d5""]
[UTCDate ""2025.12.06""]
[UTCTime ""14:59:42""]
[WhiteElo ""773""]
[BlackElo ""777""]
[TimeControl ""300""]
[Termination ""RhysLWells won by resignation""]
[StartTime ""14:59:42""]
[EndDate ""2025.12.06""]
[EndTime ""15:04:18""]
[Link ""https://www.chess.com/game/live/146385378098""]

1. d4 {[%clk 0:04:59.2]} 1... d5 {[%clk 0:04:54.2]} 2. b3 {[%clk 0:04:58.2]} 2... Nc6 {[%clk 0:04:53.7]} 3. Bb2 {[%clk 0:04:55.9]} 3... Nf6 {[%clk 0:04:51.1]} 4. e3 {[%clk 0:04:53.5]} 4... e6 {[%clk 0:04:50.4]} 5. Bb5 {[%clk 0:04:49.9]} 5... Bb4+ {[%clk 0:04:47.9]} 6. c3 {[%clk 0:04:47.6]} 6... Bd6 {[%clk 0:04:43.4]} 7. Bxc6+ {[%clk 0:04:44.5]} 7... bxc6 {[%clk 0:04:42]} 8. Nd2 {[%clk 0:04:42.2]} 8... O-O {[%clk 0:04:39.3]} 9. Ne2 {[%clk 0:04:40]} 9... Re8 {[%clk 0:04:35.8]} 10. O-O {[%clk 0:04:38.4]} 10... e5 {[%clk 0:04:35.2]} 11. e4 {[%clk 0:04:23.1]} 11... Qe7 {[%clk 0:04:29.8]} 12. exd5 {[%clk 0:04:19.2]} 12... exd4 {[%clk 0:04:28.9]} 13. Nxd4 {[%clk 0:04:12.3]} 13... Qe5 {[%clk 0:04:23.1]} 14. g3 {[%clk 0:04:07]} 14... Qxd5 {[%clk 0:04:15.9]} 15. c4 {[%clk 0:03:57.2]} 15... Qc5 {[%clk 0:04:06.4]} 16. Re1 {[%clk 0:03:50.2]} 16... Rxe1+ {[%clk 0:04:02.4]} 17. Qxe1 {[%clk 0:03:47.1]} 17... Bb7 {[%clk 0:03:50.7]} 18. Ne4 {[%clk 0:03:41.6]} 18... Nxe4 {[%clk 0:03:47.1]} 19. Qxe4 {[%clk 0:03:39.9]} 19... Kf8 {[%clk 0:03:41.4]} 20. Qxh7 {[%clk 0:03:27.5]} 20... Be5 {[%clk 0:03:31.8]} 21. Qh8+ {[%clk 0:03:19.1]} 21... Ke7 {[%clk 0:03:29.3]} 22. Nf5+ {[%clk 0:03:13.4]} 22... Ke6 {[%clk 0:03:24.5]} 23. Nxg7+ {[%clk 0:02:56.8]} 23... Bxg7 {[%clk 0:03:18.8]} 24. Qxg7 {[%clk 0:02:44]} 24... Ke7 {[%clk 0:03:13.3]} 25. Re1+ {[%clk 0:02:32.7]} 25... Qe5 {[%clk 0:03:12.6]} 26. Bxe5 {[%clk 0:02:30.9]} 1-0
"
2025-12-06,1765028118,black,764,rknegi,764,1.0,Win,French Defense Kings Indian Attack 2...D5,C00,https://www.chess.com/openings/French-Defense-Kings-Indian-Attack-2...d5,blitz,https://www.chess.com/game/live/146382122494,635,"[Event ""Live Chess""]
[Site ""Chess.com""]
[Date ""2025.12.06""]
[Round ""-""]
[White ""rknegi""]
[Black ""RhysLWells""]
[Result ""0-1""]
[CurrentPosition ""8/k2N4/p4K2/8/8/8/P7/5r2 w - - 6 59""]
[Timezone ""UTC""]
[ECO ""C00""]
[ECOUrl ""https://www.chess.com/openings/French-Defense-Kings-Indian-Attack-2...d5""]
[UTCDate ""2025.12.06""]
[UTCTime ""13:24:43""]
[WhiteElo ""764""]
[BlackElo ""764""]
[TimeControl ""300""]
[Termination ""RhysLWells won on time""]
[StartTime ""13:24:43""]
[EndDate ""2025.12.06""]
[EndTime ""13:35:18""]
[Link ""https://www.chess.com/game/live/146382122494""]

1. e4 {[%clk 0:04:58.5]} 1... e6 {[%clk 0:04:56.5]} 2. d3 {[%clk 0:04:56.9]} 2... d5 {[%clk 0:04:55.5]} 3. e5 {[%clk 0:04:55.3]} 3... Nc6 {[%clk 0:04:53.9]} 4. d4 {[%clk 0:04:53.9]} 4... a6 {[%clk 0:04:50.5]} 5. c3 {[%clk 0:04:53.2]} 5... Nge7 {[%clk 0:04:46.9]} 6. h4 {[%clk 0:04:47]} 6... g6 {[%clk 0:04:45]} 7. h5 {[%clk 0:04:41.5]} 7... Bg7 {[%clk 0:04:40.2]} 8. hxg6 {[%clk 0:04:39.6]} 8... Nxg6 {[%clk 0:04:33.6]} 9. Bd3 {[%clk 0:04:35.5]} 9... f5 {[%clk 0:04:26.4]} 10. g4 {[%clk 0:04:33]} 10... f4 {[%clk 0:04:09]} 11. Bxg6+ {[%clk 0:04:25.3]} 11... hxg6 {[%clk 0:04:07.1]} 12. Rxh8+ {[%clk 0:04:23.6]} 12... Bxh8 {[%clk 0:04:04.5]} 13. Bxf4 {[%clk 0:04:22]} 13... g5 {[%clk 0:04:02]} 14. Be3 {[%clk 0:04:14.2]} 14... Bd7 {[%clk 0:03:53.9]} 15. Qf3 {[%clk 0:04:13.3]} 15... Qe7 {[%clk 0:03:48]} 16. Nd2 {[%clk 0:04:12.2]} 16... O-O-O {[%clk 0:03:45.9]} 17. O-O-O {[%clk 0:04:09.9]} 17... Rf8 {[%clk 0:03:44.2]} 18. Qh3 {[%clk 0:04:02.2]} 18... Bg7 {[%clk 0:03:39.3]} 19. Qh5 {[%clk 0:03:49]} 19... Na5 {[%clk 0:03:12.4]} 20. Qxg5 {[%clk 0:03:38.6]} 20... Qf7 {[%clk 0:03:02.8]} 21. b3 {[%clk 0:03:32.4]} 21... Bb5 {[%clk 0:02:54.7]} 22. Kb2 {[%clk 0:03:12.8]} 22... Rg8 {[%clk 0:02:46.1]} 23. Qh5 {[%clk 0:03:03.6]} 23... Qf8 {[%clk 0:02:39.6]} 24. Qg6 {[%clk 0:02:56.9]} 24... Bh8 {[%clk 0:02:27]} 25. Qxe6+ {[%clk 0:02:54.6]} 25... Bd7 {[%clk 0:02:20.3]} 26. Qxd5 {[%clk 0:02:47.5]} 26... Nc6 {[%clk 0:02:07.7]} 27. f3 {[%clk 0:02:23.6]} 27... Nd8 {[%clk 0:01:48.5]} 28. Ne2 {[%clk 0:02:05.2]} 28... Bg7 {[%clk 0:01:42.2]} 29. Nf4 {[%clk 0:02:02.1]} 29... c6 {[%clk 0:01:39.3]} 30. Qa5 {[%clk 0:01:53.2]} 30... Qe7 {[%clk 0:01:26.4]} 31. Nd3 {[%clk 0:01:49.9]} 31... Bf8 {[%clk 0:01:24.5]} 32. Bf4 {[%clk 0:01:46.4]} 32... Kb8 {[%clk 0:01:10.5]} 33. b4 {[%clk 0:01:36.9]} 33... Ka7 {[%clk 0:01:02.1]} 34. Be3 {[%clk 0:01:29.4]} 34... b6 {[%clk 0:00:59.7]} 35. d5 {[%clk 0:01:26.2]} 35... c5 {[%clk 0:00:52.2]} 36. Qa4 {[%clk 0:01:16.5]} 36... Bxa4 {[%clk 0:00:50.1]} 37. bxc5 {[%clk 0:01:10.9]} 37... bxc5 {[%clk 0:00:46]} 38. Bxc5+ {[%clk 0:01:06.6]} 38... Ka8 {[%clk 0:00:39.8]} 39. Bxe7 {[%clk 0:01:03.9]} 39... Bxe7 {[%clk 0:00:39.3]} 40. c4 {[%clk 0:00:48.4]} 40... Bxd1 {[%clk 0:00:38.3]} 41. c5 {[%clk 0:00:40.8]} 41... Nf7 {[%clk 0:00:29.9]} 42. d6 {[%clk 0:00:38.6]} 42... Bd8 {[%clk 0:00:26.4]} 43. e6 {[%clk 0:00:34.4]} 43... Nxd6 {[%clk 0:00:19.1]} 44. cxd6 {[%clk 0:00:32.9]} 44... Ba4 {[%clk 0:00:17.3]} 45. e7 {[%clk 0:00:29.9]} 45... Bxe7 {[%clk 0:00:14.2]} 46. dxe7 {[%clk 0:00:28.6]} 46... Re8 {[%clk 0:00:13.2]} 47. Nc5 {[%clk 0:00:24.5]} 47... Bc6 {[%clk 0:00:10.8]} 48. Nde4 {[%clk 0:00:18]} 48... Bxe4 {[%clk 0:00:09.2]} 49. Nxe4 {[%clk 0:00:15.9]} 49... Rxe7 {[%clk 0:00:08.6]} 50. Nc5 {[%clk 0:00:14.3]} 50... Re2+ {[%clk 0:00:07.9]} 51. Kb3 {[%clk 0:00:13.2]} 51... Rf2 {[%clk 0:00:07.1]} 52. Ne4 {[%clk 0:00:10.8]} 52... Rxf3+ {[%clk 0:00:05.6]} 53. Kc4 {[%clk 0:00:10.3]} 53... Ka7 {[%clk 0:00:05]} 54. Kd5 {[%clk 0:00:09.7]} 54... Rf4 {[%clk 0:00:04.5]} 55. Ke5 {[%clk 0:00:08.9]} 55... Rxg4 {[%clk 0:00:03]} 56. Nf6 {[%clk 0:00:07.6]} 56... Rg1 {[%clk 0:00:01.3]} 57. Nd7 {[%clk 0:00:02.3]} 57... Re1+ {[%clk 0:00:00.9]} 58. Kf6 {[%clk 0:00:00.9]} 58... Rf1+ {[%clk 0:00:00.4]} 0-1
"
2025-12-05,1764971929,white,756,Valiantez,724,1.0,Win,Petrovs Defense Three Knights Game,C42,https://www.chess.com/openings/Petrovs-Defense-Three-Knights-Game,blitz,https://www.chess.com/game/live/146359770394,528,"[Event ""Live Chess""]
[Site ""Chess.com""]
[Date ""2025.12.05""]
[Round ""-""]
[White ""RhysLWells""]
[Black ""Valiantez""]
[Result ""1-0""]
[CurrentPosition ""2r5/3k1p1p/b2P4/p3p3/qpP1P1P1/7P/1Q6/1KR2B1R b - - 2 30""]
[Timezone ""UTC""]
[ECO ""C42""]
[ECOUrl ""https://www.chess.com/openings/Petrovs-Defense-Three-Knights-Game""]
[UTCDate ""2025.12.05""]
[UTCTime ""21:50:01""]
[WhiteElo ""756""]
[BlackElo ""724""]
[TimeControl ""300""]
[Termination ""RhysLWells won on time""]
[StartTime ""21:50:01""]
[EndDate ""2025.12.05""]
[EndTime ""21:58:49""]
[Link ""https://www.chess.com/game/live/146359770394""]

1. e4 {[%clk 0:04:59.9]} 1... e5 {[%clk 0:04:56.4]} 2. Nf3 {[%clk 0:04:58.1]} 2... Nf6 {[%clk 0:04:51.2]} 3. Nc3 {[%clk 0:04:54]} 3... c6 {[%clk 0:04:49.1]} 4. d3 {[%clk 0:04:51.4]} 4... b5 {[%clk 0:04:45.6]} 5. b3 {[%clk 0:04:48.4]} 5... a5 {[%clk 0:04:40.4]} 6. a4 {[%clk 0:04:41.6]} 6... b4 {[%clk 0:04:26.3]} 7. Ne2 {[%clk 0:04:39.7]} 7... Bc5 {[%clk 0:04:17.6]} 8. Nxe5 {[%clk 0:04:38]} 8... d6 {[%clk 0:04:01.3]} 9. Nf3 {[%clk 0:04:34.7]} 9... Ng4 {[%clk 0:03:55.9]} 10. Be3 {[%clk 0:04:30.6]} 10... Bxe3 {[%clk 0:03:39.2]} 11. fxe3 {[%clk 0:04:29.2]} 11... Nxe3 {[%clk 0:03:27.9]} 12. Qd2 {[%clk 0:04:21.3]} 12... Ng4 {[%clk 0:03:10.6]} 13. h3 {[%clk 0:04:15]} 13... Ne5 {[%clk 0:02:58]} 14. Nxe5 {[%clk 0:03:58.3]} 14... dxe5 {[%clk 0:02:56.5]} 15. O-O-O {[%clk 0:03:47.6]} 15... c5 {[%clk 0:02:43.7]} 16. g4 {[%clk 0:03:43]} 16... Ba6 {[%clk 0:02:40.5]} 17. Ng3 {[%clk 0:03:38.8]} 17... Nc6 {[%clk 0:02:38.7]} 18. Nf5 {[%clk 0:03:33.2]} 18... Nd4 {[%clk 0:02:27.4]} 19. Nxg7+ {[%clk 0:03:22.9]} 19... Kd7 {[%clk 0:02:18.1]} 20. Nf5 {[%clk 0:03:01.1]} 20... Nxb3+ {[%clk 0:02:00.6]} 21. cxb3 {[%clk 0:02:58.4]} 21... Kc6 {[%clk 0:01:32.2]} 22. d4 {[%clk 0:02:50.4]} 22... c4 {[%clk 0:01:26.9]} 23. d5+ {[%clk 0:02:45.5]} 23... Kb7 {[%clk 0:01:07]} 24. bxc4 {[%clk 0:02:37.7]} 24... Rc8 {[%clk 0:00:59]} 25. Kb1 {[%clk 0:02:18.4]} 25... Qd7 {[%clk 0:00:40.1]} 26. Rc1 {[%clk 0:02:05.6]} 26... Qxa4 {[%clk 0:00:36.3]} 27. Nd6+ {[%clk 0:01:59.1]} 27... Kc7 {[%clk 0:00:16.5]} 28. Nxc8 {[%clk 0:01:49]} 28... Rxc8 {[%clk 0:00:14.5]} 29. d6+ {[%clk 0:01:41]} 29... Kd7 {[%clk 0:00:09]} 30. Qb2 {[%clk 0:01:21.7]} 1-0
"
2025-12-05,1764971372,black,748,Zakuska1,785,0.0,Loss,Nimzowitsch Larsen Attack Modern Variation 2.Bb2 Nc6 3.E3 D5,A01,https://www.chess.com/openings/Nimzowitsch-Larsen-Attack-Modern-Variation-2.Bb2-Nc6-3.e3-d5,blitz,https://www.chess.com/game/live/146359496450,549,"[Event ""Live Chess""]
[Site ""Chess.com""]
[Date ""2025.12.05""]
[Round ""-""]
[White ""Zakuska1""]
[Black ""RhysLWells""]
[Result ""1-0""]
[CurrentPosition ""8/r7/1K4Rp/P7/6P1/4P2k/5P2/8 b - - 4 48""]
[Timezone ""UTC""]
[ECO ""A01""]
[ECOUrl ""https://www.chess.com/openings/Nimzowitsch-Larsen-Attack-Modern-Variation-2.Bb2-Nc6-3.e3-d5""]
[UTCDate ""2025.12.05""]
[UTCTime ""21:40:23""]
[WhiteElo ""785""]
[BlackElo ""748""]
[TimeControl ""300""]
[Termination ""Zakuska1 won on time""]
[StartTime ""21:40:23""]
[EndDate ""2025.12.05""]
[EndTime ""21:49:32""]
[Link ""https://www.chess.com/game/live/146359496450""]

1. b3 {[%clk 0:04:59.6]} 1... e5 {[%clk 0:04:57.4]} 2. Bb2 {[%clk 0:04:59.5]} 2... Nc6 {[%clk 0:04:54.9]} 3. e3 {[%clk 0:04:58.9]} 3... d5 {[%clk 0:04:53.8]} 4. Nf3 {[%clk 0:04:57.3]} 4... Bg4 {[%clk 0:04:49.8]} 5. h3 {[%clk 0:04:53.6]} 5... Bh5 {[%clk 0:04:48]} 6. g4 {[%clk 0:04:46.5]} 6... Bg6 {[%clk 0:04:45.2]} 7. c4 {[%clk 0:04:43.1]} 7... Be4 {[%clk 0:04:39.2]} 8. cxd5 {[%clk 0:04:31.1]} 8... Qxd5 {[%clk 0:04:27.2]} 9. Bc4 {[%clk 0:04:29.5]} 9... Qd6 {[%clk 0:04:15.4]} 10. Nc3 {[%clk 0:04:13.3]} 10... Bxf3 {[%clk 0:04:04.2]} 11. Qxf3 {[%clk 0:04:11.7]} 11... f6 {[%clk 0:04:01.9]} 12. O-O-O {[%clk 0:03:58.5]} 12... O-O-O {[%clk 0:03:59.8]} 13. Qf5+ {[%clk 0:03:53.5]} 13... Kb8 {[%clk 0:03:53]} 14. Nb5 {[%clk 0:03:45.7]} 14... Qd7 {[%clk 0:03:28.7]} 15. Qxd7 {[%clk 0:03:42.1]} 15... Rxd7 {[%clk 0:03:27.5]} 16. d4 {[%clk 0:03:38.6]} 16... a6 {[%clk 0:03:23.1]} 17. Nc3 {[%clk 0:03:22.6]} 17... Bb4 {[%clk 0:03:00.4]} 18. dxe5 {[%clk 0:03:16.5]} 18... Nxe5 {[%clk 0:02:56.7]} 19. Rxd7 {[%clk 0:03:10.4]} 19... Nxd7 {[%clk 0:02:51.6]} 20. Rd1 {[%clk 0:03:09.7]} 20... Nb6 {[%clk 0:02:23.4]} 21. Rd8+ {[%clk 0:03:05]} 21... Ka7 {[%clk 0:02:07.9]} 22. Nd5 {[%clk 0:03:03]} 22... Nxc4 {[%clk 0:01:45]} 23. Bd4+ {[%clk 0:02:55.7]} 23... b6 {[%clk 0:01:38.2]} 24. bxc4 {[%clk 0:02:49.3]} 24... Bc5 {[%clk 0:01:30.3]} 25. Nxc7 {[%clk 0:02:36]} 25... Kb7 {[%clk 0:01:20.3]} 26. Bxc5 {[%clk 0:02:15.1]} 26... Kxc7 {[%clk 0:01:03.8]} 27. Bxb6+ {[%clk 0:02:06.9]} 27... Kxb6 {[%clk 0:01:00.4]} 28. Kc2 {[%clk 0:02:03.3]} 28... Kc7 {[%clk 0:00:59.1]} 29. Rf8 {[%clk 0:02:00.7]} 29... Kd7 {[%clk 0:00:56.9]} 30. Kc3 {[%clk 0:01:59.1]} 30... Ke7 {[%clk 0:00:55.7]} 31. Ra8 {[%clk 0:01:57.8]} 31... Kf7 {[%clk 0:00:50]} 32. Kb4 {[%clk 0:01:53.3]} 32... h6 {[%clk 0:00:48.9]} 33. c5 {[%clk 0:01:50.7]} 33... Rh7 {[%clk 0:00:42.9]} 34. c6 {[%clk 0:01:49.4]} 34... Ne7 {[%clk 0:00:40.8]} 35. c7 {[%clk 0:01:47.3]} 35... Ke6 {[%clk 0:00:30.3]} 36. c8=Q+ {[%clk 0:01:40.3]} 36... Nxc8 {[%clk 0:00:28.3]} 37. Rxc8 {[%clk 0:01:40.2]} 37... g6 {[%clk 0:00:23.4]} 38. Rc6+ {[%clk 0:01:38.8]} 38... Kd5 {[%clk 0:00:19.3]} 39. Rxa6 {[%clk 0:01:38.6]} 39... Rb7+ {[%clk 0:00:17]} 40. Ka5 {[%clk 0:01:32.9]} 40... Ke4 {[%clk 0:00:15.6]} 41. Rb6 {[%clk 0:01:26.9]} 41... Re7 {[%clk 0:00:13.8]} 42. Kb5 {[%clk 0:01:20.1]} 42... Kf3 {[%clk 0:00:12.8]} 43. Rxf6+ {[%clk 0:01:16.2]} 43... Kg2 {[%clk 0:00:09.8]} 44. a4 {[%clk 0:01:14.4]} 44... Kxh3 {[%clk 0:00:07.4]} 45. Rxg6 {[%clk 0:01:13.3]} 45... Ra7 {[%clk 0:00:01.8]} 46. a5 {[%clk 0:01:11.7]} 46... Rb7+ {[%clk 0:00:01.1]} 47. Kc6 {[%clk 0:01:08.4]} 47... Ra7 {[%clk 0:00:00.2]} 48. Kb6 {[%clk 0:01:03.9]} 1-0
"
2025-12-05,1764970813,white,756,mizbah_22,700,1.0,Win,Pirc Defense Classical Variation,B08,https://www.chess.com/openings/Pirc-Defense-Classical-Variation,blitz,https://www.chess.com/game/live/146359322536,355,"[Event ""Live Chess""]
[Site ""Chess.com""]
[Date ""2025.12.05""]
[Round ""-""]
[White ""RhysLWells""]
[Black ""mizbah_22""]
[Result ""1-0""]
[CurrentPosition ""4Q3/1p6/8/p1kB4/8/2N5/PPP2PP1/2K5 b - - 0 33""]
[Timezone ""UTC""]
[ECO ""B08""]
[ECOUrl ""https://www.chess.com/openings/Pirc-Defense-Classical-Variation""]
[UTCDate ""2025.12.05""]
[UTCTime ""21:34:18""]
[WhiteElo ""756""]
[BlackElo ""700""]
[TimeControl ""300""]
[Termination ""RhysLWells won by resignation""]
[StartTime ""21:34:18""]
[EndDate ""2025.12.05""]
[EndTime ""21:40:13""]
[Link ""https://www.chess.com/game/live/146359322536""]

1. d4 {[%clk 0:04:59.8]} 1... d6 {[%clk 0:04:57.8]} 2. e4 {[%clk 0:04:59]} 2... g6 {[%clk 0:04:56.8]} 3. Nf3 {[%clk 0:04:58.4]} 3... Nf6 {[%clk 0:04:55.7]} 4. Nc3 {[%clk 0:04:55.9]} 4... Bg4 {[%clk 0:04:53.9]} 5. Be2 {[%clk 0:04:53.9]} 5... Bg7 {[%clk 0:04:52.1]} 6. h3 {[%clk 0:04:53.2]} 6... Bxf3 {[%clk 0:04:49.9]} 7. Bxf3 {[%clk 0:04:49.7]} 7... O-O {[%clk 0:04:46.6]} 8. Bg5 {[%clk 0:04:45.3]} 8... Nbd7 {[%clk 0:04:43]} 9. Qd2 {[%clk 0:04:43.6]} 9... h6 {[%clk 0:04:41.2]} 10. Bxh6 {[%clk 0:04:41]} 10... Bxh6 {[%clk 0:04:39]} 11. Qxh6 {[%clk 0:04:39.5]} 11... Nh7 {[%clk 0:04:35.9]} 12. Qe3 {[%clk 0:04:19.6]} 12... Re8 {[%clk 0:04:34.1]} 13. O-O-O {[%clk 0:04:17]} 13... Ndf8 {[%clk 0:04:32.5]} 14. h4 {[%clk 0:04:11.5]} 14... Qb8 {[%clk 0:04:28.8]} 15. h5 {[%clk 0:04:05.3]} 15... a5 {[%clk 0:04:06]} 16. hxg6 {[%clk 0:04:00.8]} 16... fxg6 {[%clk 0:04:03.4]} 17. Rh2 {[%clk 0:03:45.1]} 17... e6 {[%clk 0:04:01.7]} 18. d5 {[%clk 0:03:31.8]} 18... exd5 {[%clk 0:03:57.3]} 19. Rxd5 {[%clk 0:03:30.3]} 19... Re7 {[%clk 0:03:53.2]} 20. Be2 {[%clk 0:03:13.7]} 20... Rd7 {[%clk 0:03:40.1]} 21. Bc4 {[%clk 0:03:11.6]} 21... Ne6 {[%clk 0:03:11.1]} 22. Rg5 {[%clk 0:03:01.6]} 22... Kf7 {[%clk 0:02:59.2]} 23. Rxh7+ {[%clk 0:02:54.6]} 23... Ke8 {[%clk 0:02:55.3]} 24. Rxd7 {[%clk 0:02:33.2]} 24... Nxg5 {[%clk 0:02:50.9]} 25. Rg7 {[%clk 0:02:23.7]} 25... c6 {[%clk 0:02:42.4]} 26. Rg8+ {[%clk 0:02:20.4]} 26... Kd7 {[%clk 0:02:36.2]} 27. Rxb8 {[%clk 0:02:19.1]} 27... Rxb8 {[%clk 0:02:34.7]} 28. Qxg5 {[%clk 0:02:18.2]} 28... d5 {[%clk 0:02:31.7]} 29. exd5 {[%clk 0:02:15.4]} 29... cxd5 {[%clk 0:02:30.6]} 30. Bxd5 {[%clk 0:02:14.2]} 30... Re8 {[%clk 0:02:26.7]} 31. Qg4+ {[%clk 0:02:09.3]} 31... Kd6 {[%clk 0:02:20]} 32. Qxg6+ {[%clk 0:02:02.7]} 32... Kc5 {[%clk 0:02:16.7]} 33. Qxe8 {[%clk 0:02:01.3]} 1-0
"
2025-12-05,1764970451,black,749,Jhonmago,729,1.0,Win,Queens Pawn Opening Zukertort Variation 2...E6 3.E3,D02,https://www.chess.com/openings/Queens-Pawn-Opening-Zukertort-Variation-2...e6-3.e3,blitz,https://www.chess.com/game/live/146359136762,380,"[Event ""Live Chess""]
[Site ""Chess.com""]
[Date ""2025.12.05""]
[Round ""-""]
[White ""Jhonmago""]
[Black ""RhysLWells""]
[Result ""0-1""]
[CurrentPosition ""2k1r3/2prB1Q1/p3p1p1/p2pPb2/q7/2P5/PP3PPP/R5K1 w - - 3 25""]
[Timezone ""UTC""]
[ECO ""D02""]
[ECOUrl ""https://www.chess.com/openings/Queens-Pawn-Opening-Zukertort-Variation-2...e6-3.e3""]
[UTCDate ""2025.12.05""]
[UTCTime ""21:27:51""]
[WhiteElo ""729""]
[BlackElo ""749""]
[TimeControl ""300""]
[Termination ""RhysLWells won - game abandoned""]
[StartTime ""21:27:51""]
[EndDate ""2025.12.05""]
[EndTime ""21:34:11""]
[Link ""https://www.chess.com/game/live/146359136762""]

1. d4 {[%clk 0:04:58.8]} 1... e6 {[%clk 0:04:58.9]} 2. Nf3 {[%clk 0:04:58.7]} 2... d5 {[%clk 0:04:58.1]} 3. e3 {[%clk 0:04:58.6]} 3... Nc6 {[%clk 0:04:56.6]} 4. Bd3 {[%clk 0:04:58.5]} 4... g6 {[%clk 0:04:54.1]} 5. c3 {[%clk 0:04:58.4]} 5... Bd6 {[%clk 0:04:51.8]} 6. Nbd2 {[%clk 0:04:58.3]} 6... f6 {[%clk 0:04:49.6]} 7. O-O {[%clk 0:04:57.7]} 7... Nge7 {[%clk 0:04:48.2]} 8. Qe2 {[%clk 0:04:57.2]} 8... Bd7 {[%clk 0:04:45.3]} 9. e4 {[%clk 0:04:56.7]} 9... a6 {[%clk 0:04:40.4]} 10. e5 {[%clk 0:04:55.6]} 10... fxe5 {[%clk 0:04:36.7]} 11. dxe5 {[%clk 0:04:54.2]} 11... Bc5 {[%clk 0:04:25.1]} 12. Nb3 {[%clk 0:04:47]} 12... b6 {[%clk 0:04:15.1]} 13. Bg5 {[%clk 0:04:43.6]} 13... Na5 {[%clk 0:04:01.2]} 14. Bf6 {[%clk 0:04:35.7]} 14... Rf8 {[%clk 0:03:56.4]} 15. Nxa5 {[%clk 0:04:20.3]} 15... bxa5 {[%clk 0:03:53]} 16. Qd2 {[%clk 0:04:18.2]} 16... Bb5 {[%clk 0:03:45.2]} 17. Qh6 {[%clk 0:04:14.4]} 17... Bxd3 {[%clk 0:03:29.2]} 18. Rfd1 {[%clk 0:04:03.9]} 18... Bf5 {[%clk 0:03:04.1]} 19. Qxh7 {[%clk 0:03:49.2]} 19... Qd7 {[%clk 0:02:57.1]} 20. Nd4 {[%clk 0:03:21.8]} 20... Bxd4 {[%clk 0:02:48.9]} 21. Rxd4 {[%clk 0:03:21.7]} 21... O-O-O {[%clk 0:02:47]} 22. Ra4 {[%clk 0:03:20.2]} 22... Qxa4 {[%clk 0:02:32.1]} 23. Bxe7 {[%clk 0:03:19]} 23... Rd7 {[%clk 0:02:19.4]} 24. Qg7 {[%clk 0:03:14.9]} 24... Re8 {[%clk 0:02:09]} 0-1
"
2025-12-04,1764880986,black,741,Kjetil67,771,0.0,Loss,Queens Pawn Opening Zukertort Variation 2...E6,D02,https://www.chess.com/openings/Queens-Pawn-Opening-Zukertort-Variation-2...e6,blitz,https://www.chess.com/game/live/146317798966,594,"[Event ""Live Chess""]
[Site ""Chess.com""]
[Date ""2025.12.04""]
[Round ""-""]
[White ""Kjetil67""]
[Black ""RhysLWells""]
[Result ""1-0""]
[CurrentPosition ""8/1kR4p/3K2p1/pp3p2/8/PP2P2P/5P2/8 b - - 0 40""]
[Timezone ""UTC""]
[ECO ""D02""]
[ECOUrl ""https://www.chess.com/openings/Queens-Pawn-Opening-Zukertort-Variation-2...e6""]
[UTCDate ""2025.12.04""]
[UTCTime ""20:33:12""]
[WhiteElo ""771""]
[BlackElo ""741""]
[TimeControl ""300""]
[Termination ""Kjetil67 won on time""]
[StartTime ""20:33:12""]
[EndDate ""2025.12.04""]
[EndTime ""20:43:06""]
[Link ""https://www.chess.com/game/live/146317798966""]

1. d4 {[%clk 0:04:57.4]} 1... e6 {[%clk 0:04:58.3]} 2. Nf3 {[%clk 0:04:55.7]} 2... d5 {[%clk 0:04:57.6]} 3. a3 {[%clk 0:04:49.2]} 3... Nc6 {[%clk 0:04:56]} 4. c4 {[%clk 0:04:46.1]} 4... b6 {[%clk 0:04:50.2]} 5. e3 {[%clk 0:04:44.9]} 5... a5 {[%clk 0:04:46.4]} 6. cxd5 {[%clk 0:04:43.2]} 6... Qxd5 {[%clk 0:04:42.4]} 7. b3 {[%clk 0:04:40.1]} 7... Ba6 {[%clk 0:04:34.3]} 8. Bd3 {[%clk 0:04:29.3]} 8... Bxd3 {[%clk 0:04:32.5]} 9. Qxd3 {[%clk 0:04:27.4]} 9... Nf6 {[%clk 0:04:29.4]} 10. h3 {[%clk 0:04:24.1]} 10... Bd6 {[%clk 0:04:26.2]} 11. Nc3 {[%clk 0:04:20.9]} 11... Qh5 {[%clk 0:04:02.2]} 12. Nb5 {[%clk 0:04:06.5]} 12... O-O {[%clk 0:03:48.9]} 13. Nxd6 {[%clk 0:03:53.9]} 13... cxd6 {[%clk 0:03:47.6]} 14. O-O {[%clk 0:03:49.8]} 14... Rad8 {[%clk 0:03:38.4]} 15. Bb2 {[%clk 0:03:32.7]} 15... e5 {[%clk 0:03:36.7]} 16. d5 {[%clk 0:03:28.1]} 16... e4 {[%clk 0:03:29.3]} 17. Qc3 {[%clk 0:03:06.1]} 17... exf3 {[%clk 0:03:14.1]} 18. dxc6 {[%clk 0:03:00.2]} 18... fxg2 {[%clk 0:03:01.1]} 19. Kxg2 {[%clk 0:02:58.2]} 19... Qd5+ {[%clk 0:02:41.8]} 20. Kh2 {[%clk 0:02:34.3]} 20... Nh5 {[%clk 0:01:51.8]} 21. Rg1 {[%clk 0:02:19]} 21... f6 {[%clk 0:01:46.9]} 22. Rad1 {[%clk 0:02:04.7]} 22... Qe5+ {[%clk 0:01:39.5]} 23. Kh1 {[%clk 0:01:52.1]} 23... Qxc3 {[%clk 0:01:25]} 24. Bxc3 {[%clk 0:01:50.4]} 24... Rf7 {[%clk 0:01:21.9]} 25. Bd4 {[%clk 0:01:33.9]} 25... b5 {[%clk 0:01:17]} 26. Rc1 {[%clk 0:01:32.2]} 26... Rc7 {[%clk 0:01:09.5]} 27. Bb6 {[%clk 0:01:28.4]} 27... Rcc8 {[%clk 0:00:30.8]} 28. Bxd8 {[%clk 0:01:26.8]} 28... Rxd8 {[%clk 0:00:30]} 29. c7 {[%clk 0:01:18.9]} 29... Rc8 {[%clk 0:00:29.3]} 30. Rgd1 {[%clk 0:01:15.8]} 30... Kf7 {[%clk 0:00:21.2]} 31. Rxd6 {[%clk 0:01:13.8]} 31... Ke7 {[%clk 0:00:20.4]} 32. Rb6 {[%clk 0:00:58.7]} 32... g6 {[%clk 0:00:16.5]} 33. Rb8 {[%clk 0:00:55.6]} 33... Kd7 {[%clk 0:00:10.9]} 34. Rxc8 {[%clk 0:00:47.3]} 34... Kxc8 {[%clk 0:00:09.2]} 35. Kg2 {[%clk 0:00:42.7]} 35... f5 {[%clk 0:00:08.2]} 36. Kf3 {[%clk 0:00:38.6]} 36... Nf6 {[%clk 0:00:07.4]} 37. Kf4 {[%clk 0:00:36.1]} 37... Nd5+ {[%clk 0:00:06.1]} 38. Ke5 {[%clk 0:00:24.7]} 38... Nxc7 {[%clk 0:00:03.6]} 39. Kd6 {[%clk 0:00:19.6]} 39... Kb7 {[%clk 0:00:00.1]} 40. Rxc7+ {[%clk 0:00:18.9]} 1-0
"
2025-12-04,1764880369,white,749,Iprit0077,754,0.0,Loss,Queens Pawn Opening Chigorin Variation,D00,https://www.chess.com/openings/Queens-Pawn-Opening-Chigorin-Variation,blitz,https://www.chess.com/game/live/146317704984,152,"[Event ""Live Chess""]
[Site ""Chess.com""]
[Date ""2025.12.04""]
[Round ""-""]
[White ""RhysLWells""]
[Black ""Iprit0077""]
[Result ""0-1""]
[CurrentPosition ""rn2k2r/p1p3pp/2p5/8/2P3P1/3qP1bP/PP2R3/R1BK4 w kq - 0 20""]
[Timezone ""UTC""]
[ECO ""D00""]
[ECOUrl ""https://www.chess.com/openings/Queens-Pawn-Opening-Chigorin-Variation""]
[UTCDate ""2025.12.04""]
[UTCTime ""20:30:17""]
[WhiteElo ""749""]
[BlackElo ""754""]
[TimeControl ""300""]
[Termination ""Iprit0077 won by resignation""]
[StartTime ""20:30:17""]
[EndDate ""2025.12.04""]
[EndTime ""20:32:49""]
[Link ""https://www.chess.com/game/live/146317704984""]

1. d4 {[%clk 0:04:59.3]} 1... d5 {[%clk 0:04:58.5]} 2. Nc3 {[%clk 0:04:55.9]} 2... Be6 {[%clk 0:04:55.3]} 3. e3 {[%clk 0:04:55]} 3... Nf6 {[%clk 0:04:49.7]} 4. Nf3 {[%clk 0:04:54]} 4... Ne4 {[%clk 0:04:48]} 5. Nxe4 {[%clk 0:04:51.7]} 5... dxe4 {[%clk 0:04:46.9]} 6. Ng5 {[%clk 0:04:51.1]} 6... Bf5 {[%clk 0:04:40.6]} 7. h3 {[%clk 0:04:49.9]} 7... Bg6 {[%clk 0:04:39]} 8. g4 {[%clk 0:04:48.3]} 8... f6 {[%clk 0:04:37.5]} 9. Nxe4 {[%clk 0:04:41.3]} 9... Bxe4 {[%clk 0:04:35.9]} 10. Rh2 {[%clk 0:04:39.1]} 10... e6 {[%clk 0:04:26.8]} 11. f3 {[%clk 0:04:37.9]} 11... Bc6 {[%clk 0:04:20.2]} 12. c4 {[%clk 0:04:35.6]} 12... Bd6 {[%clk 0:04:17.8]} 13. f4 {[%clk 0:04:32.7]} 13... e5 {[%clk 0:04:15.9]} 14. fxe5 {[%clk 0:04:26.2]} 14... fxe5 {[%clk 0:04:14.7]} 15. Bg2 {[%clk 0:04:21.3]} 15... exd4 {[%clk 0:04:10.8]} 16. Bxc6+ {[%clk 0:04:19.3]} 16... bxc6 {[%clk 0:04:09.2]} 17. Re2 {[%clk 0:04:11.9]} 17... d3 {[%clk 0:03:57.6]} 18. Qxd3 {[%clk 0:03:59.8]} 18... Bg3+ {[%clk 0:03:55.7]} 19. Kd1 {[%clk 0:03:55.7]} 19... Qxd3+ {[%clk 0:03:53.2]} 0-1
"
2025-12-03,1764794258,black,757,simons1984,757,0.0,Loss,Nimzowitsch Defense 2.D4 E6 3.Nf3 D5 4.E5,B00,https://www.chess.com/openings/Nimzowitsch-Defense-2.d4-e6-3.Nf3-d5-4.e5,blitz,https://www.chess.com/game/live/146277280712,538,"[Event ""Live Chess""]
[Site ""Chess.com""]
[Date ""2025.12.03""]
[Round ""-""]
[White ""simons1984""]
[Black ""RhysLWells""]
[Result ""1-0""]
[CurrentPosition ""1k3r2/8/1Q6/3p4/2p4p/1p2p1pP/1P2R1P1/1R5K b - - 1 58""]
[Timezone ""UTC""]
[ECO ""B00""]
[ECOUrl ""https://www.chess.com/openings/Nimzowitsch-Defense-2.d4-e6-3.Nf3-d5-4.e5""]
[UTCDate ""2025.12.03""]
[UTCTime ""20:28:40""]
[WhiteElo ""757""]
[BlackElo ""757""]
[TimeControl ""300""]
[Termination ""simons1984 won on time""]
[StartTime ""20:28:40""]
[EndDate ""2025.12.03""]
[EndTime ""20:37:38""]
[Link ""https://www.chess.com/game/live/146277280712""]

1. e4 {[%clk 0:04:58.9]} 1... e6 {[%clk 0:04:57.2]} 2. Nf3 {[%clk 0:04:58.1]} 2... Nc6 {[%clk 0:04:55.5]} 3. d4 {[%clk 0:04:56.3]} 3... d5 {[%clk 0:04:53.8]} 4. e5 {[%clk 0:04:54.7]} 4... a6 {[%clk 0:04:50.1]} 5. Be3 {[%clk 0:04:48.1]} 5... f6 {[%clk 0:04:45.6]} 6. c3 {[%clk 0:04:44.3]} 6... Nge7 {[%clk 0:04:43.3]} 7. Bd3 {[%clk 0:04:40.9]} 7... Ng6 {[%clk 0:04:40.6]} 8. O-O {[%clk 0:04:38.4]} 8... f5 {[%clk 0:04:29.9]} 9. Qd2 {[%clk 0:04:34.1]} 9... Bd7 {[%clk 0:04:24.4]} 10. Bf4 {[%clk 0:04:31.7]} 10... Be7 {[%clk 0:04:18.4]} 11. Re1 {[%clk 0:04:29.9]} 11... h6 {[%clk 0:04:08.8]} 12. Be2 {[%clk 0:04:16.4]} 12... Nxf4 {[%clk 0:03:53.2]} 13. Qxf4 {[%clk 0:04:13.2]} 13... g5 {[%clk 0:03:51.9]} 14. Qd2 {[%clk 0:04:06.9]} 14... g4 {[%clk 0:03:43.8]} 15. Nh4 {[%clk 0:04:03.2]} 15... Bxh4 {[%clk 0:03:40.9]} 16. Qf4 {[%clk 0:03:59.1]} 16... Bg5 {[%clk 0:03:39.1]} 17. Qg3 {[%clk 0:03:54.9]} 17... Qe7 {[%clk 0:03:37.2]} 18. Rd1 {[%clk 0:03:47.2]} 18... O-O-O {[%clk 0:03:35.4]} 19. Nd2 {[%clk 0:03:45.6]} 19... h5 {[%clk 0:03:29.4]} 20. f3 {[%clk 0:03:43.3]} 20... Rdg8 {[%clk 0:03:22.3]} 21. f4 {[%clk 0:03:39.6]} 21... Bh4 {[%clk 0:03:18.3]} 22. Qe3 {[%clk 0:03:35.4]} 22... g3 {[%clk 0:03:14.2]} 23. h3 {[%clk 0:03:33.5]} 23... Nd8 {[%clk 0:03:01.3]} 24. Nf3 {[%clk 0:03:31.3]} 24... Nf7 {[%clk 0:02:52.7]} 25. Nxh4 {[%clk 0:03:28.4]} 25... Qxh4 {[%clk 0:02:50.8]} 26. Rd3 {[%clk 0:03:24.2]} 26... Bb5 {[%clk 0:02:42.6]} 27. Rd2 {[%clk 0:03:20.8]} 27... Bxe2 {[%clk 0:02:41]} 28. Rxe2 {[%clk 0:03:18.2]} 28... Kb8 {[%clk 0:02:33.2]} 29. Rd1 {[%clk 0:03:15.8]} 29... c6 {[%clk 0:02:29.8]} 30. Rd3 {[%clk 0:03:13.8]} 30... Qd8 {[%clk 0:02:19.4]} 31. Qd2 {[%clk 0:03:06.3]} 31... Qa5 {[%clk 0:02:12.7]} 32. a3 {[%clk 0:03:03.7]} 32... h4 {[%clk 0:02:05.9]} 33. Re1 {[%clk 0:02:53.6]} 33... c5 {[%clk 0:01:58]} 34. Rb1 {[%clk 0:02:51.5]} 34... c4 {[%clk 0:01:54.6]} 35. Re3 {[%clk 0:02:49.3]} 35... Rc8 {[%clk 0:01:43.9]} 36. Ree1 {[%clk 0:02:45.3]} 36... b5 {[%clk 0:01:40.1]} 37. Qc2 {[%clk 0:02:42.3]} 37... Nd8 {[%clk 0:01:31.6]} 38. Rec1 {[%clk 0:02:39.3]} 38... Nc6 {[%clk 0:01:28.5]} 39. Ra1 {[%clk 0:02:36.3]} 39... Qb6 {[%clk 0:01:20.5]} 40. Rd1 {[%clk 0:02:30.6]} 40... Rh7 {[%clk 0:01:15.1]} 41. Rab1 {[%clk 0:02:24.2]} 41... a5 {[%clk 0:01:13.8]} 42. Rdc1 {[%clk 0:02:20.2]} 42... Nxd4 {[%clk 0:01:10.4]} 43. cxd4 {[%clk 0:02:18]} 43... Qxd4+ {[%clk 0:01:09.6]} 44. Kh1 {[%clk 0:02:15.9]} 44... Qxf4 {[%clk 0:01:05.7]} 45. Qd1 {[%clk 0:02:09.5]} 45... Qxe5 {[%clk 0:01:01.7]} 46. Qe1 {[%clk 0:02:06.7]} 46... Qd6 {[%clk 0:00:56.2]} 47. Rd1 {[%clk 0:02:02.2]} 47... e5 {[%clk 0:00:53.8]} 48. Rd2 {[%clk 0:01:59.5]} 48... e4 {[%clk 0:00:48.8]} 49. Re2 {[%clk 0:01:56.5]} 49... Qa6 {[%clk 0:00:44.5]} 50. Qd2 {[%clk 0:01:53.4]} 50... Rd8 {[%clk 0:00:39.8]} 51. Qf4+ {[%clk 0:01:50]} 51... Qd6 {[%clk 0:00:35.4]} 52. Qxf5 {[%clk 0:01:44.9]} 52... Rf8 {[%clk 0:00:29.1]} 53. Qxh7 {[%clk 0:01:40.9]} 53... b4 {[%clk 0:00:21]} 54. axb4 {[%clk 0:01:38.3]} 54... axb4 {[%clk 0:00:19.6]} 55. Qh5 {[%clk 0:01:31.6]} 55... b3 {[%clk 0:00:16.6]} 56. Qg4 {[%clk 0:01:26.3]} 56... Qg6 {[%clk 0:00:13.8]} 57. Qxg6 {[%clk 0:01:22.8]} 57... e3 {[%clk 0:00:12.8]} 58. Qb6+ {[%clk 0:01:19.1]} 1-0
"
2025-12-02,1764708319,white,765,jojolele78,786,0.0,Loss,Three Knights Opening 3...Bc5,C46,https://www.chess.com/openings/Three-Knights-Opening-3...Bc5,blitz,https://www.chess.com/game/live/146237147320,586,"[Event ""Live Chess""]
[Site ""Chess.com""]
[Date ""2025.12.02""]
[Round ""-""]
[White ""RhysLWells""]
[Black ""jojolele78""]
[Result ""0-1""]
[CurrentPosition ""8/K5k1/8/6p1/5p2/8/1q6/q7 w - - 10 66""]
[Timezone ""UTC""]
[ECO ""C46""]
[ECOUrl ""https://www.chess.com/openings/Three-Knights-Opening-3...Bc5""]
[UTCDate ""2025.12.02""]
[UTCTime ""20:35:33""]
[WhiteElo ""765""]
[BlackElo ""786""]
[TimeControl ""300""]
[Termination ""jojolele78 won by checkmate""]
[StartTime ""20:35:33""]
[EndDate ""2025.12.02""]
[EndTime ""20:45:19""]
[Link ""https://www.chess.com/game/live/146237147320""]

1. e4 {[%clk 0:04:54.6]} 1... e5 {[%clk 0:04:59.2]} 2. Nf3 {[%clk 0:04:53]} 2... Nc6 {[%clk 0:04:58.4]} 3. Nc3 {[%clk 0:04:51.4]} 3... Bc5 {[%clk 0:04:55.2]} 4. a3 {[%clk 0:04:49.7]} 4... Nf6 {[%clk 0:04:52.6]} 5. Bb5 {[%clk 0:04:46.9]} 5... d6 {[%clk 0:04:49.1]} 6. b4 {[%clk 0:04:45]} 6... Bb6 {[%clk 0:04:47.7]} 7. d3 {[%clk 0:04:40.1]} 7... Bd7 {[%clk 0:04:41.2]} 8. Qe2 {[%clk 0:04:37.8]} 8... a6 {[%clk 0:04:39.8]} 9. Ba4 {[%clk 0:04:35.5]} 9... Nd4 {[%clk 0:04:31.4]} 10. Nxd4 {[%clk 0:04:32.8]} 10... Bxd4 {[%clk 0:04:30.5]} 11. Bxd7+ {[%clk 0:04:29.7]} 11... Qxd7 {[%clk 0:04:26.3]} 12. Bb2 {[%clk 0:04:26.5]} 12... Qc6 {[%clk 0:04:17.6]} 13. Nd1 {[%clk 0:04:21.2]} 13... Bxb2 {[%clk 0:04:11]} 14. Nxb2 {[%clk 0:04:18.9]} 14... Qc3+ {[%clk 0:04:09.9]} 15. Qd2 {[%clk 0:04:03.8]} 15... Qxb2 {[%clk 0:04:07.6]} 16. O-O {[%clk 0:04:02.8]} 16... Qd4 {[%clk 0:03:55.9]} 17. Qg5 {[%clk 0:03:58.7]} 17... O-O {[%clk 0:03:47.1]} 18. Kh1 {[%clk 0:03:45.6]} 18... Qc3 {[%clk 0:03:38.2]} 19. Qc1 {[%clk 0:03:38.5]} 19... Qc6 {[%clk 0:03:34]} 20. c4 {[%clk 0:03:36.3]} 20... Qd7 {[%clk 0:03:30.2]} 21. f3 {[%clk 0:03:29.2]} 21... Nh5 {[%clk 0:03:23]} 22. c5 {[%clk 0:03:16.6]} 22... Nf4 {[%clk 0:03:19.2]} 23. Rd1 {[%clk 0:03:00]} 23... Qe7 {[%clk 0:03:13.5]} 24. c6 {[%clk 0:02:50]} 24... b6 {[%clk 0:02:53]} 25. Ra2 {[%clk 0:02:41.8]} 25... Qg5 {[%clk 0:02:41]} 26. d4 {[%clk 0:02:37.4]} 26... exd4 {[%clk 0:01:58]} 27. Rxd4 {[%clk 0:02:22.2]} 27... h5 {[%clk 0:01:39.6]} 28. e5 {[%clk 0:02:10.6]} 28... Qxe5 {[%clk 0:01:29.4]} 29. Rxf4 {[%clk 0:01:58.1]} 29... Rfe8 {[%clk 0:01:23.6]} 30. Re4 {[%clk 0:01:55.8]} 30... Qd5 {[%clk 0:01:11.2]} 31. Rxe8+ {[%clk 0:01:52.5]} 31... Rxe8 {[%clk 0:01:05.9]} 32. Rd2 {[%clk 0:01:50.2]} 32... Qe5 {[%clk 0:00:57.2]} 33. h3 {[%clk 0:01:43.1]} 33... g5 {[%clk 0:00:46.5]} 34. Qd1 {[%clk 0:01:29.7]} 34... f5 {[%clk 0:00:40.3]} 35. Re2 {[%clk 0:01:27.5]} 35... Qxe2 {[%clk 0:00:31.1]} 36. Qb3+ {[%clk 0:01:20]} 36... Kg7 {[%clk 0:00:26.3]} 37. Qc3+ {[%clk 0:01:17.9]} 37... Qe5 {[%clk 0:00:18.8]} 38. Qxe5+ {[%clk 0:01:09.7]} 38... Rxe5 {[%clk 0:00:17.7]} 39. Kh2 {[%clk 0:01:04.6]} 39... Re3 {[%clk 0:00:17]} 40. a4 {[%clk 0:01:02.3]} 40... Rb3 {[%clk 0:00:16.5]} 41. b5 {[%clk 0:01:00.9]} 41... axb5 {[%clk 0:00:15.6]} 42. axb5 {[%clk 0:00:58.7]} 42... Rxb5 {[%clk 0:00:15]} 43. Kg1 {[%clk 0:00:54.8]} 43... Rc5 {[%clk 0:00:14.9]} 44. Kf2 {[%clk 0:00:53.7]} 44... Rxc6 {[%clk 0:00:14.5]} 45. Ke3 {[%clk 0:00:52.8]} 45... b5 {[%clk 0:00:14.4]} 46. Kd4 {[%clk 0:00:50.3]} 46... b4 {[%clk 0:00:14.3]} 47. Kd5 {[%clk 0:00:49.8]} 47... b3 {[%clk 0:00:14.2]} 48. Kxc6 {[%clk 0:00:48.7]} 48... b2 {[%clk 0:00:13]} 49. Kxc7 {[%clk 0:00:47.8]} 49... b1=Q {[%clk 0:00:12.3]} 50. Kxd6 {[%clk 0:00:47.3]} 50... Qe1 {[%clk 0:00:11.2]} 51. Kd5 {[%clk 0:00:45.6]} 51... Qf2 {[%clk 0:00:09.7]} 52. Kc4 {[%clk 0:00:44.3]} 52... Qxg2 {[%clk 0:00:09]} 53. Kd5 {[%clk 0:00:43.2]} 53... Qxf3+ {[%clk 0:00:08.9]} 54. Kc4 {[%clk 0:00:42.1]} 54... Qxh3 {[%clk 0:00:08.7]} 55. Kd5 {[%clk 0:00:41.2]} 55... Qe3 {[%clk 0:00:08.6]} 56. Kc4 {[%clk 0:00:39.9]} 56... f4 {[%clk 0:00:08.5]} 57. Kd5 {[%clk 0:00:37.7]} 57... h4 {[%clk 0:00:08.3]} 58. Kc4 {[%clk 0:00:36.9]} 58... h3 {[%clk 0:00:08.1]} 59. Kd5 {[%clk 0:00:36.4]} 59... h2 {[%clk 0:00:08]} 60. Kc4 {[%clk 0:00:35.6]} 60... h1=Q {[%clk 0:00:07.6]} 61. Kb4 {[%clk 0:00:34.1]} 61... Qd1 {[%clk 0:00:07.3]} 62. Kc4 {[%clk 0:00:33.3]} 62... Qec1+ {[%clk 0:00:06.6]} 63. Kb5 {[%clk 0:00:31]} 63... Qdd2 {[%clk 0:00:05.7]} 64. Kb6 {[%clk 0:00:30.2]} 64... Qdb2+ {[%clk 0:00:04.8]} 65. Ka7 {[%clk 0:00:26.4]} 65... Qca1# {[%clk 0:00:04.7]} 0-1
"
2025-11-28,1764366735,white,773,DracoRuber,789,0.0,Loss,Scandinavian Defense 2.E5,B01,https://www.chess.com/openings/Scandinavian-Defense-2.e5,blitz,https://www.chess.com/game/live/146080252804,347,"[Event ""Live Chess""]
[Site ""Chess.com""]
[Date ""2025.11.28""]
[Round ""-""]
[White ""RhysLWells""]
[Black ""DracoRuber""]
[Result ""0-1""]
[CurrentPosition ""r4rk1/1p4pp/p2b4/2p5/2R5/1P1p2Pb/PB1P1PqP/3QR1K1 w - - 3 22""]
[Timezone ""UTC""]
[ECO ""B01""]
[ECOUrl ""https://www.chess.com/openings/Scandinavian-Defense-2.e5""]
[UTCDate ""2025.11.28""]
[UTCTime ""21:46:28""]
[WhiteElo ""773""]
[BlackElo ""789""]
[TimeControl ""300""]
[Termination ""DracoRuber won by checkmate""]
[StartTime ""21:46:28""]
[EndDate ""2025.11.28""]
[EndTime ""21:52:15""]
[Link ""https://www.chess.com/game/live/146080252804""]

1. e4 {[%clk 0:04:56.6]} 1... d5 {[%clk 0:04:57.7]} 2. e5 {[%clk 0:04:55.2]} 2... d4 {[%clk 0:04:50.9]} 3. Nf3 {[%clk 0:04:52.9]} 3... c5 {[%clk 0:04:48.3]} 4. c3 {[%clk 0:04:49.5]} 4... Nc6 {[%clk 0:04:42.5]} 5. Bb5 {[%clk 0:04:41.4]} 5... Bd7 {[%clk 0:04:35.3]} 6. b3 {[%clk 0:04:39.5]} 6... a6 {[%clk 0:04:32.3]} 7. Bxc6 {[%clk 0:04:36.7]} 7... Bxc6 {[%clk 0:04:30.3]} 8. Bb2 {[%clk 0:04:32.7]} 8... d3 {[%clk 0:04:14.9]} 9. O-O {[%clk 0:04:29.9]} 9... f6 {[%clk 0:04:07.2]} 10. c4 {[%clk 0:04:24.1]} 10... fxe5 {[%clk 0:03:58.5]} 11. Nxe5 {[%clk 0:04:16.5]} 11... Be4 {[%clk 0:03:51.9]} 12. Re1 {[%clk 0:04:11.2]} 12... Bf5 {[%clk 0:03:50.9]} 13. Nc3 {[%clk 0:04:00.8]} 13... Nf6 {[%clk 0:03:48]} 14. Nd5 {[%clk 0:03:48.7]} 14... Nxd5 {[%clk 0:03:45.5]} 15. cxd5 {[%clk 0:03:34.2]} 15... Qxd5 {[%clk 0:03:43.2]} 16. Rc1 {[%clk 0:02:59.7]} 16... e6 {[%clk 0:03:34.3]} 17. Nf3 {[%clk 0:02:23.1]} 17... Bd6 {[%clk 0:03:19.3]} 18. Ng5 {[%clk 0:02:10.9]} 18... O-O {[%clk 0:03:13.3]} 19. Nxe6 {[%clk 0:01:55.2]} 19... Bxe6 {[%clk 0:03:09.8]} 20. g3 {[%clk 0:01:33.8]} 20... Bh3 {[%clk 0:03:06.7]} 21. Rc4 {[%clk 0:01:19.7]} 21... Qg2# {[%clk 0:03:00.9]} 0-1
"
2025-11-28,1764364788,black,781,prematurato_antani,787,0.0,Loss,Pirc Defense Modern Defense Geller System 2...G6,B07,https://www.chess.com/openings/Pirc-Defense-Modern-Defense-Geller-System-2...g6,blitz,https://www.chess.com/game/live/146079261024,528,"[Event ""Live Chess""]
[Site ""Chess.com""]
[Date ""2025.11.28""]
[Round ""-""]
[White ""prematurato_antani""]
[Black ""RhysLWells""]
[Result ""1-0""]
[CurrentPosition ""k7/Q7/1P1P4/4q1p1/7p/6PP/5P1K/8 b - - 3 44""]
[Timezone ""UTC""]
[ECO ""B07""]
[ECOUrl ""https://www.chess.com/openings/Pirc-Defense-Modern-Defense-Geller-System-2...g6""]
[UTCDate ""2025.11.28""]
[UTCTime ""21:11:00""]
[WhiteElo ""787""]
[BlackElo ""781""]
[TimeControl ""300""]
[Termination ""prematurato_antani won by checkmate""]
[StartTime ""21:11:00""]
[EndDate ""2025.11.28""]
[EndTime ""21:19:48""]
[Link ""https://www.chess.com/game/live/146079261024""]

1. e4 {[%clk 0:04:59.8]} 1... g6 {[%clk 0:04:53.6]} 2. Nf3 {[%clk 0:04:58.8]} 2... d6 {[%clk 0:04:50]} 3. Bc4 {[%clk 0:04:55]} 3... Bg7 {[%clk 0:04:43.5]} 4. Ng5 {[%clk 0:04:53.4]} 4... e6 {[%clk 0:04:26.8]} 5. Qf3 {[%clk 0:04:49.5]} 5... f6 {[%clk 0:04:19.7]} 6. Nxe6 {[%clk 0:04:42.2]} 6... Bxe6 {[%clk 0:04:15.4]} 7. Bxe6 {[%clk 0:04:39.5]} 7... Qe7 {[%clk 0:04:10.7]} 8. Bxg8 {[%clk 0:04:36.2]} 8... Rxg8 {[%clk 0:04:08.8]} 9. d3 {[%clk 0:04:33.9]} 9... Nd7 {[%clk 0:04:06.7]} 10. O-O {[%clk 0:04:20.5]} 10... O-O-O {[%clk 0:04:02.6]} 11. Nc3 {[%clk 0:04:19.5]} 11... a6 {[%clk 0:03:57.1]} 12. Nd5 {[%clk 0:04:18.5]} 12... Qe6 {[%clk 0:03:47.2]} 13. Be3 {[%clk 0:04:05]} 13... Ne5 {[%clk 0:03:38.4]} 14. Qg3 {[%clk 0:03:55.1]} 14... Ng4 {[%clk 0:03:18.1]} 15. h3 {[%clk 0:03:33]} 15... Nxe3 {[%clk 0:03:16.1]} 16. Qxe3 {[%clk 0:03:29.4]} 16... b6 {[%clk 0:03:09.8]} 17. Nxb6+ {[%clk 0:03:23.5]} 17... cxb6 {[%clk 0:02:54]} 18. Qxb6 {[%clk 0:03:21.3]} 18... Qd7 {[%clk 0:02:50.6]} 19. Qxa6+ {[%clk 0:03:17.9]} 19... Qb7 {[%clk 0:02:49.1]} 20. Qc4+ {[%clk 0:03:14.5]} 20... Kb8 {[%clk 0:02:43.7]} 21. b3 {[%clk 0:03:04.6]} 21... f5 {[%clk 0:02:41.9]} 22. a4 {[%clk 0:03:01.5]} 22... Bxa1 {[%clk 0:02:39.7]} 23. Rxa1 {[%clk 0:02:57.5]} 23... Rc8 {[%clk 0:02:37.7]} 24. Qe6 {[%clk 0:02:48.1]} 24... Rgd8 {[%clk 0:02:32.2]} 25. a5 {[%clk 0:02:34.2]} 25... fxe4 {[%clk 0:02:26.3]} 26. a6 {[%clk 0:02:29.5]} 26... Qa7 {[%clk 0:02:22.3]} 27. b4 {[%clk 0:02:20.1]} 27... exd3 {[%clk 0:02:19.9]} 28. cxd3 {[%clk 0:02:17.6]} 28... Rd7 {[%clk 0:02:14.1]} 29. b5 {[%clk 0:02:12.1]} 29... Qb6 {[%clk 0:01:48.9]} 30. Qxd7 {[%clk 0:02:06.6]} 30... Rc7 {[%clk 0:01:35.1]} 31. a7+ {[%clk 0:01:45.9]} 31... Rxa7 {[%clk 0:01:31.6]} 32. Rxa7 {[%clk 0:01:41.9]} 32... Qxa7 {[%clk 0:01:27.3]} 33. Qxd6+ {[%clk 0:01:37.3]} 33... Ka8 {[%clk 0:01:24]} 34. b6 {[%clk 0:01:33.1]} 34... Qa1+ {[%clk 0:01:14.7]} 35. Kh2 {[%clk 0:01:30.2]} 35... Qg7 {[%clk 0:01:05]} 36. Qc6+ {[%clk 0:01:26.8]} 36... Kb8 {[%clk 0:01:01.2]} 37. Qd6+ {[%clk 0:01:11.8]} 37... Kb7 {[%clk 0:00:57.1]} 38. d4 {[%clk 0:01:07]} 38... h5 {[%clk 0:00:50.2]} 39. d5 {[%clk 0:01:04.4]} 39... g5 {[%clk 0:00:47.1]} 40. Qc6+ {[%clk 0:01:03.1]} 40... Kb8 {[%clk 0:00:43.2]} 41. d6 {[%clk 0:01:00.5]} 41... Qe5+ {[%clk 0:00:40.9]} 42. g3 {[%clk 0:00:55.6]} 42... h4 {[%clk 0:00:35.4]} 43. Qc7+ {[%clk 0:00:52]} 43... Ka8 {[%clk 0:00:32.7]} 44. Qa7# {[%clk 0:00:50.5]} 1-0
"
2025-11-28,1764344912,white,789,PelayoAlejandro,750,1.0,Win,Center Game,C21,https://www.chess.com/openings/Center-Game,blitz,https://www.chess.com/game/live/146068358174,153,"[Event ""Live Chess""]
[Site ""Chess.com""]
[Date ""2025.11.28""]
[Round ""-""]
[White ""RhysLWells""]
[Black ""PelayoAlejandro""]
[Result ""1-0""]
[CurrentPosition ""7r/p2nnpkp/1ppB2p1/8/1P6/3B1N2/P4PPP/4R1K1 w - - 3 22""]
[Timezone ""UTC""]
[ECO ""C21""]
[ECOUrl ""https://www.chess.com/openings/Center-Game""]
[UTCDate ""2025.11.28""]
[UTCTime ""15:45:59""]
[WhiteElo ""789""]
[BlackElo ""750""]
[TimeControl ""300""]
[Termination ""RhysLWells won by resignation""]
[StartTime ""15:45:59""]
[EndDate ""2025.11.28""]
[EndTime ""15:48:32""]
[Link ""https://www.chess.com/game/live/146068358174""]

1. e4 {[%clk 0:04:59.7]} 1... e5 {[%clk 0:04:59]} 2. d4 {[%clk 0:04:58.6]} 2... d5 {[%clk 0:04:56]} 3. dxe5 {[%clk 0:04:55.5]} 3... dxe4 {[%clk 0:04:50.7]} 4. Qxd8+ {[%clk 0:04:53.7]} 4... Kxd8 {[%clk 0:04:48.8]} 5. Be3 {[%clk 0:04:53.1]} 5... Nc6 {[%clk 0:04:47.4]} 6. Nd2 {[%clk 0:04:51.5]} 6... Nxe5 {[%clk 0:04:46.2]} 7. Rd1 {[%clk 0:04:45.8]} 7... Bd7 {[%clk 0:04:43.4]} 8. Nxe4 {[%clk 0:04:44.4]} 8... c6 {[%clk 0:04:40.9]} 9. Nc5 {[%clk 0:04:43.1]} 9... Kc7 {[%clk 0:04:34.6]} 10. Nxd7 {[%clk 0:04:35.5]} 10... Nxd7 {[%clk 0:04:33.2]} 11. Bd3 {[%clk 0:04:28.9]} 11... Bb4+ {[%clk 0:04:29.7]} 12. c3 {[%clk 0:04:26.9]} 12... Ba5 {[%clk 0:04:28]} 13. Nf3 {[%clk 0:04:23.5]} 13... Re8 {[%clk 0:04:23.6]} 14. O-O {[%clk 0:04:20.8]} 14... b6 {[%clk 0:04:22.5]} 15. Rfe1 {[%clk 0:04:11.7]} 15... g6 {[%clk 0:04:21]} 16. Bf4+ {[%clk 0:04:10.4]} 16... Kd8 {[%clk 0:04:15.8]} 17. Rxe8+ {[%clk 0:04:07.4]} 17... Kxe8 {[%clk 0:04:14.7]} 18. Re1+ {[%clk 0:04:06.1]} 18... Ne7 {[%clk 0:04:08.5]} 19. b4 {[%clk 0:04:05.2]} 19... Bxb4 {[%clk 0:03:59]} 20. cxb4 {[%clk 0:04:04.2]} 20... Kf8 {[%clk 0:03:56.2]} 21. Bd6 {[%clk 0:03:59.8]} 21... Kg7 {[%clk 0:03:42]} 1-0
"
2025-11-28,1764344748,white,781,Fannijuneeee,810,0.0,Loss,Queens Pawn Opening Zukertort Chigorin Variation,D02,https://www.chess.com/openings/Queens-Pawn-Opening-Zukertort-Chigorin-Variation,blitz,https://www.chess.com/game/live/146068007094,558,"[Event ""Live Chess""]
[Site ""Chess.com""]
[Date ""2025.11.28""]
[Round ""-""]
[White ""RhysLWells""]
[Black ""Fannijuneeee""]
[Result ""0-1""]
[CurrentPosition ""8/2RK2r1/8/kp6/1r6/3p4/8/8 w - - 2 52""]
[Timezone ""UTC""]
[ECO ""D02""]
[ECOUrl ""https://www.chess.com/openings/Queens-Pawn-Opening-Zukertort-Chigorin-Variation""]
[UTCDate ""2025.11.28""]
[UTCTime ""15:36:30""]
[WhiteElo ""781""]
[BlackElo ""810""]
[TimeControl ""300""]
[Termination ""Fannijuneeee won on time""]
[StartTime ""15:36:30""]
[EndDate ""2025.11.28""]
[EndTime ""15:45:48""]
[Link ""https://www.chess.com/game/live/146068007094""]

1. d4 {[%clk 0:04:59.5]} 1... d5 {[%clk 0:04:58.2]} 2. Nf3 {[%clk 0:04:57.8]} 2... Nc6 {[%clk 0:04:56.5]} 3. c3 {[%clk 0:04:54.6]} 3... Nf6 {[%clk 0:04:53]} 4. Nbd2 {[%clk 0:04:52.4]} 4... Bf5 {[%clk 0:04:50]} 5. h3 {[%clk 0:04:46.1]} 5... Qd7 {[%clk 0:04:39.1]} 6. g4 {[%clk 0:04:37.9]} 6... Bg6 {[%clk 0:04:29.5]} 7. Bg2 {[%clk 0:04:27.8]} 7... e6 {[%clk 0:04:23.5]} 8. Nb3 {[%clk 0:04:21.9]} 8... O-O-O {[%clk 0:04:20]} 9. Bg5 {[%clk 0:04:13.8]} 9... Be7 {[%clk 0:04:11.9]} 10. Bxf6 {[%clk 0:04:10.1]} 10... Bxf6 {[%clk 0:04:08.5]} 11. Nc5 {[%clk 0:04:08.5]} 11... Qe7 {[%clk 0:03:57.7]} 12. Qb3 {[%clk 0:03:56.1]} 12... b6 {[%clk 0:03:49.9]} 13. g5 {[%clk 0:03:42.7]} 13... Bxg5 {[%clk 0:03:39.6]} 14. Nxg5 {[%clk 0:03:30]} 14... Qxg5 {[%clk 0:03:36.8]} 15. Nxe6 {[%clk 0:03:29.4]} 15... fxe6 {[%clk 0:03:34.7]} 16. O-O {[%clk 0:03:19.6]} 16... Be4 {[%clk 0:03:31.6]} 17. f3 {[%clk 0:03:17]} 17... Bf5 {[%clk 0:03:16.6]} 18. Rf2 {[%clk 0:02:49.6]} 18... Bxh3 {[%clk 0:03:10.7]} 19. Qb5 {[%clk 0:02:46.1]} 19... Na5 {[%clk 0:03:03.5]} 20. Qa6+ {[%clk 0:02:25.6]} 20... Kb8 {[%clk 0:03:01.4]} 21. Re1 {[%clk 0:02:15.6]} 21... Bxg2 {[%clk 0:02:49.5]} 22. Rxg2 {[%clk 0:02:04.8]} 22... Qd2 {[%clk 0:02:46.9]} 23. Rf1 {[%clk 0:01:53.8]} 23... g6 {[%clk 0:02:42.7]} 24. Qb5 {[%clk 0:01:48.5]} 24... Nc4 {[%clk 0:02:36.9]} 25. b3 {[%clk 0:01:41.6]} 25... Ne3 {[%clk 0:02:35.1]} 26. Qd3 {[%clk 0:01:22]} 26... Qxd3 {[%clk 0:02:27.6]} 27. exd3 {[%clk 0:01:20.9]} 27... Nxg2 {[%clk 0:02:22.4]} 28. Kxg2 {[%clk 0:01:20]} 28... h5 {[%clk 0:02:19.4]} 29. Re1 {[%clk 0:01:18.8]} 29... Rde8 {[%clk 0:02:17.4]} 30. c4 {[%clk 0:01:16.7]} 30... c6 {[%clk 0:02:11.9]} 31. c5 {[%clk 0:01:13.2]} 31... h4 {[%clk 0:02:07.3]} 32. cxb6 {[%clk 0:01:11.7]} 32... axb6 {[%clk 0:02:06.6]} 33. a4 {[%clk 0:01:06.8]} 33... h3+ {[%clk 0:02:04.7]} 34. Kh2 {[%clk 0:01:05.5]} 34... Kb7 {[%clk 0:01:58]} 35. Rg1 {[%clk 0:01:03.4]} 35... Reg8 {[%clk 0:01:55.3]} 36. b4 {[%clk 0:01:00.8]} 36... b5 {[%clk 0:01:52.6]} 37. a5 {[%clk 0:00:48.8]} 37... Ka6 {[%clk 0:01:45.4]} 38. Rc1 {[%clk 0:00:46.1]} 38... Rc8 {[%clk 0:01:40.1]} 39. f4 {[%clk 0:00:42.3]} 39... Rhf8 {[%clk 0:01:37.1]} 40. Kxh3 {[%clk 0:00:38.3]} 40... Rxf4 {[%clk 0:01:36]} 41. Kg3 {[%clk 0:00:35.5]} 41... Rxd4 {[%clk 0:01:33.8]} 42. Re1 {[%clk 0:00:27.7]} 42... Rxd3+ {[%clk 0:01:26.9]} 43. Kg4 {[%clk 0:00:27]} 43... Re8 {[%clk 0:01:24.6]} 44. Kg5 {[%clk 0:00:23.3]} 44... Rb3 {[%clk 0:01:23.1]} 45. Kxg6 {[%clk 0:00:22]} 45... Rxb4 {[%clk 0:01:19.8]} 46. Kf7 {[%clk 0:00:21.3]} 46... Rc8 {[%clk 0:01:12.2]} 47. Rxe6 {[%clk 0:00:19.8]} 47... Kxa5 {[%clk 0:01:11]} 48. Ke7 {[%clk 0:00:14]} 48... d4 {[%clk 0:01:08.3]} 49. Kd7 {[%clk 0:00:12.8]} 49... Rg8 {[%clk 0:01:04.3]} 50. Rxc6 {[%clk 0:00:09]} 50... d3 {[%clk 0:01:03.2]} 51. Rc7 {[%clk 0:00:03.3]} 51... Rg7+ {[%clk 0:01:01.7]} 0-1
"
2025-11-27,1764280629,black,789,zafir2117,785,0.0,Loss,Queens Pawn Opening Accelerated London System 2...E6 3.E3,D00,https://www.chess.com/openings/Queens-Pawn-Opening-Accelerated-London-System-2...e6-3.e3,blitz,https://www.chess.com/game/live/146040852324,524,"[Event ""Live Chess""]
[Site ""Chess.com""]
[Date ""2025.11.27""]
[Round ""-""]
[White ""zafir2117""]
[Black ""RhysLWells""]
[Result ""1-0""]
[CurrentPosition ""3k4/8/p1p1q3/1p2NP2/3P4/4P3/7P/3R1RK1 b - - 0 37""]
[Timezone ""UTC""]
[ECO ""D00""]
[ECOUrl ""https://www.chess.com/openings/Queens-Pawn-Opening-Accelerated-London-System-2...e6-3.e3""]
[UTCDate ""2025.11.27""]
[UTCTime ""21:48:25""]
[WhiteElo ""785""]
[BlackElo ""789""]
[TimeControl ""300""]
[Termination ""zafir2117 won on time""]
[StartTime ""21:48:25""]
[EndDate ""2025.11.27""]
[EndTime ""21:57:09""]
[Link ""https://www.chess.com/game/live/146040852324""]

1. d4 {[%clk 0:04:56.7]} 1... e6 {[%clk 0:04:58.2]} 2. Bf4 {[%clk 0:04:56]} 2... d5 {[%clk 0:04:56.9]} 3. e3 {[%clk 0:04:54.5]} 3... a6 {[%clk 0:04:55]} 4. Nf3 {[%clk 0:04:53.1]} 4... Ne7 {[%clk 0:04:52]} 5. Bd3 {[%clk 0:04:51.3]} 5... f5 {[%clk 0:04:47]} 6. Ne5 {[%clk 0:04:42.4]} 6... Nbc6 {[%clk 0:04:44.1]} 7. g4 {[%clk 0:04:40]} 7... Nxe5 {[%clk 0:04:42.5]} 8. Bxe5 {[%clk 0:04:37.8]} 8... Ng6 {[%clk 0:04:40.2]} 9. gxf5 {[%clk 0:04:34.6]} 9... exf5 {[%clk 0:04:38.5]} 10. Qh5 {[%clk 0:04:25.8]} 10... Be6 {[%clk 0:04:00.7]} 11. Bxf5 {[%clk 0:04:22.8]} 11... Bxf5 {[%clk 0:03:48.2]} 12. Qxf5 {[%clk 0:04:20.9]} 12... Nxe5 {[%clk 0:03:35.7]} 13. Qxe5+ {[%clk 0:04:13.7]} 13... Qe7 {[%clk 0:03:33.4]} 14. Qxd5 {[%clk 0:04:08]} 14... c6 {[%clk 0:03:19.2]} 15. Qh5+ {[%clk 0:04:02.4]} 15... g6 {[%clk 0:03:14]} 16. Qc5 {[%clk 0:03:52.2]} 16... Qf7 {[%clk 0:02:46.1]} 17. Qe5+ {[%clk 0:03:36.3]} 17... Be7 {[%clk 0:02:42.5]} 18. Qxh8+ {[%clk 0:03:32.9]} 18... Bf8 {[%clk 0:02:40.3]} 19. Qe5+ {[%clk 0:03:29.7]} 19... Be7 {[%clk 0:02:38.3]} 20. Nc3 {[%clk 0:03:27.3]} 20... Kd7 {[%clk 0:02:16.9]} 21. Ne4 {[%clk 0:03:20.2]} 21... Rf8 {[%clk 0:02:14]} 22. Rf1 {[%clk 0:03:03.1]} 22... g5 {[%clk 0:01:56.4]} 23. O-O-O {[%clk 0:03:00.2]} 23... Qxa2 {[%clk 0:01:50.3]} 24. f4 {[%clk 0:02:44.9]} 24... Qa1+ {[%clk 0:01:44.1]} 25. Kd2 {[%clk 0:02:41.4]} 25... Bb4+ {[%clk 0:01:41.4]} 26. Ke2 {[%clk 0:02:32.1]} 26... Qxb2 {[%clk 0:01:29.9]} 27. Qg7+ {[%clk 0:02:25]} 27... Be7 {[%clk 0:01:19.3]} 28. Nxg5 {[%clk 0:02:13.1]} 28... Qxc2+ {[%clk 0:01:13.6]} 29. Ke1 {[%clk 0:02:10.4]} 29... Qc3+ {[%clk 0:00:59.8]} 30. Kf2 {[%clk 0:02:05.1]} 30... Qc2+ {[%clk 0:00:53.1]} 31. Kg1 {[%clk 0:02:01.7]} 31... b5 {[%clk 0:00:33.4]} 32. Nxh7 {[%clk 0:01:57.9]} 32... Qe4 {[%clk 0:00:11.7]} 33. Nxf8+ {[%clk 0:01:53]} 33... Kd8 {[%clk 0:00:05.1]} 34. Qxe7+ {[%clk 0:01:41.7]} 34... Qxe7 {[%clk 0:00:03.1]} 35. Ng6 {[%clk 0:01:40]} 35... Qf7 {[%clk 0:00:01.8]} 36. Ne5 {[%clk 0:01:38.4]} 36... Qe6 {[%clk 0:00:00.6]} 37. f5 {[%clk 0:01:33.6]} 1-0
"
2025-11-27,1764278264,black,797,Cupra_Saki,796,1.0,Win,French Defense Normal Variation 2...D5,C00,https://www.chess.com/openings/French-Defense-Normal-Variation-2...d5,blitz,https://www.chess.com/game/live/146039753918,475,"[Event ""Live Chess""]
[Site ""Chess.com""]
[Date ""2025.11.27""]
[Round ""-""]
[White ""Cupra_Saki""]
[Black ""RhysLWells""]
[Result ""0-1""]
[CurrentPosition ""1r4k1/2p2ppp/2P5/1r6/Qb3PP1/8/3q3P/3K4 w - - 0 31""]
[Timezone ""UTC""]
[ECO ""C00""]
[ECOUrl ""https://www.chess.com/openings/French-Defense-Normal-Variation-2...d5""]
[UTCDate ""2025.11.27""]
[UTCTime ""21:09:49""]
[WhiteElo ""796""]
[BlackElo ""797""]
[TimeControl ""300""]
[Termination ""RhysLWells won by checkmate""]
[StartTime ""21:09:49""]
[EndDate ""2025.11.27""]
[EndTime ""21:17:44""]
[Link ""https://www.chess.com/game/live/146039753918""]

1. e4 {[%clk 0:04:59.4]} 1... e6 {[%clk 0:04:59]} 2. d4 {[%clk 0:04:58.2]} 2... d5 {[%clk 0:04:55.9]} 3. c4 {[%clk 0:04:56.9]} 3... dxc4 {[%clk 0:04:52.2]} 4. Bxc4 {[%clk 0:04:55.8]} 4... Bd7 {[%clk 0:04:49]} 5. Nc3 {[%clk 0:04:53.8]} 5... a6 {[%clk 0:04:44.7]} 6. Nf3 {[%clk 0:04:52.8]} 6... b5 {[%clk 0:04:43.3]} 7. Be2 {[%clk 0:04:49.9]} 7... Nc6 {[%clk 0:04:41.2]} 8. Be3 {[%clk 0:04:47.7]} 8... Bb4 {[%clk 0:04:38.2]} 9. Qd2 {[%clk 0:04:41.3]} 9... a5 {[%clk 0:04:36.8]} 10. a3 {[%clk 0:04:39.5]} 10... Be7 {[%clk 0:04:28.1]} 11. d5 {[%clk 0:04:37]} 11... exd5 {[%clk 0:04:17.5]} 12. exd5 {[%clk 0:04:35.4]} 12... Nb8 {[%clk 0:04:12.7]} 13. Bxb5 {[%clk 0:04:23.7]} 13... Nf6 {[%clk 0:03:59.3]} 14. Ne5 {[%clk 0:04:13.8]} 14... O-O {[%clk 0:03:41.2]} 15. Qd3 {[%clk 0:03:55.5]} 15... Bxb5 {[%clk 0:03:09.1]} 16. Qxb5 {[%clk 0:03:53.9]} 16... Bd6 {[%clk 0:02:49.7]} 17. Nc6 {[%clk 0:03:29.9]} 17... Nxc6 {[%clk 0:02:43.8]} 18. dxc6 {[%clk 0:03:28.9]} 18... Re8 {[%clk 0:02:30.9]} 19. O-O-O {[%clk 0:03:26.2]} 19... Ne4 {[%clk 0:01:57.5]} 20. Nxe4 {[%clk 0:03:15]} 20... Rxe4 {[%clk 0:01:56.3]} 21. Rhe1 {[%clk 0:03:14]} 21... Re5 {[%clk 0:01:51.5]} 22. Qa4 {[%clk 0:03:02.8]} 22... Rb8 {[%clk 0:00:44.2]} 23. f4 {[%clk 0:02:57.8]} 23... Rf5 {[%clk 0:00:33.5]} 24. g4 {[%clk 0:02:57]} 24... Rfb5 {[%clk 0:00:28.8]} 25. Rd4 {[%clk 0:02:50.4]} 25... Qh4 {[%clk 0:00:24.7]} 26. b4 {[%clk 0:02:32]} 26... Qxe1+ {[%clk 0:00:22.6]} 27. Rd1 {[%clk 0:02:29.5]} 27... Qxe3+ {[%clk 0:00:20.6]} 28. Rd2 {[%clk 0:02:21.4]} 28... axb4 {[%clk 0:00:19.7]} 29. axb4 {[%clk 0:02:18.7]} 29... Bxb4 {[%clk 0:00:18]} 30. Kd1 {[%clk 0:01:58.7]} 30... Qxd2# {[%clk 0:00:16.5]} 0-1
"
2025-11-27,1764277111,black,789,AmjadALHakami,803,0.0,Loss,Nimzowitsch Defense 2.D4 E6 3.Nf3 D5 4.E5,B00,https://www.chess.com/openings/Nimzowitsch-Defense-2.d4-e6-3.Nf3-d5-4.e5,blitz,https://www.chess.com/game/live/146039175382,475,"[Event ""Live Chess""]
[Site ""Chess.com""]
[Date ""2025.11.27""]
[Round ""-""]
[White ""AmjadALHakami""]
[Black ""RhysLWells""]
[Result ""1-0""]
[CurrentPosition ""5k2/7r/6pp/2p1r3/P7/2P1B3/5PPP/R4RK1 b - - 0 29""]
[Timezone ""UTC""]
[ECO ""B00""]
[ECOUrl ""https://www.chess.com/openings/Nimzowitsch-Defense-2.d4-e6-3.Nf3-d5-4.e5""]
[UTCDate ""2025.11.27""]
[UTCTime ""20:50:36""]
[WhiteElo ""803""]
[BlackElo ""789""]
[TimeControl ""300""]
[Termination ""AmjadALHakami won - game abandoned""]
[StartTime ""20:50:36""]
[EndDate ""2025.11.27""]
[EndTime ""20:58:31""]
[Link ""https://www.chess.com/game/live/146039175382""]

1. e4 {[%clk 0:04:59.9]} 1... e6 {[%clk 0:04:59.1]} 2. Nf3 {[%clk 0:04:59.4]} 2... Nc6 {[%clk 0:04:56]} 3. d4 {[%clk 0:04:57.7]} 3... d5 {[%clk 0:04:52.8]} 4. e5 {[%clk 0:04:56.6]} 4... h6 {[%clk 0:04:48.3]} 5. Bb5 {[%clk 0:04:54.1]} 5... Bd7 {[%clk 0:04:46.9]} 6. Qd3 {[%clk 0:04:48.7]} 6... a6 {[%clk 0:04:45.2]} 7. Ba4 {[%clk 0:04:39.8]} 7... g6 {[%clk 0:04:41.3]} 8. c4 {[%clk 0:04:18.7]} 8... Nb4 {[%clk 0:04:19.6]} 9. Bxd7+ {[%clk 0:04:13.7]} 9... Qxd7 {[%clk 0:04:15.2]} 10. Qb3 {[%clk 0:04:12.7]} 10... f6 {[%clk 0:04:05.8]} 11. exf6 {[%clk 0:04:06.4]} 11... Nxf6 {[%clk 0:04:04.2]} 12. Ne5 {[%clk 0:04:05.3]} 12... Qg7 {[%clk 0:03:47.1]} 13. a3 {[%clk 0:03:50.4]} 13... Nc6 {[%clk 0:03:09.3]} 14. Qxb7 {[%clk 0:03:44.8]} 14... Rd8 {[%clk 0:02:37.9]} 15. Qxc6+ {[%clk 0:03:41]} 15... Nd7 {[%clk 0:02:36.2]} 16. Qxe6+ {[%clk 0:03:27.9]} 16... Be7 {[%clk 0:02:31.4]} 17. Qxa6 {[%clk 0:03:08.2]} 17... Nxe5 {[%clk 0:02:26.3]} 18. dxe5 {[%clk 0:03:05.5]} 18... Qxe5+ {[%clk 0:02:22.5]} 19. Be3 {[%clk 0:03:03.9]} 19... Bg5 {[%clk 0:02:05.9]} 20. Qb5+ {[%clk 0:02:53]} 20... Kf8 {[%clk 0:01:58]} 21. Qc5+ {[%clk 0:02:46.3]} 21... Be7 {[%clk 0:01:51.4]} 22. Qd4 {[%clk 0:02:37.2]} 22... Qxd4 {[%clk 0:01:19.2]} 23. Bxd4 {[%clk 0:02:35.4]} 23... Rh7 {[%clk 0:01:15.2]} 24. cxd5 {[%clk 0:02:29.1]} 24... Rxd5 {[%clk 0:01:13.6]} 25. Be3 {[%clk 0:02:24.3]} 25... Bf6 {[%clk 0:01:06.9]} 26. Nc3 {[%clk 0:02:19.7]} 26... Bxc3+ {[%clk 0:00:54.6]} 27. bxc3 {[%clk 0:02:18]} 27... Re5 {[%clk 0:00:43.3]} 28. O-O {[%clk 0:02:16.1]} 28... c5 {[%clk 0:00:35]} 29. a4 {[%clk 0:02:10.5]} 1-0
"
2025-11-26,1764180258,white,797,LFGM1969,808,0.0,Loss,Reti Opening Kingside Fianchetto Variation 2.E4 D6 3.D4,A04,https://www.chess.com/openings/Reti-Opening-Kingside-Fianchetto-Variation-2.e4-d6-3.d4,blitz,https://www.chess.com/game/live/145993543164,312,"[Event ""Live Chess""]
[Site ""Chess.com""]
[Date ""2025.11.26""]
[Round ""-""]
[White ""RhysLWells""]
[Black ""LFGM1969""]
[Result ""0-1""]
[CurrentPosition ""8/Rb6/2p2k2/1p1p1p1p/1P1PrKp1/4P1P1/2P1N2P/8 w - - 6 32""]
[Timezone ""UTC""]
[ECO ""A04""]
[ECOUrl ""https://www.chess.com/openings/Reti-Opening-Kingside-Fianchetto-Variation-2.e4-d6-3.d4""]
[UTCDate ""2025.11.26""]
[UTCTime ""17:59:06""]
[WhiteElo ""797""]
[BlackElo ""808""]
[TimeControl ""300""]
[Termination ""LFGM1969 won by checkmate""]
[StartTime ""17:59:06""]
[EndDate ""2025.11.26""]
[EndTime ""18:04:18""]
[Link ""https://www.chess.com/game/live/145993543164""]

1. e4 {[%clk 0:04:59.9]} 1... d6 {[%clk 0:04:59.9]} 2. d4 {[%clk 0:04:58.5]} 2... g6 {[%clk 0:04:59.2]} 3. Nf3 {[%clk 0:04:57.9]} 3... h6 {[%clk 0:04:57.8]} 4. Nc3 {[%clk 0:04:54.1]} 4... c6 {[%clk 0:04:55.8]} 5. Be3 {[%clk 0:04:53.2]} 5... Bg7 {[%clk 0:04:55.2]} 6. Bd3 {[%clk 0:04:51.5]} 6... a6 {[%clk 0:04:54.6]} 7. O-O {[%clk 0:04:48.4]} 7... b5 {[%clk 0:04:53.6]} 8. e5 {[%clk 0:04:43.2]} 8... d5 {[%clk 0:04:52.5]} 9. b4 {[%clk 0:04:35.2]} 9... e6 {[%clk 0:04:51]} 10. a4 {[%clk 0:04:30.3]} 10... Bb7 {[%clk 0:04:50.1]} 11. axb5 {[%clk 0:04:20.8]} 11... axb5 {[%clk 0:04:47.9]} 12. Rxa8 {[%clk 0:04:19.9]} 12... Bxa8 {[%clk 0:04:47.5]} 13. Qa1 {[%clk 0:04:07.5]} 13... Nd7 {[%clk 0:04:44.2]} 14. Qb2 {[%clk 0:04:02.2]} 14... Nb6 {[%clk 0:04:43.3]} 15. Ra1 {[%clk 0:03:49.7]} 15... Ne7 {[%clk 0:04:39.7]} 16. Nd2 {[%clk 0:03:30.2]} 16... Nf5 {[%clk 0:04:36.9]} 17. Bxf5 {[%clk 0:03:23.4]} 17... exf5 {[%clk 0:04:34.9]} 18. Nb3 {[%clk 0:02:51.6]} 18... Nc4 {[%clk 0:04:31.3]} 19. Qc1 {[%clk 0:02:42.3]} 19... Nxe3 {[%clk 0:04:26.8]} 20. Qxe3 {[%clk 0:02:40.9]} 20... O-O {[%clk 0:04:21.1]} 21. Nc5 {[%clk 0:02:36.2]} 21... Qg5 {[%clk 0:04:09.6]} 22. e6 {[%clk 0:02:31.8]} 22... Qxe3 {[%clk 0:04:08]} 23. fxe3 {[%clk 0:02:29.6]} 23... fxe6 {[%clk 0:04:07.2]} 24. Nxe6 {[%clk 0:02:28.3]} 24... Re8 {[%clk 0:04:06.4]} 25. Nxg7 {[%clk 0:02:08.2]} 25... Kxg7 {[%clk 0:04:04.9]} 26. Kf2 {[%clk 0:02:05.8]} 26... h5 {[%clk 0:03:57.1]} 27. Kf3 {[%clk 0:01:56.4]} 27... g5 {[%clk 0:03:55.3]} 28. g3 {[%clk 0:01:51]} 28... g4+ {[%clk 0:03:53.8]} 29. Kf4 {[%clk 0:01:44.4]} 29... Kf6 {[%clk 0:03:49.3]} 30. Ne2 {[%clk 0:01:27.7]} 30... Bb7 {[%clk 0:03:42.6]} 31. Ra7 {[%clk 0:01:17.6]} 31... Re4# {[%clk 0:03:41.5]} 0-1
"
2025-11-26,1764179941,black,805,LeMontagnard_74,773,1.0,Win,French Defense Advance Variation,C02,https://www.chess.com/openings/French-Defense-Advance-Variation,blitz,https://www.chess.com/game/live/145993334528,339,"[Event ""Live Chess""]
[Site ""Chess.com""]
[Date ""2025.11.26""]
[Round ""-""]
[White ""LeMontagnard_74""]
[Black ""RhysLWells""]
[Result ""0-1""]
[CurrentPosition ""r4r2/ppp1k1p1/7p/b3P1q1/8/2Pb4/P5PP/3RR2K w - - 0 25""]
[Timezone ""UTC""]
[ECO ""C02""]
[ECOUrl ""https://www.chess.com/openings/French-Defense-Advance-Variation""]
[UTCDate ""2025.11.26""]
[UTCTime ""17:53:22""]
[WhiteElo ""773""]
[BlackElo ""805""]
[TimeControl ""300""]
[Termination ""RhysLWells won by resignation""]
[StartTime ""17:53:22""]
[EndDate ""2025.11.26""]
[EndTime ""17:59:01""]
[Link ""https://www.chess.com/game/live/145993334528""]

1. d4 {[%clk 0:04:59.7]} 1... e6 {[%clk 0:04:57.7]} 2. e4 {[%clk 0:04:58.8]} 2... d5 {[%clk 0:04:56.9]} 3. e5 {[%clk 0:04:56.6]} 3... f6 {[%clk 0:04:55.1]} 4. exf6 {[%clk 0:04:53.9]} 4... Nxf6 {[%clk 0:04:53.5]} 5. c4 {[%clk 0:04:53]} 5... h6 {[%clk 0:04:49.1]} 6. cxd5 {[%clk 0:04:51.1]} 6... Qxd5 {[%clk 0:04:47.3]} 7. Nc3 {[%clk 0:04:48.4]} 7... Qd8 {[%clk 0:04:44.8]} 8. Nf3 {[%clk 0:04:47.5]} 8... Bb4 {[%clk 0:04:40.1]} 9. Bf4 {[%clk 0:04:44.1]} 9... Nd5 {[%clk 0:04:34.3]} 10. Bd2 {[%clk 0:04:38.7]} 10... Nxc3 {[%clk 0:04:18.3]} 11. bxc3 {[%clk 0:04:36.2]} 11... Ba5 {[%clk 0:04:11.1]} 12. Bd3 {[%clk 0:04:34.9]} 12... Qf6 {[%clk 0:03:54.8]} 13. Ne5 {[%clk 0:04:28.1]} 13... Nd7 {[%clk 0:03:48.7]} 14. Ng6 {[%clk 0:04:20.5]} 14... Rg8 {[%clk 0:03:39.2]} 15. O-O {[%clk 0:04:19.1]} 15... e5 {[%clk 0:03:24.7]} 16. Re1 {[%clk 0:04:16.9]} 16... Nf8 {[%clk 0:03:16.9]} 17. Nxf8 {[%clk 0:04:08]} 17... Rxf8 {[%clk 0:03:14.9]} 18. Qh5+ {[%clk 0:04:05.3]} 18... Kd8 {[%clk 0:02:47]} 19. dxe5 {[%clk 0:03:54.2]} 19... Qxf2+ {[%clk 0:02:31]} 20. Kh1 {[%clk 0:03:51]} 20... Qxd2 {[%clk 0:02:23.6]} 21. Rad1 {[%clk 0:03:36.4]} 21... Qg5 {[%clk 0:01:33.6]} 22. Bf5+ {[%clk 0:03:24.9]} 22... Ke7 {[%clk 0:01:30.1]} 23. Qh3 {[%clk 0:03:13.1]} 23... Bxf5 {[%clk 0:01:26.2]} 24. Qd3 {[%clk 0:03:08]} 24... Bxd3 {[%clk 0:01:24.4]} 0-1
"
2025-11-26,1764164388,white,797,abolfazl0429,821,0.0,Loss,Colle System,D04,https://www.chess.com/openings/Colle-System,blitz,https://www.chess.com/game/live/145983619382,544,"[Event ""Live Chess""]
[Site ""Chess.com""]
[Date ""2025.11.26""]
[Round ""-""]
[White ""RhysLWells""]
[Black ""abolfazl0429""]
[Result ""0-1""]
[CurrentPosition ""6k1/p2P1pp1/1p5p/8/1B3P2/P5Pb/1P2r1qP/2R4K w - - 0 36""]
[Timezone ""UTC""]
[ECO ""D04""]
[ECOUrl ""https://www.chess.com/openings/Colle-System""]
[UTCDate ""2025.11.26""]
[UTCTime ""13:30:44""]
[WhiteElo ""797""]
[BlackElo ""821""]
[TimeControl ""300""]
[Termination ""abolfazl0429 won by checkmate""]
[StartTime ""13:30:44""]
[EndDate ""2025.11.26""]
[EndTime ""13:39:48""]
[Link ""https://www.chess.com/game/live/145983619382""]

1. d4 {[%clk 0:04:59.1]} 1... d5 {[%clk 0:04:59]} 2. Nf3 {[%clk 0:04:56.7]} 2... Nf6 {[%clk 0:04:56.6]} 3. e3 {[%clk 0:04:55.5]} 3... Nc6 {[%clk 0:04:55.5]} 4. c4 {[%clk 0:04:54.1]} 4... dxc4 {[%clk 0:04:53.6]} 5. Bxc4 {[%clk 0:04:52.9]} 5... e6 {[%clk 0:04:50.7]} 6. a3 {[%clk 0:04:50.7]} 6... h6 {[%clk 0:04:49.2]} 7. Nc3 {[%clk 0:04:48.2]} 7... Bd7 {[%clk 0:04:45.6]} 8. Qd3 {[%clk 0:04:43.3]} 8... Qe7 {[%clk 0:04:33.5]} 9. O-O {[%clk 0:04:41]} 9... Rd8 {[%clk 0:04:17.1]} 10. Ne4 {[%clk 0:04:31.8]} 10... Nxe4 {[%clk 0:04:08.2]} 11. Qxe4 {[%clk 0:04:30.2]} 11... e5 {[%clk 0:04:06.1]} 12. d5 {[%clk 0:04:26.1]} 12... Na5 {[%clk 0:03:52.7]} 13. Nxe5 {[%clk 0:04:09.1]} 13... Nxc4 {[%clk 0:03:47.1]} 14. Qxc4 {[%clk 0:03:53.8]} 14... Qxe5 {[%clk 0:03:40.4]} 15. f4 {[%clk 0:03:43.3]} 15... Qd6 {[%clk 0:03:27.1]} 16. e4 {[%clk 0:03:37.5]} 16... Be7 {[%clk 0:03:26.2]} 17. e5 {[%clk 0:03:31.7]} 17... Qg6 {[%clk 0:03:17.5]} 18. g3 {[%clk 0:03:09.9]} 18... O-O {[%clk 0:03:16.3]} 19. Qxc7 {[%clk 0:02:56.6]} 19... Qa6 {[%clk 0:02:59.5]} 20. Be3 {[%clk 0:02:47.9]} 20... b6 {[%clk 0:02:36.9]} 21. d6 {[%clk 0:02:39.3]} 21... Bxd6 {[%clk 0:01:58.4]} 22. exd6 {[%clk 0:02:31.2]} 22... Rfe8 {[%clk 0:01:57.7]} 23. Bd2 {[%clk 0:02:20.1]} 23... Qd3 {[%clk 0:01:31]} 24. Bb4 {[%clk 0:02:12]} 24... Qd5 {[%clk 0:00:57.3]} 25. Rac1 {[%clk 0:01:47.8]} 25... Bh3 {[%clk 0:00:26.5]} 26. Rc2 {[%clk 0:01:34.4]} 26... Qd4+ {[%clk 0:00:19.8]} 27. Kh1 {[%clk 0:01:26]} 27... Qe4+ {[%clk 0:00:17.9]} 28. Kg1 {[%clk 0:01:23.3]} 28... Qe3+ {[%clk 0:00:16.9]} 29. Kh1 {[%clk 0:01:21.5]} 29... Re4 {[%clk 0:00:14.3]} 30. Qxd8+ {[%clk 0:01:18.6]} 30... Kh7 {[%clk 0:00:12.5]} 31. Rcc1 {[%clk 0:01:15.1]} 31... Qd3 {[%clk 0:00:10.8]} 32. Rg1 {[%clk 0:01:13.3]} 32... Re2 {[%clk 0:00:08.6]} 33. Qg8+ {[%clk 0:01:11]} 33... Kxg8 {[%clk 0:00:06.8]} 34. d7 {[%clk 0:01:09.2]} 34... Qf3+ {[%clk 0:00:05.4]} 35. Rg2 {[%clk 0:01:06.3]} 35... Qxg2# {[%clk 0:00:04.8]} 0-1
"
2025-11-25,1764102276,white,805,tudor1001,801,0.0,Loss,Ponziani Opening,C44,https://www.chess.com/openings/Ponziani-Opening,blitz,https://www.chess.com/game/live/145957804614,535,"[Event ""Live Chess""]
[Site ""Chess.com""]
[Date ""2025.11.25""]
[Round ""-""]
[White ""RhysLWells""]
[Black ""tudor1001""]
[Result ""0-1""]
[CurrentPosition ""3R1rk1/5ppp/2Q5/8/p7/P5PP/5r2/4q1K1 w - - 2 36""]
[Timezone ""UTC""]
[ECO ""C44""]
[ECOUrl ""https://www.chess.com/openings/Ponziani-Opening""]
[UTCDate ""2025.11.25""]
[UTCTime ""20:15:41""]
[WhiteElo ""805""]
[BlackElo ""801""]
[TimeControl ""300""]
[Termination ""tudor1001 won by checkmate""]
[StartTime ""20:15:41""]
[EndDate ""2025.11.25""]
[EndTime ""20:24:36""]
[Link ""https://www.chess.com/game/live/145957804614""]

1. e4 {[%clk 0:04:57.8]} 1... e5 {[%clk 0:04:59.1]} 2. Nf3 {[%clk 0:04:56.3]} 2... Nc6 {[%clk 0:04:58.2]} 3. c3 {[%clk 0:04:53.7]} 3... a6 {[%clk 0:04:54.4]} 4. d4 {[%clk 0:04:52]} 4... exd4 {[%clk 0:04:52.9]} 5. Nxd4 {[%clk 0:04:50.3]} 5... Qf6 {[%clk 0:04:50.6]} 6. Be3 {[%clk 0:04:46.5]} 6... Bc5 {[%clk 0:04:48.2]} 7. b4 {[%clk 0:04:34.6]} 7... Bxd4 {[%clk 0:04:46.3]} 8. cxd4 {[%clk 0:04:33.2]} 8... Qh4 {[%clk 0:04:43.6]} 9. Bd3 {[%clk 0:04:01.2]} 9... Nxb4 {[%clk 0:04:38.4]} 10. Qb3 {[%clk 0:03:56.9]} 10... a5 {[%clk 0:04:29.7]} 11. a3 {[%clk 0:03:55.2]} 11... Nxd3+ {[%clk 0:04:28.1]} 12. Qxd3 {[%clk 0:03:52.8]} 12... b6 {[%clk 0:04:24.4]} 13. O-O {[%clk 0:03:49.3]} 13... Ba6 {[%clk 0:04:22.1]} 14. Qd1 {[%clk 0:03:11.8]} 14... Bxf1 {[%clk 0:04:19.2]} 15. Qxf1 {[%clk 0:03:08.7]} 15... Qxe4 {[%clk 0:04:18.4]} 16. Nd2 {[%clk 0:03:05]} 16... Qg6 {[%clk 0:04:14.2]} 17. Re1 {[%clk 0:02:58.4]} 17... Ne7 {[%clk 0:04:07]} 18. Bf4 {[%clk 0:02:45.8]} 18... Ra7 {[%clk 0:03:53.2]} 19. Ne4 {[%clk 0:02:42]} 19... O-O {[%clk 0:03:50.7]} 20. Qd3 {[%clk 0:02:17.7]} 20... d5 {[%clk 0:03:38.2]} 21. Nf6+ {[%clk 0:01:54.6]} 21... Qxf6 {[%clk 0:03:11.4]} 22. Be5 {[%clk 0:01:50.6]} 22... Qg6 {[%clk 0:02:59.4]} 23. Qb3 {[%clk 0:01:35.1]} 23... a4 {[%clk 0:02:42.4]} 24. Qc3 {[%clk 0:01:29]} 24... Nc6 {[%clk 0:02:37.2]} 25. h3 {[%clk 0:01:22.9]} 25... Nxe5 {[%clk 0:02:11.8]} 26. Rxe5 {[%clk 0:01:17]} 26... Raa8 {[%clk 0:02:09]} 27. Qxc7 {[%clk 0:01:12.1]} 27... Qd3 {[%clk 0:02:01.7]} 28. Qxb6 {[%clk 0:01:01.6]} 28... Rab8 {[%clk 0:01:51.2]} 29. Qc6 {[%clk 0:00:33.3]} 29... Qxd4 {[%clk 0:01:40.6]} 30. Rxd5 {[%clk 0:00:25.8]} 30... Qf4 {[%clk 0:01:33.4]} 31. g3 {[%clk 0:00:21.4]} 31... Rb1+ {[%clk 0:01:31.4]} 32. Kg2 {[%clk 0:00:19.1]} 32... Qe4+ {[%clk 0:01:30]} 33. Kh2 {[%clk 0:00:15]} 33... Rb2 {[%clk 0:01:19.9]} 34. Rd8 {[%clk 0:00:13.4]} 34... Rxf2+ {[%clk 0:01:09.3]} 35. Kg1 {[%clk 0:00:11]} 35... Qe1# {[%clk 0:01:05.9]} 0-1
"
2025-11-25,1764101186,black,814,Ranmnm,798,1.0,Win,Nimzowitsch Defense French Connection Variation,B00,https://www.chess.com/openings/Nimzowitsch-Defense-French-Connection-Variation,blitz,https://www.chess.com/game/live/145957232080,511,"[Event ""Live Chess""]
[Site ""Chess.com""]
[Date ""2025.11.25""]
[Round ""-""]
[White ""Ranmnm""]
[Black ""RhysLWells""]
[Result ""0-1""]
[CurrentPosition ""8/1pR3pk/p3pp1p/4B3/1P2P3/P5Q1/6PP/5q1K w - - 3 35""]
[Timezone ""UTC""]
[ECO ""B00""]
[ECOUrl ""https://www.chess.com/openings/Nimzowitsch-Defense-French-Connection-Variation""]
[UTCDate ""2025.11.25""]
[UTCTime ""19:57:55""]
[WhiteElo ""798""]
[BlackElo ""814""]
[TimeControl ""300""]
[Termination ""RhysLWells won by checkmate""]
[StartTime ""19:57:55""]
[EndDate ""2025.11.25""]
[EndTime ""20:06:26""]
[Link ""https://www.chess.com/game/live/145957232080""]

1. e4 {[%clk 0:04:59.9]} 1... e6 {[%clk 0:04:58.7]} 2. Nc3 {[%clk 0:04:59.3]} 2... Nc6 {[%clk 0:04:57.3]} 3. Bc4 {[%clk 0:04:55]} 3... Bb4 {[%clk 0:04:56]} 4. Nf3 {[%clk 0:04:51.6]} 4... Bxc3 {[%clk 0:04:52]} 5. dxc3 {[%clk 0:04:50.5]} 5... Na5 {[%clk 0:04:48.7]} 6. Qe2 {[%clk 0:04:43.6]} 6... Nxc4 {[%clk 0:04:44.8]} 7. Qxc4 {[%clk 0:04:43.5]} 7... h6 {[%clk 0:04:40.5]} 8. O-O {[%clk 0:04:41.9]} 8... Nf6 {[%clk 0:04:39]} 9. e5 {[%clk 0:04:36.3]} 9... d5 {[%clk 0:04:30.8]} 10. Qb5+ {[%clk 0:04:29]} 10... c6 {[%clk 0:04:25.8]} 11. Qd3 {[%clk 0:04:20.3]} 11... Ne4 {[%clk 0:04:14.9]} 12. Nd2 {[%clk 0:04:13]} 12... Nc5 {[%clk 0:04:11]} 13. Qf3 {[%clk 0:04:07.7]} 13... Qe7 {[%clk 0:04:05.2]} 14. c4 {[%clk 0:03:57.6]} 14... Bd7 {[%clk 0:03:59]} 15. cxd5 {[%clk 0:03:53.5]} 15... cxd5 {[%clk 0:03:55.3]} 16. c4 {[%clk 0:03:41]} 16... Bc6 {[%clk 0:03:41.4]} 17. cxd5 {[%clk 0:03:39]} 17... Bxd5 {[%clk 0:03:40.3]} 18. Qc3 {[%clk 0:03:35.2]} 18... Rc8 {[%clk 0:03:33.9]} 19. Qa5 {[%clk 0:03:31.6]} 19... a6 {[%clk 0:03:24.4]} 20. b4 {[%clk 0:03:17.8]} 20... Nd7 {[%clk 0:02:54.9]} 21. Qa3 {[%clk 0:03:03.9]} 21... Qg5 {[%clk 0:02:45.9]} 22. Ne4 {[%clk 0:02:36.7]} 22... Qxe5 {[%clk 0:02:31]} 23. Bb2 {[%clk 0:02:05.2]} 23... Qc7 {[%clk 0:02:04.8]} 24. f3 {[%clk 0:01:49.4]} 24... Bxe4 {[%clk 0:01:59.7]} 25. fxe4 {[%clk 0:01:48.2]} 25... f6 {[%clk 0:01:54.6]} 26. Rac1 {[%clk 0:01:41.5]} 26... Qb6+ {[%clk 0:01:45.8]} 27. Kh1 {[%clk 0:01:35.8]} 27... Rxc1 {[%clk 0:01:43.1]} 28. Rxc1 {[%clk 0:01:34.5]} 28... O-O {[%clk 0:01:40.7]} 29. Qd3 {[%clk 0:01:23.8]} 29... Rd8 {[%clk 0:01:31.7]} 30. a3 {[%clk 0:01:08.1]} 30... Ne5 {[%clk 0:01:27.9]} 31. Qg3 {[%clk 0:00:53.5]} 31... Qb5 {[%clk 0:01:17.4]} 32. Bxe5 {[%clk 0:00:44.2]} 32... Rc8 {[%clk 0:01:09.5]} 33. Rxc8+ {[%clk 0:00:39.1]} 33... Kh7 {[%clk 0:01:08]} 34. Rc7 {[%clk 0:00:33.3]} 34... Qf1# {[%clk 0:01:06.3]} 0-1
"
2025-11-24,1764018137,white,806,Bando-Bonnot,832,0.0,Loss,Queens Pawn Opening Chigorin Variation 2...Nf6 3.Nf3,D00,https://www.chess.com/openings/Queens-Pawn-Opening-Chigorin-Variation-2...Nf6-3.Nf3,blitz,https://www.chess.com/game/live/145917686274,590,"[Event ""Live Chess""]
[Site ""Chess.com""]
[Date ""2025.11.24""]
[Round ""-""]
[White ""RhysLWells""]
[Black ""Bando-Bonnot""]
[Result ""0-1""]
[CurrentPosition ""2Q5/5ppk/2N5/p7/4q3/P3P3/2K5/1B6 w - - 2 51""]
[Timezone ""UTC""]
[ECO ""D00""]
[ECOUrl ""https://www.chess.com/openings/Queens-Pawn-Opening-Chigorin-Variation-2...Nf6-3.Nf3""]
[UTCDate ""2025.11.24""]
[UTCTime ""20:52:27""]
[WhiteElo ""806""]
[BlackElo ""832""]
[TimeControl ""300""]
[Termination ""Bando-Bonnot won on time""]
[StartTime ""20:52:27""]
[EndDate ""2025.11.24""]
[EndTime ""21:02:17""]
[Link ""https://www.chess.com/game/live/145917686274""]

1. d4 {[%clk 0:04:59.2]} 1... Nf6 {[%clk 0:04:57.4]} 2. Nf3 {[%clk 0:04:56.6]} 2... d5 {[%clk 0:04:57]} 3. Nc3 {[%clk 0:04:54.8]} 3... c5 {[%clk 0:04:56.4]} 4. Be3 {[%clk 0:04:50.6]} 4... Qb6 {[%clk 0:04:37.9]} 5. b3 {[%clk 0:04:44.7]} 5... e6 {[%clk 0:04:37.1]} 6. g3 {[%clk 0:04:38]} 6... Bd6 {[%clk 0:04:35.2]} 7. Bg2 {[%clk 0:04:35.8]} 7... O-O {[%clk 0:04:34.5]} 8. a3 {[%clk 0:04:22.3]} 8... Nc6 {[%clk 0:04:18.8]} 9. Na4 {[%clk 0:04:14.6]} 9... Qa5+ {[%clk 0:03:58.9]} 10. Bd2 {[%clk 0:04:02.5]} 10... Qd8 {[%clk 0:03:49.9]} 11. dxc5 {[%clk 0:03:59.2]} 11... Bc7 {[%clk 0:03:29.9]} 12. O-O {[%clk 0:03:45.6]} 12... Ne5 {[%clk 0:03:29.3]} 13. Bb4 {[%clk 0:03:38.4]} 13... Nxf3+ {[%clk 0:03:26.7]} 14. Bxf3 {[%clk 0:03:35.2]} 14... Re8 {[%clk 0:03:24.8]} 15. Qd4 {[%clk 0:03:04.2]} 15... Nd7 {[%clk 0:03:05.2]} 16. Rad1 {[%clk 0:02:59.8]} 16... Be5 {[%clk 0:03:04.6]} 17. Qd2 {[%clk 0:02:48.3]} 17... a5 {[%clk 0:03:04]} 18. Bc3 {[%clk 0:02:41.4]} 18... Bxc3 {[%clk 0:03:02.1]} 19. Nxc3 {[%clk 0:02:39.3]} 19... Nxc5 {[%clk 0:03:01]} 20. e4 {[%clk 0:02:25.6]} 20... Nxe4 {[%clk 0:02:40.2]} 21. Nxe4 {[%clk 0:02:19.3]} 21... b6 {[%clk 0:02:21.1]} 22. Nc3 {[%clk 0:02:12.7]} 22... Ba6 {[%clk 0:02:18.4]} 23. Rfe1 {[%clk 0:02:10.9]} 23... Rc8 {[%clk 0:02:15.6]} 24. Na4 {[%clk 0:02:04.5]} 24... Qf6 {[%clk 0:02:11.9]} 25. Bg2 {[%clk 0:01:52.6]} 25... Rc6 {[%clk 0:02:09.7]} 26. Bf1 {[%clk 0:01:48.1]} 26... Rd8 {[%clk 0:02:08.4]} 27. Bxa6 {[%clk 0:01:44.7]} 27... h6 {[%clk 0:01:56.6]} 28. Bd3 {[%clk 0:01:37.5]} 28... e5 {[%clk 0:01:49.8]} 29. c4 {[%clk 0:01:31.8]} 29... e4 {[%clk 0:01:43.1]} 30. Bb1 {[%clk 0:01:27.3]} 30... e3 {[%clk 0:01:29.6]} 31. fxe3 {[%clk 0:01:25.3]} 31... Rcd6 {[%clk 0:01:16.3]} 32. Nc3 {[%clk 0:01:18.7]} 32... dxc4 {[%clk 0:01:12.2]} 33. Qf2 {[%clk 0:01:09.1]} 33... Rxd1 {[%clk 0:01:08.1]} 34. Qxf6 {[%clk 0:01:03.8]} 34... Rxe1+ {[%clk 0:01:06]} 35. Qf1 {[%clk 0:00:54.9]} 35... Rxf1+ {[%clk 0:01:03.4]} 36. Kxf1 {[%clk 0:00:54.1]} 36... Rd1+ {[%clk 0:01:02.6]} 37. Ke2 {[%clk 0:00:49.7]} 37... Rh1 {[%clk 0:00:59.9]} 38. bxc4 {[%clk 0:00:43]} 38... Rxh2+ {[%clk 0:00:58.3]} 39. Kd3 {[%clk 0:00:41.9]} 39... Rh3 {[%clk 0:00:53.9]} 40. g4 {[%clk 0:00:39.5]} 40... Rg3 {[%clk 0:00:52.3]} 41. Na4 {[%clk 0:00:30.6]} 41... Rxg4 {[%clk 0:00:50.5]} 42. Nxb6 {[%clk 0:00:29.6]} 42... h5 {[%clk 0:00:46.8]} 43. c5 {[%clk 0:00:28.2]} 43... h4 {[%clk 0:00:46.3]} 44. c6 {[%clk 0:00:26.8]} 44... Rg6 {[%clk 0:00:45.6]} 45. c7 {[%clk 0:00:20]} 45... Rc6 {[%clk 0:00:41.7]} 46. Nd5 {[%clk 0:00:14.3]} 46... h3 {[%clk 0:00:41.4]} 47. Ne7+ {[%clk 0:00:07.9]} 47... Kh7 {[%clk 0:00:39.3]} 48. Nxc6 {[%clk 0:00:05.6]} 48... h2 {[%clk 0:00:37.6]} 49. c8=Q {[%clk 0:00:04.2]} 49... h1=Q {[%clk 0:00:36.8]} 50. Kc2 {[%clk 0:00:01.6]} 50... Qe4+ {[%clk 0:00:34.8]} 0-1
"
2025-11-23,1763914741,black,814,Anarchis123,787,1.0,Win,French Defense,C00,https://www.chess.com/openings/French-Defense,blitz,https://www.chess.com/game/live/145867656358,396,"[Event ""Live Chess""]
[Site ""Chess.com""]
[Date ""2025.11.23""]
[Round ""-""]
[White ""Anarchis123""]
[Black ""RhysLWells""]
[Result ""0-1""]
[CurrentPosition ""2k4r/1pp2p2/p3p3/4Pqp1/6Kp/5P2/3r1BPP/4QR2 w - - 2 36""]
[Timezone ""UTC""]
[ECO ""C00""]
[ECOUrl ""https://www.chess.com/openings/French-Defense""]
[UTCDate ""2025.11.23""]
[UTCTime ""16:12:25""]
[WhiteElo ""787""]
[BlackElo ""814""]
[TimeControl ""300""]
[Termination ""RhysLWells won by checkmate""]
[StartTime ""16:12:25""]
[EndDate ""2025.11.23""]
[EndTime ""16:19:01""]
[Link ""https://www.chess.com/game/live/145867656358""]

1. e4 {[%clk 0:04:59]} 1... e6 {[%clk 0:04:59.5]} 2. Qf3 {[%clk 0:04:58.5]} 2... d5 {[%clk 0:04:58.6]} 3. e5 {[%clk 0:04:57.3]} 3... Nc6 {[%clk 0:04:57.1]} 4. Bb5 {[%clk 0:04:56.1]} 4... Bd7 {[%clk 0:04:54.8]} 5. Bxc6 {[%clk 0:04:55.2]} 5... Bxc6 {[%clk 0:04:53.6]} 6. b3 {[%clk 0:04:54.9]} 6... d4 {[%clk 0:04:49.2]} 7. Qg3 {[%clk 0:04:53.8]} 7... g6 {[%clk 0:04:45.9]} 8. f3 {[%clk 0:04:53]} 8... Ne7 {[%clk 0:04:45]} 9. Qf4 {[%clk 0:04:39.9]} 9... Nd5 {[%clk 0:04:39.5]} 10. Qe4 {[%clk 0:04:25.4]} 10... Nc3 {[%clk 0:04:27]} 11. Qd3 {[%clk 0:04:19.7]} 11... Nxb1 {[%clk 0:04:12.9]} 12. Rxb1 {[%clk 0:04:18.3]} 12... Bc5 {[%clk 0:03:57.4]} 13. Ne2 {[%clk 0:04:14.2]} 13... Qd7 {[%clk 0:03:53.8]} 14. b4 {[%clk 0:04:11.3]} 14... Bb5 {[%clk 0:03:52.6]} 15. c4 {[%clk 0:04:04.1]} 15... dxc3 {[%clk 0:03:50.8]} 16. Qxc3 {[%clk 0:04:03.4]} 16... Bb6 {[%clk 0:03:36.5]} 17. Qb3 {[%clk 0:03:31.6]} 17... O-O-O {[%clk 0:03:30.2]} 18. a4 {[%clk 0:03:30.3]} 18... Bxa4 {[%clk 0:03:25]} 19. Qa3 {[%clk 0:03:23.4]} 19... Bb5 {[%clk 0:03:19.8]} 20. Ra1 {[%clk 0:03:19.4]} 20... a6 {[%clk 0:03:16.5]} 21. Qb2 {[%clk 0:03:09.6]} 21... Bxe2 {[%clk 0:03:14.8]} 22. Kxe2 {[%clk 0:03:08.2]} 22... Qd3+ {[%clk 0:03:11.6]} 23. Ke1 {[%clk 0:03:05.8]} 23... Bd4 {[%clk 0:03:01.7]} 24. Qa2 {[%clk 0:02:56.7]} 24... Bxa1 {[%clk 0:03:00.5]} 25. Qxa1 {[%clk 0:02:56.4]} 25... Qd4 {[%clk 0:02:50.7]} 26. Bb2 {[%clk 0:02:51.1]} 26... Qxd2+ {[%clk 0:02:48.1]} 27. Kf1 {[%clk 0:02:49]} 27... Qxb4 {[%clk 0:02:43.6]} 28. Bc3 {[%clk 0:02:44.5]} 28... Qc4+ {[%clk 0:02:41.6]} 29. Kf2 {[%clk 0:02:38]} 29... Rd3 {[%clk 0:02:33.1]} 30. Be1 {[%clk 0:02:27.6]} 30... Qc2+ {[%clk 0:02:31.5]} 31. Kg3 {[%clk 0:02:24.3]} 31... h5 {[%clk 0:02:27.4]} 32. Bf2 {[%clk 0:02:10.2]} 32... Rd2 {[%clk 0:02:23.3]} 33. Rf1 {[%clk 0:02:04.5]} 33... g5 {[%clk 0:02:21]} 34. Qe1 {[%clk 0:01:30.5]} 34... h4+ {[%clk 0:02:18.6]} 35. Kg4 {[%clk 0:01:24.5]} 35... Qf5# {[%clk 0:02:17.8]} 0-1
"
2025-11-23,1763914334,white,806,iluqluq,837,0.0,Loss,Englund Gambit,A40,https://www.chess.com/openings/Englund-Gambit,blitz,https://www.chess.com/game/live/145867547370,167,"[Event ""Live Chess""]
[Site ""Chess.com""]
[Date ""2025.11.23""]
[Round ""-""]
[White ""RhysLWells""]
[Black ""iluqluq""]
[Result ""0-1""]
[CurrentPosition ""r4rk1/pp3ppp/8/nbpp4/P2P2Pq/1PP1PP1B/3N3P/R2QK2R w KQ - 1 18""]
[Timezone ""UTC""]
[ECO ""A40""]
[ECOUrl ""https://www.chess.com/openings/Englund-Gambit""]
[UTCDate ""2025.11.23""]
[UTCTime ""16:09:27""]
[WhiteElo ""806""]
[BlackElo ""837""]
[TimeControl ""300""]
[Termination ""iluqluq won by checkmate""]
[StartTime ""16:09:27""]
[EndDate ""2025.11.23""]
[EndTime ""16:12:14""]
[Link ""https://www.chess.com/game/live/145867547370""]

1. d4 {[%clk 0:04:59.2]} 1... e5 {[%clk 0:04:59.4]} 2. Nf3 {[%clk 0:04:56.6]} 2... e4 {[%clk 0:04:58.3]} 3. Nfd2 {[%clk 0:04:55.5]} 3... d5 {[%clk 0:04:56.5]} 4. f3 {[%clk 0:04:54.4]} 4... e3 {[%clk 0:04:54.6]} 5. Nb3 {[%clk 0:04:50.6]} 5... Bb4+ {[%clk 0:04:42.5]} 6. c3 {[%clk 0:04:48.6]} 6... Ba5 {[%clk 0:04:37.4]} 7. Bxe3 {[%clk 0:04:46.9]} 7... Qe7 {[%clk 0:04:36.4]} 8. Bf2 {[%clk 0:04:42.2]} 8... Nf6 {[%clk 0:04:33.2]} 9. N1d2 {[%clk 0:04:39.7]} 9... Nc6 {[%clk 0:04:31.6]} 10. Nxa5 {[%clk 0:04:30.6]} 10... Nxa5 {[%clk 0:04:28.6]} 11. b3 {[%clk 0:04:29.4]} 11... Bf5 {[%clk 0:04:21.2]} 12. e3 {[%clk 0:04:24.1]} 12... O-O {[%clk 0:04:16.2]} 13. g4 {[%clk 0:04:20.1]} 13... Bd7 {[%clk 0:04:10.9]} 14. Bh3 {[%clk 0:04:12.7]} 14... Bb5 {[%clk 0:04:03.4]} 15. Bh4 {[%clk 0:04:06.4]} 15... c5 {[%clk 0:03:54.5]} 16. Bxf6 {[%clk 0:03:58.8]} 16... Qxf6 {[%clk 0:03:44.8]} 17. a4 {[%clk 0:03:52.7]} 17... Qh4# {[%clk 0:03:28.9]} 0-1
"
2025-11-23,1763914068,black,814,ardaarifkiroy,848,0.0,Loss,French Defense Knight Variation,C00,https://www.chess.com/openings/French-Defense-Knight-Variation,blitz,https://www.chess.com/game/live/145867327910,258,"[Event ""Live Chess""]
[Site ""Chess.com""]
[Date ""2025.11.23""]
[Round ""-""]
[White ""ardaarifkiroy""]
[Black ""RhysLWells""]
[Result ""1-0""]
[CurrentPosition ""r1bq1rk1/bpp1np2/p3pBpp/2PpP3/Pn1P2Q1/5N2/4BPPP/RN3RK1 b - - 1 16""]
[Timezone ""UTC""]
[ECO ""C00""]
[ECOUrl ""https://www.chess.com/openings/French-Defense-Knight-Variation""]
[UTCDate ""2025.11.23""]
[UTCTime ""16:03:30""]
[WhiteElo ""848""]
[BlackElo ""814""]
[TimeControl ""300""]
[Termination ""ardaarifkiroy won - game abandoned""]
[StartTime ""16:03:30""]
[EndDate ""2025.11.23""]
[EndTime ""16:07:48""]
[Link ""https://www.chess.com/game/live/145867327910""]

1. e4 {[%clk 0:04:52.2]} 1... e6 {[%clk 0:04:59.2]} 2. Nf3 {[%clk 0:04:49.5]} 2... Nf6 {[%clk 0:04:57.2]} 3. e5 {[%clk 0:04:47.1]} 3... Nd5 {[%clk 0:04:55.4]} 4. a4 {[%clk 0:04:14]} 4... Bc5 {[%clk 0:04:51.5]} 5. d4 {[%clk 0:04:05.9]} 5... Bb6 {[%clk 0:04:49.8]} 6. c4 {[%clk 0:03:57.5]} 6... Ne7 {[%clk 0:04:43.9]} 7. b4 {[%clk 0:03:55.4]} 7... a6 {[%clk 0:04:36.8]} 8. Bg5 {[%clk 0:03:52.8]} 8... h6 {[%clk 0:04:34]} 9. Bh4 {[%clk 0:03:51.1]} 9... O-O {[%clk 0:04:28.3]} 10. Be2 {[%clk 0:03:45]} 10... d6 {[%clk 0:04:20.5]} 11. O-O {[%clk 0:03:41.5]} 11... Nbc6 {[%clk 0:04:19.2]} 12. c5 {[%clk 0:03:23]} 12... Ba7 {[%clk 0:04:06.4]} 13. Qc2 {[%clk 0:03:19.2]} 13... Nxb4 {[%clk 0:04:04]} 14. Qe4 {[%clk 0:03:10.5]} 14... d5 {[%clk 0:03:46.9]} 15. Qg4 {[%clk 0:02:55.4]} 15... g6 {[%clk 0:03:40]} 16. Bf6 {[%clk 0:02:52.3]} 1-0
"
2025-11-23,1763903241,white,822,DimitrisKontogi,828,0.0,Loss,Philidor Defense 3.D4,C41,https://www.chess.com/openings/Philidor-Defense-3.d4,blitz,https://www.chess.com/game/live/145860713500,561,"[Event ""Live Chess""]
[Site ""Chess.com""]
[Date ""2025.11.23""]
[Round ""-""]
[White ""RhysLWells""]
[Black ""DimitrisKontogi""]
[Result ""0-1""]
[CurrentPosition ""1r6/8/p3kp2/P1p1pNp1/4P1P1/5PK1/8/2R5 w - - 14 59""]
[Timezone ""UTC""]
[ECO ""C41""]
[ECOUrl ""https://www.chess.com/openings/Philidor-Defense-3.d4""]
[UTCDate ""2025.11.23""]
[UTCTime ""12:58:00""]
[WhiteElo ""822""]
[BlackElo ""828""]
[TimeControl ""300""]
[Termination ""DimitrisKontogi won on time""]
[StartTime ""12:58:00""]
[EndDate ""2025.11.23""]
[EndTime ""13:07:21""]
[Link ""https://www.chess.com/game/live/145860713500""]

1. e4 {[%clk 0:04:58.5]} 1... e5 {[%clk 0:04:57.1]} 2. Nf3 {[%clk 0:04:57.7]} 2... d6 {[%clk 0:04:55.2]} 3. d4 {[%clk 0:04:56.6]} 3... f6 {[%clk 0:04:53.7]} 4. dxe5 {[%clk 0:04:54.9]} 4... dxe5 {[%clk 0:04:52.7]} 5. Qxd8+ {[%clk 0:04:53.5]} 5... Kxd8 {[%clk 0:04:51.5]} 6. Be3 {[%clk 0:04:52.8]} 6... c6 {[%clk 0:04:50.4]} 7. Nbd2 {[%clk 0:04:51.8]} 7... Kc7 {[%clk 0:04:49.1]} 8. Bd3 {[%clk 0:04:46.1]} 8... b5 {[%clk 0:04:47.6]} 9. a4 {[%clk 0:04:41.3]} 9... b4 {[%clk 0:04:44.1]} 10. a5 {[%clk 0:04:37.3]} 10... a6 {[%clk 0:04:37.7]} 11. O-O {[%clk 0:04:27.2]} 11... g5 {[%clk 0:04:33.4]} 12. h3 {[%clk 0:04:24.3]} 12... h5 {[%clk 0:04:31.8]} 13. Nh2 {[%clk 0:04:09.4]} 13... h4 {[%clk 0:04:28.9]} 14. Be2 {[%clk 0:04:01.2]} 14... Nd7 {[%clk 0:04:21]} 15. c3 {[%clk 0:03:45.2]} 15... bxc3 {[%clk 0:04:17.6]} 16. bxc3 {[%clk 0:03:44]} 16... Nc5 {[%clk 0:04:12.9]} 17. Nc4 {[%clk 0:03:24.8]} 17... Nd7 {[%clk 0:03:59.9]} 18. Rfb1 {[%clk 0:03:16.2]} 18... Ne7 {[%clk 0:03:55.9]} 19. Nb6 {[%clk 0:03:10.9]} 19... Nxb6 {[%clk 0:03:53]} 20. Bxb6+ {[%clk 0:03:05.9]} 20... Kd7 {[%clk 0:03:46.6]} 21. Rd1+ {[%clk 0:03:01.9]} 21... Ke8 {[%clk 0:03:40.1]} 22. Bc5 {[%clk 0:02:55.2]} 22... Ng6 {[%clk 0:03:36.4]} 23. Bxf8 {[%clk 0:02:45.7]} 23... Rxf8 {[%clk 0:03:33.6]} 24. Bh5 {[%clk 0:02:32.8]} 24... Rg8 {[%clk 0:03:27.2]} 25. Ra2 {[%clk 0:02:27.5]} 25... Ke7 {[%clk 0:03:24.5]} 26. Nf3 {[%clk 0:02:18.8]} 26... Nf4 {[%clk 0:03:22.5]} 27. Bg4 {[%clk 0:02:01.2]} 27... Ne2+ {[%clk 0:03:20.6]} 28. Kh2 {[%clk 0:01:49.8]} 28... Nxc3 {[%clk 0:03:18.5]} 29. Rad2 {[%clk 0:01:07.6]} 29... Nxd1 {[%clk 0:03:15.5]} 30. Rxd1 {[%clk 0:01:06.2]} 30... Rd8 {[%clk 0:03:12.9]} 31. Rb1 {[%clk 0:01:02.4]} 31... Bxg4 {[%clk 0:03:08.7]} 32. hxg4 {[%clk 0:01:00.7]} 32... Rab8 {[%clk 0:03:00.9]} 33. Rc1 {[%clk 0:00:56.5]} 33... Kd6 {[%clk 0:02:54.1]} 34. g3 {[%clk 0:00:54]} 34... hxg3+ {[%clk 0:02:51.5]} 35. Kxg3 {[%clk 0:00:53.1]} 35... Rh8 {[%clk 0:02:49.2]} 36. Nd2 {[%clk 0:00:47.1]} 36... Rb2 {[%clk 0:02:44.9]} 37. Nc4+ {[%clk 0:00:44.7]} 37... Ke6 {[%clk 0:02:41.8]} 38. Nxb2 {[%clk 0:00:43.6]} 38... Kd7 {[%clk 0:02:39.3]} 39. Nc4 {[%clk 0:00:41.3]} 39... Rb8 {[%clk 0:02:21]} 40. Nb6+ {[%clk 0:00:38.1]} 40... Kc7 {[%clk 0:02:19.7]} 41. Rb1 {[%clk 0:00:33.3]} 41... Rd8 {[%clk 0:02:14.5]} 42. f3 {[%clk 0:00:29.5]} 42... Rd3 {[%clk 0:02:09.4]} 43. Nc4 {[%clk 0:00:26.4]} 43... Rc3 {[%clk 0:02:07]} 44. Nb6 {[%clk 0:00:21.5]} 44... Ra3 {[%clk 0:02:05.1]} 45. Nc4 {[%clk 0:00:19.5]} 45... Ra4 {[%clk 0:02:03]} 46. Rc1 {[%clk 0:00:16.1]} 46... Rb4 {[%clk 0:01:55.4]} 47. Kg2 {[%clk 0:00:15]} 47... Rb3 {[%clk 0:01:52.1]} 48. Kg3 {[%clk 0:00:13.8]} 48... Rd3 {[%clk 0:01:47.7]} 49. Kg2 {[%clk 0:00:11.8]} 49... Rd8 {[%clk 0:01:43.7]} 50. Kg3 {[%clk 0:00:10.9]} 50... Rg8 {[%clk 0:01:37]} 51. Kg2 {[%clk 0:00:09.9]} 51... c5 {[%clk 0:01:28.9]} 52. Kg3 {[%clk 0:00:08.8]} 52... Rd8 {[%clk 0:01:25.9]} 53. Kg2 {[%clk 0:00:06.6]} 53... Rd4 {[%clk 0:01:24.2]} 54. Kg3 {[%clk 0:00:04.8]} 54... Kc6 {[%clk 0:01:17.3]} 55. Nb6 {[%clk 0:00:03.2]} 55... Rb4 {[%clk 0:01:12.9]} 56. Nc8 {[%clk 0:00:02]} 56... Rb8 {[%clk 0:01:09.1]} 57. Ne7+ {[%clk 0:00:00.6]} 57... Kd6 {[%clk 0:01:05.7]} 58. Nf5+ {[%clk 0:00:00.1]} 58... Ke6 {[%clk 0:01:02.7]} 0-1
"
2025-11-23,1763892241,black,830,Rematto11,825,1.0,Win,French Defense Knight Variation,C00,https://www.chess.com/openings/French-Defense-Knight-Variation,blitz,https://www.chess.com/game/live/145855253126,228,"[Event ""Live Chess""]
[Site ""Chess.com""]
[Date ""2025.11.23""]
[Round ""-""]
[White ""Rematto11""]
[Black ""RhysLWells""]
[Result ""0-1""]
[CurrentPosition ""r4kn1/2pq2r1/p3b2p/3pPpp1/8/2NB1P2/P2B1P1P/R4RK1 w - - 0 23""]
[Timezone ""UTC""]
[ECO ""C00""]
[ECOUrl ""https://www.chess.com/openings/French-Defense-Knight-Variation""]
[UTCDate ""2025.11.23""]
[UTCTime ""10:00:13""]
[WhiteElo ""825""]
[BlackElo ""830""]
[TimeControl ""300""]
[Termination ""RhysLWells won by resignation""]
[StartTime ""10:00:13""]
[EndDate ""2025.11.23""]
[EndTime ""10:04:01""]
[Link ""https://www.chess.com/game/live/145855253126""]

1. e4 {[%clk 0:04:59.7]} 1... e6 {[%clk 0:04:58.6]} 2. Nf3 {[%clk 0:04:58.9]} 2... Nc6 {[%clk 0:04:56.6]} 3. Bc4 {[%clk 0:04:57.5]} 3... Nf6 {[%clk 0:04:54.9]} 4. Ng5 {[%clk 0:04:54.1]} 4... Qe7 {[%clk 0:04:48.2]} 5. O-O {[%clk 0:04:49.5]} 5... h6 {[%clk 0:04:46.7]} 6. Nf3 {[%clk 0:04:47.7]} 6... a6 {[%clk 0:04:41.6]} 7. e5 {[%clk 0:04:42.6]} 7... Ng8 {[%clk 0:04:33.4]} 8. d4 {[%clk 0:04:39.6]} 8... b5 {[%clk 0:04:27.6]} 9. Be2 {[%clk 0:04:36.5]} 9... d5 {[%clk 0:04:23.1]} 10. b3 {[%clk 0:04:33.9]} 10... Bd7 {[%clk 0:04:18.2]} 11. c4 {[%clk 0:04:31.9]} 11... bxc4 {[%clk 0:04:14.7]} 12. bxc4 {[%clk 0:04:30.3]} 12... f6 {[%clk 0:03:46.9]} 13. cxd5 {[%clk 0:04:25]} 13... exd5 {[%clk 0:03:45.6]} 14. Nc3 {[%clk 0:04:20.6]} 14... Be6 {[%clk 0:03:38]} 15. Bf4 {[%clk 0:04:07.8]} 15... Qd7 {[%clk 0:03:34.8]} 16. Nh4 {[%clk 0:03:57.9]} 16... g5 {[%clk 0:03:32.1]} 17. Ng6 {[%clk 0:03:53.8]} 17... Rh7 {[%clk 0:03:26.2]} 18. Bd2 {[%clk 0:03:39.5]} 18... Nxd4 {[%clk 0:03:24.1]} 19. Bd3 {[%clk 0:03:34.1]} 19... Rg7 {[%clk 0:03:18.6]} 20. Nxf8 {[%clk 0:03:20.9]} 20... Kxf8 {[%clk 0:03:16.5]} 21. Qf3 {[%clk 0:03:18.4]} 21... Nxf3+ {[%clk 0:03:11]} 22. gxf3 {[%clk 0:03:14.8]} 22... f5 {[%clk 0:03:09.8]} 0-1
"
2025-11-22,1763838311,white,822,PJ_Gulde,855,0.0,Loss,Queens Pawn Opening Krause Variation 3.E3 Nc6,D02,https://www.chess.com/openings/Queens-Pawn-Opening-Krause-Variation-3.e3-Nc6,blitz,https://www.chess.com/game/live/145833918140,317,"[Event ""Live Chess""]
[Site ""Chess.com""]
[Date ""2025.11.22""]
[Round ""-""]
[White ""RhysLWells""]
[Black ""PJ_Gulde""]
[Result ""0-1""]
[CurrentPosition ""r3r3/ppb2k1p/4pp2/3p4/2P5/1P1bPQ2/P2N1PPq/R3RK2 w - - 2 19""]
[Timezone ""UTC""]
[ECO ""D02""]
[ECOUrl ""https://www.chess.com/openings/Queens-Pawn-Opening-Krause-Variation-3.e3-Nc6""]
[UTCDate ""2025.11.22""]
[UTCTime ""18:59:54""]
[WhiteElo ""822""]
[BlackElo ""855""]
[TimeControl ""300""]
[Termination ""PJ_Gulde won - game abandoned""]
[StartTime ""18:59:54""]
[EndDate ""2025.11.22""]
[EndTime ""19:05:11""]
[Link ""https://www.chess.com/game/live/145833918140""]

1. d4 {[%clk 0:04:58.4]} 1... d5 {[%clk 0:04:57.4]} 2. Nf3 {[%clk 0:04:56.6]} 2... c5 {[%clk 0:04:54]} 3. e3 {[%clk 0:04:54.1]} 3... Nc6 {[%clk 0:04:53.1]} 4. Bb5 {[%clk 0:04:50.6]} 4... Bf5 {[%clk 0:04:49]} 5. Ne5 {[%clk 0:04:45.9]} 5... Qc7 {[%clk 0:04:22.2]} 6. Nxf7 {[%clk 0:04:27]} 6... Kxf7 {[%clk 0:04:17]} 7. Qh5+ {[%clk 0:04:24.6]} 7... Bg6 {[%clk 0:04:15.5]} 8. Qf3+ {[%clk 0:04:18.6]} 8... Nf6 {[%clk 0:04:14]} 9. Bxc6 {[%clk 0:04:17.1]} 9... Qxc6 {[%clk 0:04:07.3]} 10. O-O {[%clk 0:04:15.5]} 10... e6 {[%clk 0:04:05.9]} 11. Nd2 {[%clk 0:04:04.1]} 11... Bd6 {[%clk 0:03:54]} 12. b3 {[%clk 0:03:59.6]} 12... Rhe8 {[%clk 0:03:50.4]} 13. Bb2 {[%clk 0:03:57.5]} 13... Bc7 {[%clk 0:03:31.6]} 14. dxc5 {[%clk 0:03:51.3]} 14... Qxc5 {[%clk 0:03:22.4]} 15. Bxf6 {[%clk 0:03:30.2]} 15... gxf6 {[%clk 0:03:18.8]} 16. c4 {[%clk 0:03:25.6]} 16... Qd6 {[%clk 0:03:07.5]} 17. Rfe1 {[%clk 0:02:59.7]} 17... Qxh2+ {[%clk 0:02:52.5]} 18. Kf1 {[%clk 0:02:54.8]} 18... Bd3+ {[%clk 0:02:33]} 0-1
"
2025-11-22,1763837865,black,830,eliy1000,863,0.0,Loss,Nimzowitsch Larsen Attack Classical Variation 2.Bb2 E6,A01,https://www.chess.com/openings/Nimzowitsch-Larsen-Attack-Classical-Variation-2.Bb2-e6,blitz,https://www.chess.com/game/live/145833528484,586,"[Event ""Live Chess""]
[Site ""Chess.com""]
[Date ""2025.11.22""]
[Round ""-""]
[White ""eliy1000""]
[Black ""RhysLWells""]
[Result ""1-0""]
[CurrentPosition ""8/1k6/1p6/RQ2B3/3P1P2/1P3K2/1r5p/7R b - - 0 43""]
[Timezone ""UTC""]
[ECO ""A01""]
[ECOUrl ""https://www.chess.com/openings/Nimzowitsch-Larsen-Attack-Classical-Variation-2.Bb2-e6""]
[UTCDate ""2025.11.22""]
[UTCTime ""18:47:59""]
[WhiteElo ""863""]
[BlackElo ""830""]
[TimeControl ""300""]
[Termination ""eliy1000 won on time""]
[StartTime ""18:47:59""]
[EndDate ""2025.11.22""]
[EndTime ""18:57:45""]
[Link ""https://www.chess.com/game/live/145833528484""]

1. b3 {[%clk 0:04:51]} 1... e6 {[%clk 0:04:55.5]} 2. Bb2 {[%clk 0:04:49.8]} 2... d5 {[%clk 0:04:54.8]} 3. g3 {[%clk 0:04:48.7]} 3... Nc6 {[%clk 0:04:54.2]} 4. Bg2 {[%clk 0:04:48]} 4... Nf6 {[%clk 0:04:51.1]} 5. d3 {[%clk 0:04:47]} 5... Be7 {[%clk 0:04:47.3]} 6. Nf3 {[%clk 0:04:45.9]} 6... b6 {[%clk 0:04:41.3]} 7. O-O {[%clk 0:04:44.4]} 7... Bb7 {[%clk 0:04:39.8]} 8. Nbd2 {[%clk 0:04:37.3]} 8... h6 {[%clk 0:04:36.1]} 9. c4 {[%clk 0:04:34.8]} 9... Qd7 {[%clk 0:04:31.8]} 10. cxd5 {[%clk 0:04:33.5]} 10... Qxd5 {[%clk 0:04:28.1]} 11. Nh4 {[%clk 0:04:25]} 11... Qd7 {[%clk 0:04:20.8]} 12. Nc4 {[%clk 0:04:21.4]} 12... g5 {[%clk 0:04:10.8]} 13. Nf3 {[%clk 0:04:15.7]} 13... O-O-O {[%clk 0:04:03.2]} 14. Nfe5 {[%clk 0:04:14.1]} 14... Nxe5 {[%clk 0:03:58.7]} 15. Nxe5 {[%clk 0:04:12.5]} 15... Qe8 {[%clk 0:03:57.8]} 16. Bxb7+ {[%clk 0:04:09.7]} 16... Kxb7 {[%clk 0:03:56.7]} 17. Qc2 {[%clk 0:04:05.8]} 17... Bd6 {[%clk 0:03:44.4]} 18. Nc4 {[%clk 0:03:59]} 18... Be7 {[%clk 0:03:33.1]} 19. a4 {[%clk 0:03:56.8]} 19... Rg8 {[%clk 0:03:25.3]} 20. a5 {[%clk 0:03:54.5]} 20... Bc5 {[%clk 0:03:16]} 21. axb6 {[%clk 0:03:49.3]} 21... cxb6 {[%clk 0:03:05.5]} 22. Bxf6 {[%clk 0:03:47.3]} 22... Rc8 {[%clk 0:02:56]} 23. Qa2 {[%clk 0:03:45]} 23... a5 {[%clk 0:02:43.6]} 24. d4 {[%clk 0:03:39.4]} 24... Bb4 {[%clk 0:02:34.5]} 25. Be5 {[%clk 0:03:13.1]} 25... Qc6 {[%clk 0:02:05.1]} 26. Qc2 {[%clk 0:02:53]} 26... f5 {[%clk 0:01:43.9]} 27. Rfd1 {[%clk 0:02:38.8]} 27... h5 {[%clk 0:01:32.4]} 28. e3 {[%clk 0:02:06.9]} 28... h4 {[%clk 0:01:27.8]} 29. Rdc1 {[%clk 0:01:33.6]} 29... h3 {[%clk 0:01:25.5]} 30. f4 {[%clk 0:01:27.3]} 30... gxf4 {[%clk 0:01:16.1]} 31. exf4 {[%clk 0:01:25.9]} 31... Rxg3+ {[%clk 0:00:43.6]} 32. hxg3 {[%clk 0:01:18.2]} 32... Rg8 {[%clk 0:00:42.8]} 33. Nd6+ {[%clk 0:01:12.5]} 33... Bxd6 {[%clk 0:00:40.9]} 34. Qxc6+ {[%clk 0:01:10.7]} 34... Ka6 {[%clk 0:00:36]} 35. Qxd6 {[%clk 0:00:59.4]} 35... Rxg3+ {[%clk 0:00:34.4]} 36. Kf2 {[%clk 0:00:57.6]} 36... Rg2+ {[%clk 0:00:29.4]} 37. Kf3 {[%clk 0:00:54.2]} 37... Rb2 {[%clk 0:00:18.9]} 38. Qxe6 {[%clk 0:00:47.7]} 38... Rd2 {[%clk 0:00:13]} 39. Qxf5 {[%clk 0:00:45.4]} 39... h2 {[%clk 0:00:10.6]} 40. Rh1 {[%clk 0:00:42.4]} 40... Rb2 {[%clk 0:00:05.6]} 41. Qd3+ {[%clk 0:00:39.5]} 41... Ka7 {[%clk 0:00:01.5]} 42. Qb5 {[%clk 0:00:34.1]} 42... Kb7 {[%clk 0:00:00.7]} 43. Rxa5 {[%clk 0:00:30.3]} 1-0
"
2025-11-21,1763759761,white,838,vrizzo823,841,0.0,Loss,Scandinavian Defense Closed 2...D4,B01,https://www.chess.com/openings/Scandinavian-Defense-Closed-2...d4,blitz,https://www.chess.com/game/live/145798392712,264,"[Event ""Live Chess""]
[Site ""Chess.com""]
[Date ""2025.11.21""]
[Round ""-""]
[White ""RhysLWells""]
[Black ""vrizzo823""]
[Result ""0-1""]
[CurrentPosition ""2kr3r/ppp1bpp1/6p1/4p3/Nn1pP1P1/1P1P4/PB1P1P2/1K1R3R w - - 3 19""]
[Timezone ""UTC""]
[ECO ""B01""]
[ECOUrl ""https://www.chess.com/openings/Scandinavian-Defense-Closed-2...d4""]
[UTCDate ""2025.11.21""]
[UTCTime ""21:11:37""]
[WhiteElo ""838""]
[BlackElo ""841""]
[TimeControl ""300""]
[Termination ""vrizzo823 won - game abandoned""]
[StartTime ""21:11:37""]
[EndDate ""2025.11.21""]
[EndTime ""21:16:01""]
[Link ""https://www.chess.com/game/live/145798392712""]

1. e4 {[%clk 0:04:59.2]} 1... d5 {[%clk 0:04:58.7]} 2. Nc3 {[%clk 0:04:55.3]} 2... d4 {[%clk 0:04:55.9]} 3. Na4 {[%clk 0:04:50.2]} 3... Nc6 {[%clk 0:04:51.8]} 4. b3 {[%clk 0:04:45.7]} 4... Nf6 {[%clk 0:04:49.1]} 5. Bd3 {[%clk 0:04:42.3]} 5... e5 {[%clk 0:04:46.4]} 6. Nf3 {[%clk 0:04:37.7]} 6... Bg4 {[%clk 0:04:34.8]} 7. h3 {[%clk 0:04:35.2]} 7... Bh5 {[%clk 0:04:32.7]} 8. g4 {[%clk 0:04:34.3]} 8... Bg6 {[%clk 0:04:30.8]} 9. Nh4 {[%clk 0:04:32]} 9... Bd6 {[%clk 0:04:14.6]} 10. Nxg6 {[%clk 0:04:28.3]} 10... hxg6 {[%clk 0:04:13.4]} 11. g5 {[%clk 0:03:55.9]} 11... Nh5 {[%clk 0:04:08.5]} 12. Qf3 {[%clk 0:03:49.8]} 12... Nf4 {[%clk 0:04:03.7]} 13. Bb2 {[%clk 0:03:36.9]} 13... Qxg5 {[%clk 0:04:01]} 14. O-O-O {[%clk 0:03:29.7]} 14... O-O-O {[%clk 0:03:49.1]} 15. Qg4+ {[%clk 0:03:20.4]} 15... Qxg4 {[%clk 0:03:38.3]} 16. hxg4 {[%clk 0:03:19.2]} 16... Nxd3+ {[%clk 0:03:28.7]} 17. cxd3 {[%clk 0:03:14.5]} 17... Be7 {[%clk 0:03:25.4]} 18. Kb1 {[%clk 0:03:07.2]} 18... Nb4 {[%clk 0:03:22.9]} 0-1
"
2025-11-21,1763759494,white,846,Essam-79,876,0.0,Loss,Pirc Defense Maroczy Defense 3.Dxe5 Dxe5 4.Qxd8 Kxd8,B07,https://www.chess.com/openings/Pirc-Defense-Maroczy-Defense-3.dxe5-dxe5-4.Qxd8-Kxd8,blitz,https://www.chess.com/game/live/145798228050,332,"[Event ""Live Chess""]
[Site ""Chess.com""]
[Date ""2025.11.21""]
[Round ""-""]
[White ""RhysLWells""]
[Black ""Essam-79""]
[Result ""0-1""]
[CurrentPosition ""3k4/ppp4p/4Bn2/4p3/1n2P1P1/1P3P2/PK5P/3r4 w - - 0 24""]
[Timezone ""UTC""]
[ECO ""B07""]
[ECOUrl ""https://www.chess.com/openings/Pirc-Defense-Maroczy-Defense-3.dxe5-dxe5-4.Qxd8-Kxd8""]
[UTCDate ""2025.11.21""]
[UTCTime ""21:06:02""]
[WhiteElo ""846""]
[BlackElo ""876""]
[TimeControl ""300""]
[Termination ""Essam-79 won by resignation""]
[StartTime ""21:06:02""]
[EndDate ""2025.11.21""]
[EndTime ""21:11:34""]
[Link ""https://www.chess.com/game/live/145798228050""]

1. e4 {[%clk 0:04:59.1]} 1... d6 {[%clk 0:04:58.7]} 2. d4 {[%clk 0:04:57.8]} 2... e5 {[%clk 0:04:55.5]} 3. dxe5 {[%clk 0:04:55.3]} 3... dxe5 {[%clk 0:04:53.9]} 4. Qxd8+ {[%clk 0:04:54.6]} 4... Kxd8 {[%clk 0:04:53.5]} 5. Ne2 {[%clk 0:04:52.5]} 5... Be6 {[%clk 0:04:47.2]} 6. b3 {[%clk 0:04:49.8]} 6... Nc6 {[%clk 0:04:46.6]} 7. c3 {[%clk 0:04:46.9]} 7... Kd7 {[%clk 0:04:42.7]} 8. Nd2 {[%clk 0:04:45.9]} 8... Rd8 {[%clk 0:04:41.3]} 9. Bb2 {[%clk 0:04:44]} 9... Kc8 {[%clk 0:04:38.6]} 10. O-O-O {[%clk 0:04:40.2]} 10... Bc5 {[%clk 0:04:34.6]} 11. f3 {[%clk 0:04:29.9]} 11... Nf6 {[%clk 0:04:25.5]} 12. Ng3 {[%clk 0:04:19.9]} 12... Rd6 {[%clk 0:04:17.5]} 13. Be2 {[%clk 0:04:09.9]} 13... Rhd8 {[%clk 0:03:55.8]} 14. Nf5 {[%clk 0:04:01.3]} 14... R6d7 {[%clk 0:03:43.3]} 15. Nxg7 {[%clk 0:03:56.5]} 15... Be3 {[%clk 0:03:32.8]} 16. Nxe6 {[%clk 0:03:49.6]} 16... fxe6 {[%clk 0:03:19.6]} 17. Bc4 {[%clk 0:03:22.5]} 17... Bxd2+ {[%clk 0:03:08.9]} 18. Kb1 {[%clk 0:03:16.3]} 18... Bxc3 {[%clk 0:02:55.1]} 19. Rxd7 {[%clk 0:03:10.4]} 19... Rxd7 {[%clk 0:02:50.1]} 20. Bxe6 {[%clk 0:03:09.1]} 20... Bxb2 {[%clk 0:02:36.3]} 21. Kxb2 {[%clk 0:02:59.3]} 21... Nb4 {[%clk 0:02:20.6]} 22. Rd1 {[%clk 0:02:55]} 22... Kd8 {[%clk 0:02:14.1]} 23. g4 {[%clk 0:02:46.2]} 23... Rxd1 {[%clk 0:02:09.2]} 0-1
"
2025-11-21,1763758983,black,854,icyyou7,815,1.0,Win,Slav Defense 3.Bf4,D10,https://www.chess.com/openings/Slav-Defense-3.Bf4,blitz,https://www.chess.com/game/live/145797875004,529,"[Event ""Live Chess""]
[Site ""Chess.com""]
[Date ""2025.11.21""]
[Round ""-""]
[White ""icyyou7""]
[Black ""RhysLWells""]
[Result ""0-1""]
[CurrentPosition ""8/p5k1/1p2P3/6p1/8/6PP/P2r2q1/2R1R1K1 w - - 7 36""]
[Timezone ""UTC""]
[ECO ""D10""]
[ECOUrl ""https://www.chess.com/openings/Slav-Defense-3.Bf4""]
[UTCDate ""2025.11.21""]
[UTCTime ""20:54:14""]
[WhiteElo ""815""]
[BlackElo ""854""]
[TimeControl ""300""]
[Termination ""RhysLWells won by checkmate""]
[StartTime ""20:54:14""]
[EndDate ""2025.11.21""]
[EndTime ""21:03:03""]
[Link ""https://www.chess.com/game/live/145797875004""]

1. d4 {[%clk 0:04:58.3]} 1... d5 {[%clk 0:04:57]} 2. c4 {[%clk 0:04:56.9]} 2... c6 {[%clk 0:04:55.3]} 3. Bf4 {[%clk 0:04:46.8]} 3... Nd7 {[%clk 0:04:47.5]} 4. e3 {[%clk 0:04:42.1]} 4... g6 {[%clk 0:04:41.5]} 5. Nf3 {[%clk 0:04:37.8]} 5... Bg7 {[%clk 0:04:32.1]} 6. Bd3 {[%clk 0:04:36.2]} 6... f6 {[%clk 0:04:29.9]} 7. O-O {[%clk 0:04:26.6]} 7... e6 {[%clk 0:04:21.5]} 8. Re1 {[%clk 0:03:53.7]} 8... c5 {[%clk 0:04:16.4]} 9. Qc2 {[%clk 0:03:51.5]} 9... Ne7 {[%clk 0:03:59.6]} 10. e4 {[%clk 0:03:49.5]} 10... g5 {[%clk 0:03:53.6]} 11. Bg3 {[%clk 0:03:41.8]} 11... h5 {[%clk 0:03:50.3]} 12. h3 {[%clk 0:03:39.4]} 12... h4 {[%clk 0:03:48.6]} 13. Bh2 {[%clk 0:03:38.5]} 13... O-O {[%clk 0:03:36.1]} 14. exd5 {[%clk 0:03:33.9]} 14... exd5 {[%clk 0:03:31]} 15. Bh7+ {[%clk 0:03:32.7]} 15... Kh8 {[%clk 0:03:23]} 16. cxd5 {[%clk 0:03:19.3]} 16... cxd4 {[%clk 0:03:12.2]} 17. Nxd4 {[%clk 0:03:15.4]} 17... Ne5 {[%clk 0:02:56]} 18. Ne6 {[%clk 0:03:10.8]} 18... Bxe6 {[%clk 0:02:48.3]} 19. dxe6 {[%clk 0:03:07.8]} 19... Rc8 {[%clk 0:02:46.6]} 20. Qe4 {[%clk 0:02:53.2]} 20... f5 {[%clk 0:02:20.4]} 21. Bxf5 {[%clk 0:02:50.3]} 21... Rxf5 {[%clk 0:02:13.1]} 22. Bxe5 {[%clk 0:02:35.9]} 22... Bxe5 {[%clk 0:02:08.7]} 23. Qg4 {[%clk 0:02:33.8]} 23... Qe8 {[%clk 0:01:43.8]} 24. Nc3 {[%clk 0:02:22]} 24... Bxc3 {[%clk 0:01:40.6]} 25. bxc3 {[%clk 0:02:18.1]} 25... Rxc3 {[%clk 0:01:39.1]} 26. Qd4+ {[%clk 0:02:12.7]} 26... Kg8 {[%clk 0:01:14]} 27. Qxc3 {[%clk 0:02:09.5]} 27... Nd5 {[%clk 0:01:09.9]} 28. Qb3 {[%clk 0:02:03.1]} 28... b6 {[%clk 0:00:53.1]} 29. Qxd5 {[%clk 0:02:00.4]} 29... Rxd5 {[%clk 0:00:50.2]} 30. Rac1 {[%clk 0:01:45.9]} 30... Qe7 {[%clk 0:00:41.8]} 31. g3 {[%clk 0:01:37]} 31... hxg3 {[%clk 0:00:39.2]} 32. fxg3 {[%clk 0:01:36.1]} 32... Kg7 {[%clk 0:00:32.1]} 33. Kg2 {[%clk 0:01:35.1]} 33... Qb7 {[%clk 0:00:27.9]} 34. Kh2 {[%clk 0:01:25.4]} 34... Rd2+ {[%clk 0:00:26]} 35. Kg1 {[%clk 0:01:04.7]} 35... Qg2# {[%clk 0:00:24]} 0-1
"
2025-11-21,1763757849,white,847,suomisuuri,855,1.0,Win,Philidor Defense 3.Bc4,C41,https://www.chess.com/openings/Philidor-Defense-3.Bc4,blitz,https://www.chess.com/game/live/145797251036,601,"[Event ""Live Chess""]
[Site ""Chess.com""]
[Date ""2025.11.21""]
[Round ""-""]
[White ""RhysLWells""]
[Black ""suomisuuri""]
[Result ""1-0""]
[CurrentPosition ""5b1k/p1R4p/8/2PR4/8/6P1/1r3P1P/6K1 b - - 1 39""]
[Timezone ""UTC""]
[ECO ""C41""]
[ECOUrl ""https://www.chess.com/openings/Philidor-Defense-3.Bc4""]
[UTCDate ""2025.11.21""]
[UTCTime ""20:34:08""]
[WhiteElo ""847""]
[BlackElo ""855""]
[TimeControl ""300""]
[Termination ""RhysLWells won on time""]
[StartTime ""20:34:08""]
[EndDate ""2025.11.21""]
[EndTime ""20:44:09""]
[Link ""https://www.chess.com/game/live/145797251036""]

1. e4 {[%clk 0:04:59.1]} 1... e5 {[%clk 0:04:57.2]} 2. Nf3 {[%clk 0:04:56]} 2... d6 {[%clk 0:04:55.9]} 3. Bc4 {[%clk 0:04:55.3]} 3... f5 {[%clk 0:04:53.3]} 4. Nc3 {[%clk 0:04:52.4]} 4... fxe4 {[%clk 0:04:51.4]} 5. Nxe4 {[%clk 0:04:50.8]} 5... d5 {[%clk 0:04:49.8]} 6. Nxe5 {[%clk 0:04:20.7]} 6... Qe7 {[%clk 0:04:24.8]} 7. Qh5+ {[%clk 0:04:00.9]} 7... g6 {[%clk 0:04:23.5]} 8. Nxg6 {[%clk 0:03:40.3]} 8... Qxe4+ {[%clk 0:04:16.3]} 9. Be2 {[%clk 0:03:32.5]} 9... Qxg6 {[%clk 0:04:03.2]} 10. Qxd5 {[%clk 0:03:22.2]} 10... Nf6 {[%clk 0:03:29.6]} 11. Qe5+ {[%clk 0:02:50.5]} 11... Be7 {[%clk 0:03:21.9]} 12. Bf3 {[%clk 0:02:42.8]} 12... Nbd7 {[%clk 0:03:15.8]} 13. Qe3 {[%clk 0:02:24.7]} 13... O-O {[%clk 0:02:43.7]} 14. O-O {[%clk 0:02:20.8]} 14... b6 {[%clk 0:02:38.3]} 15. Qb3+ {[%clk 0:02:11]} 15... Qf7 {[%clk 0:02:29.8]} 16. Bxa8 {[%clk 0:02:09.2]} 16... Qxb3 {[%clk 0:02:22.3]} 17. axb3 {[%clk 0:02:08.6]} 17... Ba6 {[%clk 0:02:20.8]} 18. Rxa6 {[%clk 0:01:52.4]} 18... Rxa8 {[%clk 0:02:18.9]} 19. Re1 {[%clk 0:01:48.8]} 19... Bd6 {[%clk 0:02:06.2]} 20. d3 {[%clk 0:01:38.2]} 20... Nc5 {[%clk 0:01:56.9]} 21. Ra1 {[%clk 0:01:31.2]} 21... Nd5 {[%clk 0:01:53]} 22. Be3 {[%clk 0:01:26.2]} 22... Nb4 {[%clk 0:01:49.7]} 23. Re2 {[%clk 0:01:13.8]} 23... Nd7 {[%clk 0:01:38.8]} 24. g3 {[%clk 0:00:56.6]} 24... Nd5 {[%clk 0:01:36.2]} 25. c4 {[%clk 0:00:44.5]} 25... Nb4 {[%clk 0:01:28.5]} 26. d4 {[%clk 0:00:33]} 26... Nf6 {[%clk 0:01:15.8]} 27. c5 {[%clk 0:00:31.3]} 27... bxc5 {[%clk 0:01:02.4]} 28. dxc5 {[%clk 0:00:30.3]} 28... Bf8 {[%clk 0:00:52.3]} 29. Rc1 {[%clk 0:00:27]} 29... Nbd5 {[%clk 0:00:44.9]} 30. Bd4 {[%clk 0:00:25.7]} 30... c6 {[%clk 0:00:36.9]} 31. Rcc2 {[%clk 0:00:22.6]} 31... Nb4 {[%clk 0:00:23.8]} 32. Rcd2 {[%clk 0:00:18.3]} 32... Nbd5 {[%clk 0:00:19.3]} 33. Bxf6 {[%clk 0:00:17.2]} 33... Nxf6 {[%clk 0:00:16.8]} 34. Re6 {[%clk 0:00:16.8]} 34... Nd5 {[%clk 0:00:11.4]} 35. Rxc6 {[%clk 0:00:15.7]} 35... Rb8 {[%clk 0:00:09.3]} 36. Rxd5 {[%clk 0:00:14.9]} 36... Rxb3 {[%clk 0:00:06.9]} 37. Rg5+ {[%clk 0:00:14.2]} 37... Kh8 {[%clk 0:00:04.5]} 38. Rc7 {[%clk 0:00:13.6]} 38... Rxb2 {[%clk 0:00:00.6]} 39. Rd5 {[%clk 0:00:13]} 1-0
"
2025-11-21,1763746273,black,838,Qurban052,858,0.5,Draw,Philidor Defense 3.Bc4,C41,https://www.chess.com/openings/Philidor-Defense-3.Bc4,blitz,https://www.chess.com/game/live/145790682884,435,"[Event ""Live Chess""]
[Site ""Chess.com""]
[Date ""2025.11.21""]
[Round ""-""]
[White ""Qurban052""]
[Black ""RhysLWells""]
[Result ""1/2-1/2""]
[CurrentPosition ""4r1k1/1N1r1pp1/p6p/3n4/3R4/8/P4KPP/8 w - - 12 40""]
[Timezone ""UTC""]
[ECO ""C41""]
[ECOUrl ""https://www.chess.com/openings/Philidor-Defense-3.Bc4""]
[UTCDate ""2025.11.21""]
[UTCTime ""17:23:58""]
[WhiteElo ""858""]
[BlackElo ""838""]
[TimeControl ""300""]
[Termination ""Game drawn by repetition""]
[StartTime ""17:23:58""]
[EndDate ""2025.11.21""]
[EndTime ""17:31:13""]
[Link ""https://www.chess.com/game/live/145790682884""]

1. e4 {[%clk 0:04:59.2]} 1... d6 {[%clk 0:04:56.5]} 2. Nf3 {[%clk 0:04:58]} 2... e5 {[%clk 0:04:54.8]} 3. Bc4 {[%clk 0:04:57.1]} 3... h6 {[%clk 0:04:51.6]} 4. O-O {[%clk 0:04:56.5]} 4... a6 {[%clk 0:04:49.2]} 5. Nc3 {[%clk 0:04:54.4]} 5... Bd7 {[%clk 0:04:48.4]} 6. d4 {[%clk 0:04:52]} 6... Nc6 {[%clk 0:04:46.5]} 7. d5 {[%clk 0:04:50.8]} 7... Na5 {[%clk 0:04:43]} 8. Bd2 {[%clk 0:04:49.2]} 8... Nxc4 {[%clk 0:04:40.1]} 9. b3 {[%clk 0:04:45.8]} 9... Nxd2 {[%clk 0:04:34.4]} 10. Qxd2 {[%clk 0:04:43.5]} 10... Nf6 {[%clk 0:04:29.1]} 11. Ne1 {[%clk 0:04:38.4]} 11... Be7 {[%clk 0:04:26.5]} 12. f4 {[%clk 0:04:37.4]} 12... O-O {[%clk 0:04:16.3]} 13. fxe5 {[%clk 0:04:34.9]} 13... dxe5 {[%clk 0:04:14.4]} 14. Ne2 {[%clk 0:04:31.8]} 14... Bb5 {[%clk 0:04:08.8]} 15. c4 {[%clk 0:04:29.8]} 15... Bd7 {[%clk 0:04:03.9]} 16. Ng3 {[%clk 0:04:27.9]} 16... Bd6 {[%clk 0:03:59.3]} 17. Rf2 {[%clk 0:04:24.7]} 17... b6 {[%clk 0:03:55.1]} 18. Nf3 {[%clk 0:04:23.2]} 18... Bc5 {[%clk 0:03:50.3]} 19. Rf1 {[%clk 0:04:14.2]} 19... Bxf2+ {[%clk 0:03:48.1]} 20. Qxf2 {[%clk 0:04:11.3]} 20... b5 {[%clk 0:03:36.8]} 21. Nxe5 {[%clk 0:04:08.9]} 21... bxc4 {[%clk 0:03:13.5]} 22. bxc4 {[%clk 0:04:03.9]} 22... Qe8 {[%clk 0:02:37.4]} 23. Nd3 {[%clk 0:03:53.2]} 23... Rd8 {[%clk 0:02:27.6]} 24. e5 {[%clk 0:03:51.3]} 24... Ng4 {[%clk 0:02:21.3]} 25. Qf4 {[%clk 0:03:43.1]} 25... c5 {[%clk 0:02:06.4]} 26. Nxc5 {[%clk 0:03:38.6]} 26... Nxe5 {[%clk 0:01:57.4]} 27. Nf5 {[%clk 0:03:30.3]} 27... Bxf5 {[%clk 0:01:47.8]} 28. Qxf5 {[%clk 0:03:28.3]} 28... Nxc4 {[%clk 0:01:40.1]} 29. Rf4 {[%clk 0:03:20]} 29... Ne3 {[%clk 0:01:34.4]} 30. Qd3 {[%clk 0:03:09.3]} 30... Nxd5 {[%clk 0:01:19.9]} 31. Rd4 {[%clk 0:03:05.6]} 31... Qe1+ {[%clk 0:01:12.3]} 32. Qf1 {[%clk 0:03:01.9]} 32... Rfe8 {[%clk 0:01:03.8]} 33. Qxe1 {[%clk 0:02:52.3]} 33... Rxe1+ {[%clk 0:01:02]} 34. Kf2 {[%clk 0:02:51.6]} 34... Ree8 {[%clk 0:00:42.3]} 35. Nb7 {[%clk 0:02:46.6]} 35... Rd7 {[%clk 0:00:26.8]} 36. Nc5 {[%clk 0:02:44.7]} 36... Rd6 {[%clk 0:00:24.9]} 37. Nb7 {[%clk 0:02:41]} 37... Rd7 {[%clk 0:00:22.6]} 38. Nc5 {[%clk 0:02:39.9]} 38... Rd6 {[%clk 0:00:21.8]} 39. Nb7 {[%clk 0:02:39.1]} 39... Rd7 {[%clk 0:00:21]} 1/2-1/2
"
2025-11-21,1763744998,black,837,Smitherines219,834,0.0,Loss,Nimzowitsch Defense 2.D4 E6 3.Nf3 D5 4.E5,B00,https://www.chess.com/openings/Nimzowitsch-Defense-2.d4-e6-3.Nf3-d5-4.e5,blitz,https://www.chess.com/game/live/145789804860,557,"[Event ""Live Chess""]
[Site ""Chess.com""]
[Date ""2025.11.21""]
[Round ""-""]
[White ""Smitherines219""]
[Black ""RhysLWells""]
[Result ""1-0""]
[CurrentPosition ""8/6k1/q5R1/2ppN3/1P1P2Q1/2P3K1/6PP/8 b - - 0 37""]
[Timezone ""UTC""]
[ECO ""B00""]
[ECOUrl ""https://www.chess.com/openings/Nimzowitsch-Defense-2.d4-e6-3.Nf3-d5-4.e5""]
[UTCDate ""2025.11.21""]
[UTCTime ""17:00:41""]
[WhiteElo ""834""]
[BlackElo ""837""]
[TimeControl ""300""]
[Termination ""Smitherines219 won on time""]
[StartTime ""17:00:41""]
[EndDate ""2025.11.21""]
[EndTime ""17:09:58""]
[Link ""https://www.chess.com/game/live/145789804860""]

1. e4 {[%clk 0:04:56.4]} 1... e6 {[%clk 0:04:59.3]} 2. d4 {[%clk 0:04:55.3]} 2... d5 {[%clk 0:04:58.6]} 3. e5 {[%clk 0:04:54.8]} 3... Nc6 {[%clk 0:04:58]} 4. Nf3 {[%clk 0:04:51.5]} 4... Nge7 {[%clk 0:04:56.3]} 5. Be2 {[%clk 0:04:42.2]} 5... h6 {[%clk 0:04:54.4]} 6. O-O {[%clk 0:04:41.6]} 6... Bd7 {[%clk 0:04:52.1]} 7. c3 {[%clk 0:04:40.6]} 7... a6 {[%clk 0:04:49.8]} 8. a4 {[%clk 0:04:39.2]} 8... Ng6 {[%clk 0:04:42.9]} 9. b4 {[%clk 0:04:33.2]} 9... b5 {[%clk 0:04:32]} 10. axb5 {[%clk 0:04:28]} 10... axb5 {[%clk 0:04:28.3]} 11. Rxa8 {[%clk 0:04:27.8]} 11... Qxa8 {[%clk 0:04:23.2]} 12. Bxb5 {[%clk 0:04:26.1]} 12... Qb7 {[%clk 0:04:14.5]} 13. Be2 {[%clk 0:04:16]} 13... Be7 {[%clk 0:04:09.6]} 14. Bd2 {[%clk 0:04:03.5]} 14... O-O {[%clk 0:04:04.8]} 15. Na3 {[%clk 0:04:01.9]} 15... Ra8 {[%clk 0:03:55.1]} 16. Nc2 {[%clk 0:03:48.4]} 16... Nd8 {[%clk 0:03:46.9]} 17. Be3 {[%clk 0:03:38.2]} 17... Bb5 {[%clk 0:03:39.6]} 18. Bxb5 {[%clk 0:03:34]} 18... Qxb5 {[%clk 0:03:38.5]} 19. Nd2 {[%clk 0:03:07.7]} 19... Nb7 {[%clk 0:03:15.8]} 20. f4 {[%clk 0:03:04.8]} 20... f5 {[%clk 0:02:47]} 21. exf6 {[%clk 0:03:00.6]} 21... Bxf6 {[%clk 0:02:43.1]} 22. f5 {[%clk 0:02:55.8]} 22... exf5 {[%clk 0:02:25.3]} 23. Rxf5 {[%clk 0:02:54]} 23... Ne7 {[%clk 0:02:05.2]} 24. Rf3 {[%clk 0:02:44.5]} 24... g5 {[%clk 0:01:58.4]} 25. Rxf6 {[%clk 0:02:38.6]} 25... Nd6 {[%clk 0:01:26.3]} 26. Rxh6 {[%clk 0:02:01.9]} 26... Ndf5 {[%clk 0:01:24]} 27. Rh5 {[%clk 0:01:53]} 27... Nxe3 {[%clk 0:01:20.5]} 28. Nxe3 {[%clk 0:01:52.9]} 28... Kg7 {[%clk 0:00:50.8]} 29. Rxg5+ {[%clk 0:01:47.2]} 29... Ng6 {[%clk 0:00:49.9]} 30. Qg4 {[%clk 0:01:35.4]} 30... Ra1+ {[%clk 0:00:44.3]} 31. Nef1 {[%clk 0:01:28.8]} 31... Qc6 {[%clk 0:00:26.6]} 32. Nf3 {[%clk 0:01:16.3]} 32... Rxf1+ {[%clk 0:00:20.8]} 33. Kxf1 {[%clk 0:01:14.7]} 33... Qc4+ {[%clk 0:00:20.2]} 34. Kf2 {[%clk 0:01:06.3]} 34... Qa2+ {[%clk 0:00:16.9]} 35. Kg3 {[%clk 0:01:04.9]} 35... Qa6 {[%clk 0:00:07.5]} 36. Ne5 {[%clk 0:01:02.8]} 36... c5 {[%clk 0:00:00.4]} 37. Rxg6+ {[%clk 0:00:59.5]} 1-0
"
2025-11-20,1763674378,white,845,322Dainj,865,0.0,Loss,Indian Game Knights Variation East Indian Defense 3.Nc3 Bg7,A48,https://www.chess.com/openings/Indian-Game-Knights-Variation-East-Indian-Defense-3.Nc3-Bg7,blitz,https://www.chess.com/game/live/145758078038,552,"[Event ""Live Chess""]
[Site ""Chess.com""]
[Date ""2025.11.20""]
[Round ""-""]
[White ""RhysLWells""]
[Black ""322Dainj""]
[Result ""0-1""]
[CurrentPosition ""8/p6p/5kp1/2N5/P2p4/2b5/2P1BP2/1K6 w - - 1 39""]
[Timezone ""UTC""]
[ECO ""A48""]
[ECOUrl ""https://www.chess.com/openings/Indian-Game-Knights-Variation-East-Indian-Defense-3.Nc3-Bg7""]
[UTCDate ""2025.11.20""]
[UTCTime ""21:23:46""]
[WhiteElo ""845""]
[BlackElo ""865""]
[TimeControl ""300""]
[Termination ""322Dainj won on time""]
[StartTime ""21:23:46""]
[EndDate ""2025.11.20""]
[EndTime ""21:32:58""]
[Link ""https://www.chess.com/game/live/145758078038""]

1. d4 {[%clk 0:04:54.3]} 1... Nf6 {[%clk 0:04:58]} 2. Nf3 {[%clk 0:04:51.8]} 2... g6 {[%clk 0:04:57]} 3. Nc3 {[%clk 0:04:50]} 3... Bg7 {[%clk 0:04:56.3]} 4. Bg5 {[%clk 0:04:46.5]} 4... O-O {[%clk 0:04:55]} 5. Bxf6 {[%clk 0:04:41]} 5... Bxf6 {[%clk 0:04:53.8]} 6. e3 {[%clk 0:04:39.2]} 6... d6 {[%clk 0:04:52.6]} 7. h4 {[%clk 0:04:34]} 7... Nd7 {[%clk 0:04:51.7]} 8. g4 {[%clk 0:04:30.2]} 8... b6 {[%clk 0:04:40.8]} 9. g5 {[%clk 0:04:28.9]} 9... Bg7 {[%clk 0:04:39.5]} 10. h5 {[%clk 0:04:24]} 10... Bb7 {[%clk 0:04:37.8]} 11. h6 {[%clk 0:04:18.7]} 11... Bh8 {[%clk 0:04:33.5]} 12. e4 {[%clk 0:04:10.3]} 12... f6 {[%clk 0:04:29.1]} 13. Bd3 {[%clk 0:03:57.1]} 13... fxg5 {[%clk 0:04:22]} 14. Nxg5 {[%clk 0:03:53.2]} 14... Bf6 {[%clk 0:04:08.9]} 15. Qd2 {[%clk 0:03:42.3]} 15... e5 {[%clk 0:03:38.9]} 16. Ne6 {[%clk 0:03:36.6]} 16... Qe7 {[%clk 0:03:25.1]} 17. Nxf8 {[%clk 0:03:30.7]} 17... Rxf8 {[%clk 0:03:25]} 18. O-O-O {[%clk 0:03:20.2]} 18... exd4 {[%clk 0:03:20.5]} 19. Bc4+ {[%clk 0:02:52.9]} 19... Kh8 {[%clk 0:03:00.3]} 20. Ne2 {[%clk 0:02:40.9]} 20... c5 {[%clk 0:02:52.9]} 21. Kb1 {[%clk 0:02:36.4]} 21... d5 {[%clk 0:02:48.2]} 22. exd5 {[%clk 0:02:32.7]} 22... Bxd5 {[%clk 0:02:48.1]} 23. Bxd5 {[%clk 0:02:31.3]} 23... Nb8 {[%clk 0:02:37.8]} 24. Rde1 {[%clk 0:02:23.5]} 24... Qd6 {[%clk 0:02:34.5]} 25. Bc4 {[%clk 0:02:15.8]} 25... Nc6 {[%clk 0:02:31.2]} 26. a3 {[%clk 0:02:01.2]} 26... Ne5 {[%clk 0:02:27.3]} 27. Ba6 {[%clk 0:01:47.8]} 27... Nf3 {[%clk 0:02:25.1]} 28. Qf4 {[%clk 0:01:40.9]} 28... Qxf4 {[%clk 0:02:08.9]} 29. Nxf4 {[%clk 0:01:37.6]} 29... Nxe1 {[%clk 0:02:07.6]} 30. Rxe1 {[%clk 0:01:36.1]} 30... Bg5 {[%clk 0:02:02.5]} 31. Ne6 {[%clk 0:01:33.1]} 31... Re8 {[%clk 0:01:49.6]} 32. Bc4 {[%clk 0:01:17.9]} 32... Bxh6 {[%clk 0:01:40]} 33. b4 {[%clk 0:00:58.7]} 33... Bd2 {[%clk 0:01:12.9]} 34. Re2 {[%clk 0:00:19.4]} 34... Bc3 {[%clk 0:01:11.1]} 35. bxc5 {[%clk 0:00:09.7]} 35... bxc5 {[%clk 0:01:08.5]} 36. Nxc5 {[%clk 0:00:08.8]} 36... Rxe2 {[%clk 0:01:06.2]} 37. Bxe2 {[%clk 0:00:07.7]} 37... Kg7 {[%clk 0:01:00.8]} 38. a4 {[%clk 0:00:00.7]} 38... Kf6 {[%clk 0:00:58.8]} 0-1
"
2025-11-20,1763673806,black,853,little_hardy,838,1.0,Win,Scandinavian Defense,B01,https://www.chess.com/openings/Scandinavian-Defense,blitz,https://www.chess.com/game/live/145757985844,164,"[Event ""Live Chess""]
[Site ""Chess.com""]
[Date ""2025.11.20""]
[Round ""-""]
[White ""little_hardy""]
[Black ""RhysLWells""]
[Result ""0-1""]
[CurrentPosition ""r2qk2r/1ppb1p1p/p3pN1p/8/6Q1/1P1P4/1PP2PPP/R4RK1 b kq - 0 14""]
[Timezone ""UTC""]
[ECO ""B01""]
[ECOUrl ""https://www.chess.com/openings/Scandinavian-Defense""]
[UTCDate ""2025.11.20""]
[UTCTime ""21:20:42""]
[WhiteElo ""838""]
[BlackElo ""853""]
[TimeControl ""300""]
[Termination ""RhysLWells won by resignation""]
[StartTime ""21:20:42""]
[EndDate ""2025.11.20""]
[EndTime ""21:23:26""]
[Link ""https://www.chess.com/game/live/145757985844""]

1. e4 {[%clk 0:04:59.4]} 1... d5 {[%clk 0:04:56.9]} 2. Nf3 {[%clk 0:04:59.3]} 2... dxe4 {[%clk 0:04:55.3]} 3. Ng5 {[%clk 0:04:58.2]} 3... Nf6 {[%clk 0:04:49.1]} 4. Bc4 {[%clk 0:04:56.2]} 4... e6 {[%clk 0:04:46.5]} 5. O-O {[%clk 0:04:53.8]} 5... Nc6 {[%clk 0:04:33.7]} 6. Nc3 {[%clk 0:04:48.7]} 6... Be7 {[%clk 0:04:26.3]} 7. Ngxe4 {[%clk 0:04:46.8]} 7... Nxe4 {[%clk 0:04:23.7]} 8. Nxe4 {[%clk 0:04:46.7]} 8... a6 {[%clk 0:04:17]} 9. d3 {[%clk 0:04:45.2]} 9... Na5 {[%clk 0:04:00.1]} 10. Bb3 {[%clk 0:04:14.2]} 10... Nxb3 {[%clk 0:03:54.3]} 11. axb3 {[%clk 0:04:14.1]} 11... Bd7 {[%clk 0:03:50.4]} 12. Qg4 {[%clk 0:04:10.4]} 12... Bf6 {[%clk 0:03:43.5]} 13. Bh6 {[%clk 0:04:00.7]} 13... gxh6 {[%clk 0:03:31.1]} 14. Nxf6+ {[%clk 0:03:52.9]} 0-1
"
2025-11-20,1763673636,white,845,SacrificeForAkhira,817,1.0,Win,Indian Game 2.C3 D5 3.Nf3,A45,https://www.chess.com/openings/Indian-Game-2.c3-d5-3.Nf3,blitz,https://www.chess.com/game/live/145757818068,328,"[Event ""Live Chess""]
[Site ""Chess.com""]
[Date ""2025.11.20""]
[Round ""-""]
[White ""RhysLWells""]
[Black ""SacrificeForAkhira""]
[Result ""1-0""]
[CurrentPosition ""r4k1r/ppp3p1/7p/2PQ4/6P1/7P/P4B2/4R1K1 w - - 1 24""]
[Timezone ""UTC""]
[ECO ""A45""]
[ECOUrl ""https://www.chess.com/openings/Indian-Game-2.c3-d5-3.Nf3""]
[UTCDate ""2025.11.20""]
[UTCTime ""21:15:08""]
[WhiteElo ""845""]
[BlackElo ""817""]
[TimeControl ""300""]
[Termination ""RhysLWells won by resignation""]
[StartTime ""21:15:08""]
[EndDate ""2025.11.20""]
[EndTime ""21:20:36""]
[Link ""https://www.chess.com/game/live/145757818068""]

1. d4 {[%clk 0:04:59.2]} 1... d5 {[%clk 0:04:59]} 2. Nf3 {[%clk 0:04:57.2]} 2... Nf6 {[%clk 0:04:56.3]} 3. c3 {[%clk 0:04:55.4]} 3... Nc6 {[%clk 0:04:55.4]} 4. Nbd2 {[%clk 0:04:54.8]} 4... e6 {[%clk 0:04:51.9]} 5. h3 {[%clk 0:04:45]} 5... Qd6 {[%clk 0:04:48.4]} 6. c4 {[%clk 0:04:34.3]} 6... e5 {[%clk 0:04:45.5]} 7. c5 {[%clk 0:04:30.7]} 7... Qe6 {[%clk 0:04:36.8]} 8. Ng5 {[%clk 0:04:18]} 8... Qf5 {[%clk 0:04:34.5]} 9. Ndf3 {[%clk 0:04:14.6]} 9... exd4 {[%clk 0:04:31.6]} 10. g4 {[%clk 0:04:06.7]} 10... Qg6 {[%clk 0:04:22.7]} 11. Nxd4 {[%clk 0:03:53.7]} 11... Nxd4 {[%clk 0:04:20.6]} 12. Qxd4 {[%clk 0:03:50.6]} 12... h6 {[%clk 0:03:55.7]} 13. Qe5+ {[%clk 0:03:41.9]} 13... Be6 {[%clk 0:03:35.9]} 14. Nxe6 {[%clk 0:03:39.3]} 14... fxe6 {[%clk 0:03:29.9]} 15. Qxe6+ {[%clk 0:03:32.5]} 15... Be7 {[%clk 0:03:27.8]} 16. Be3 {[%clk 0:03:03.9]} 16... Qc2 {[%clk 0:03:20.7]} 17. Bg2 {[%clk 0:02:46.7]} 17... Qxb2 {[%clk 0:03:15.7]} 18. O-O {[%clk 0:02:45.1]} 18... Qxe2 {[%clk 0:03:09.8]} 19. Bxd5 {[%clk 0:02:32.7]} 19... Nxd5 {[%clk 0:03:01.4]} 20. Qxd5 {[%clk 0:02:29.9]} 20... Bh4 {[%clk 0:02:42.7]} 21. Rae1 {[%clk 0:02:22.4]} 21... Bxf2+ {[%clk 0:02:38.5]} 22. Bxf2 {[%clk 0:02:19.4]} 22... Qxe1 {[%clk 0:02:30.5]} 23. Rxe1+ {[%clk 0:02:16.4]} 23... Kf8 {[%clk 0:02:29.7]} 1-0
"
2025-11-20,1763672641,white,837,oppro1111,852,0.0,Loss,Englund Gambit,A40,https://www.chess.com/openings/Englund-Gambit,blitz,https://www.chess.com/game/live/145757382600,188,"[Event ""Live Chess""]
[Site ""Chess.com""]
[Date ""2025.11.20""]
[Round ""-""]
[White ""RhysLWells""]
[Black ""oppro1111""]
[Result ""0-1""]
[CurrentPosition ""3rk2r/ppp2p1p/4bp2/8/8/2P2N2/2n1PPPP/R3KB1R w KQk - 0 14""]
[Timezone ""UTC""]
[ECO ""A40""]
[ECOUrl ""https://www.chess.com/openings/Englund-Gambit""]
[UTCDate ""2025.11.20""]
[UTCTime ""21:00:53""]
[WhiteElo ""837""]
[BlackElo ""852""]
[TimeControl ""300""]
[Termination ""oppro1111 won by checkmate""]
[StartTime ""21:00:53""]
[EndDate ""2025.11.20""]
[EndTime ""21:04:01""]
[Link ""https://www.chess.com/game/live/145757382600""]

1. d4 {[%clk 0:04:59.9]} 1... e5 {[%clk 0:04:58.6]} 2. Nf3 {[%clk 0:04:53.1]} 2... exd4 {[%clk 0:04:56.5]} 3. Qxd4 {[%clk 0:04:48.7]} 3... d5 {[%clk 0:04:56.4]} 4. Nc3 {[%clk 0:04:45.7]} 4... Nf6 {[%clk 0:04:52.4]} 5. Bg5 {[%clk 0:04:41.2]} 5... Nc6 {[%clk 0:04:50.8]} 6. Qd2 {[%clk 0:04:26.3]} 6... Bb4 {[%clk 0:04:15.3]} 7. Bxf6 {[%clk 0:04:23.9]} 7... gxf6 {[%clk 0:04:13.7]} 8. Qe3+ {[%clk 0:04:14.7]} 8... Be6 {[%clk 0:04:08.2]} 9. a3 {[%clk 0:04:10.7]} 9... d4 {[%clk 0:03:54.1]} 10. Qd3 {[%clk 0:03:54.9]} 10... dxc3 {[%clk 0:03:38.7]} 11. Qxd8+ {[%clk 0:03:51.6]} 11... Rxd8 {[%clk 0:03:33.7]} 12. axb4 {[%clk 0:03:46.5]} 12... Nxb4 {[%clk 0:03:17.6]} 13. bxc3 {[%clk 0:03:44.5]} 13... Nxc2# {[%clk 0:03:16.3]} 0-1
"
2025-11-20,1763672223,black,845,papareik,840,1.0,Win,French Defense Rubinstein Maric Variation 5.Nc3,C10,https://www.chess.com/openings/French-Defense-Rubinstein-Maric-Variation-5.Nc3,blitz,https://www.chess.com/game/live/145756964304,570,"[Event ""Live Chess""]
[Site ""Chess.com""]
[Date ""2025.11.20""]
[Round ""-""]
[White ""papareik""]
[Black ""RhysLWells""]
[Result ""0-1""]
[CurrentPosition ""8/1R6/6k1/5pp1/1P4K1/1r5P/8/8 w - - 0 43""]
[Timezone ""UTC""]
[ECO ""C10""]
[ECOUrl ""https://www.chess.com/openings/French-Defense-Rubinstein-Maric-Variation-5.Nc3""]
[UTCDate ""2025.11.20""]
[UTCTime ""20:47:33""]
[WhiteElo ""840""]
[BlackElo ""845""]
[TimeControl ""300""]
[Termination ""RhysLWells won by checkmate""]
[StartTime ""20:47:33""]
[EndDate ""2025.11.20""]
[EndTime ""20:57:03""]
[Link ""https://www.chess.com/game/live/145756964304""]

1. e4 {[%clk 0:04:57.7]} 1... e6 {[%clk 0:04:56.9]} 2. d4 {[%clk 0:04:56.2]} 2... d5 {[%clk 0:04:54.4]} 3. exd5 {[%clk 0:04:54.8]} 3... Qxd5 {[%clk 0:04:50.8]} 4. Nc3 {[%clk 0:04:53.3]} 4... Qd8 {[%clk 0:04:48.9]} 5. Nf3 {[%clk 0:04:46.6]} 5... Nf6 {[%clk 0:04:41.7]} 6. Bc4 {[%clk 0:04:36.4]} 6... Nd5 {[%clk 0:04:27.1]} 7. Nxd5 {[%clk 0:04:34.7]} 7... exd5 {[%clk 0:04:24.7]} 8. Bb3 {[%clk 0:04:33.9]} 8... c6 {[%clk 0:04:20.1]} 9. c4 {[%clk 0:04:32.5]} 9... Be6 {[%clk 0:04:14.5]} 10. O-O {[%clk 0:04:17.6]} 10... Bd6 {[%clk 0:04:07.1]} 11. Re1 {[%clk 0:04:15.3]} 11... O-O {[%clk 0:04:03.7]} 12. Bg5 {[%clk 0:04:02.3]} 12... f6 {[%clk 0:03:57.1]} 13. Bh4 {[%clk 0:04:00.9]} 13... dxc4 {[%clk 0:03:32.6]} 14. Rxe6 {[%clk 0:03:55.1]} 14... cxb3 {[%clk 0:03:31.2]} 15. axb3 {[%clk 0:03:51.4]} 15... Re8 {[%clk 0:03:26.3]} 16. Rxe8+ {[%clk 0:03:40.2]} 16... Qxe8 {[%clk 0:03:22]} 17. h3 {[%clk 0:03:17.6]} 17... Nd7 {[%clk 0:03:19]} 18. d5 {[%clk 0:03:02.9]} 18... Be5 {[%clk 0:03:10.8]} 19. Nxe5 {[%clk 0:02:57.1]} 19... Nxe5 {[%clk 0:03:06.6]} 20. dxc6 {[%clk 0:02:55]} 20... Nxc6 {[%clk 0:02:53.2]} 21. Qd5+ {[%clk 0:02:44.9]} 21... Kh8 {[%clk 0:02:45.4]} 22. f4 {[%clk 0:02:29.1]} 22... Rd8 {[%clk 0:02:44]} 23. Qf5 {[%clk 0:02:22.7]} 23... Nd4 {[%clk 0:02:36.9]} 24. Qa5 {[%clk 0:02:02.2]} 24... Qe3+ {[%clk 0:02:25.4]} 25. Kh1 {[%clk 0:01:57.5]} 25... Re8 {[%clk 0:02:09.9]} 26. Qxa7 {[%clk 0:01:48.9]} 26... Qxf4 {[%clk 0:02:03.7]} 27. Qa8 {[%clk 0:01:43]} 27... Qc1+ {[%clk 0:01:12.9]} 28. Rxc1 {[%clk 0:01:38]} 28... Rxa8 {[%clk 0:01:12]} 29. Rf1 {[%clk 0:01:26.9]} 29... Nxb3 {[%clk 0:01:07.7]} 30. g4 {[%clk 0:01:22.8]} 30... Nd2 {[%clk 0:01:03.5]} 31. Re1 {[%clk 0:01:18.2]} 31... g5 {[%clk 0:00:59.2]} 32. Bg3 {[%clk 0:01:11.4]} 32... Kg7 {[%clk 0:00:52.2]} 33. Re7+ {[%clk 0:01:07.3]} 33... Kg6 {[%clk 0:00:48.7]} 34. Rxb7 {[%clk 0:01:05]} 34... Ra1+ {[%clk 0:00:47]} 35. Kg2 {[%clk 0:01:03.5]} 35... h5 {[%clk 0:00:40.8]} 36. gxh5+ {[%clk 0:00:59.7]} 36... Kxh5 {[%clk 0:00:38.8]} 37. Rf7 {[%clk 0:00:54.3]} 37... Kg6 {[%clk 0:00:36.3]} 38. Rd7 {[%clk 0:00:46]} 38... Nf1 {[%clk 0:00:33.3]} 39. b4 {[%clk 0:00:38.3]} 39... Nxg3 {[%clk 0:00:29.9]} 40. Kxg3 {[%clk 0:00:36.8]} 40... Rb1 {[%clk 0:00:24.2]} 41. Rb7 {[%clk 0:00:31.7]} 41... Rb3+ {[%clk 0:00:22.1]} 42. Kg4 {[%clk 0:00:30.3]} 42... f5# {[%clk 0:00:19.5]} 0-1
"
2025-11-19,1763587918,white,837,Silvio2606,839,0.0,Loss,French Defense St George Defense 3.Nf3,C00,https://www.chess.com/openings/French-Defense-St-George-Defense-3.Nf3,blitz,https://www.chess.com/game/live/145717639788,254,"[Event ""Live Chess""]
[Site ""Chess.com""]
[Date ""2025.11.19""]
[Round ""-""]
[White ""RhysLWells""]
[Black ""Silvio2606""]
[Result ""0-1""]
[CurrentPosition ""r1br2k1/1pp2ppp/p1n1p3/8/3P3N/1PP5/P3BP1P/R1BQ1K1q w - - 0 17""]
[Timezone ""UTC""]
[ECO ""C00""]
[ECOUrl ""https://www.chess.com/openings/French-Defense-St-George-Defense-3.Nf3""]
[UTCDate ""2025.11.19""]
[UTCTime ""21:27:44""]
[WhiteElo ""837""]
[BlackElo ""839""]
[TimeControl ""300""]
[Termination ""Silvio2606 won by checkmate""]
[StartTime ""21:27:44""]
[EndDate ""2025.11.19""]
[EndTime ""21:31:58""]
[Link ""https://www.chess.com/game/live/145717639788""]

1. d4 {[%clk 0:04:58.3]} 1... a6 {[%clk 0:04:59.8]} 2. e4 {[%clk 0:04:56.8]} 2... e6 {[%clk 0:04:54.8]} 3. Nf3 {[%clk 0:04:48.2]} 3... d5 {[%clk 0:04:50.7]} 4. exd5 {[%clk 0:04:43.7]} 4... Qxd5 {[%clk 0:04:48.5]} 5. Nc3 {[%clk 0:04:39.2]} 5... Bb4 {[%clk 0:04:39.3]} 6. Bd2 {[%clk 0:04:24.9]} 6... Bxc3 {[%clk 0:04:23.3]} 7. Bxc3 {[%clk 0:04:21.7]} 7... Nf6 {[%clk 0:04:21]} 8. Bd3 {[%clk 0:04:15.6]} 8... Nc6 {[%clk 0:04:16.4]} 9. b3 {[%clk 0:04:09.3]} 9... O-O {[%clk 0:04:09.3]} 10. Bc4 {[%clk 0:03:33.9]} 10... Qe4+ {[%clk 0:04:06.6]} 11. Be2 {[%clk 0:03:27.7]} 11... Nd5 {[%clk 0:04:01.8]} 12. Bb2 {[%clk 0:03:14.4]} 12... Rd8 {[%clk 0:03:50.5]} 13. c3 {[%clk 0:03:00]} 13... Nf4 {[%clk 0:03:46.8]} 14. Bc1 {[%clk 0:02:34.9]} 14... Nxg2+ {[%clk 0:03:44.6]} 15. Kf1 {[%clk 0:02:29.3]} 15... Nh4 {[%clk 0:03:38.4]} 16. Nxh4 {[%clk 0:02:18.5]} 16... Qxh1# {[%clk 0:03:36.7]} 0-1
"
2025-11-19,1763587641,black,845,viemax,851,0.0,Loss,French Defense Knight Variation,C00,https://www.chess.com/openings/French-Defense-Knight-Variation,blitz,https://www.chess.com/game/live/145717338966,583,"[Event ""Live Chess""]
[Site ""Chess.com""]
[Date ""2025.11.19""]
[Round ""-""]
[White ""viemax""]
[Black ""RhysLWells""]
[Result ""1-0""]
[CurrentPosition ""8/p1r4k/1rP2Ppp/1P6/2Q5/8/2P3PP/1R3RK1 b - - 1 34""]
[Timezone ""UTC""]
[ECO ""C00""]
[ECOUrl ""https://www.chess.com/openings/French-Defense-Knight-Variation""]
[UTCDate ""2025.11.19""]
[UTCTime ""21:17:38""]
[WhiteElo ""851""]
[BlackElo ""845""]
[TimeControl ""300""]
[Termination ""viemax won on time""]
[StartTime ""21:17:38""]
[EndDate ""2025.11.19""]
[EndTime ""21:27:21""]
[Link ""https://www.chess.com/game/live/145717338966""]

1. e4 {[%clk 0:04:59.7]} 1... e6 {[%clk 0:04:59]} 2. Nf3 {[%clk 0:04:59.2]} 2... Bc5 {[%clk 0:04:54.2]} 3. d4 {[%clk 0:04:55.9]} 3... Bb6 {[%clk 0:04:52]} 4. Bd2 {[%clk 0:04:41.4]} 4... d5 {[%clk 0:04:48.2]} 5. e5 {[%clk 0:04:35.3]} 5... Ne7 {[%clk 0:04:42.8]} 6. Bb5+ {[%clk 0:04:25.6]} 6... Nec6 {[%clk 0:04:39.8]} 7. Bxc6+ {[%clk 0:04:24]} 7... bxc6 {[%clk 0:04:38.1]} 8. Nc3 {[%clk 0:04:23]} 8... c5 {[%clk 0:04:35.6]} 9. Be3 {[%clk 0:04:17.8]} 9... Ba6 {[%clk 0:04:23.3]} 10. dxc5 {[%clk 0:04:03.4]} 10... Ba5 {[%clk 0:04:19.3]} 11. Bd2 {[%clk 0:03:51]} 11... Nc6 {[%clk 0:04:15.9]} 12. a3 {[%clk 0:03:49.8]} 12... Bxc3 {[%clk 0:04:10.9]} 13. Bxc3 {[%clk 0:03:40.1]} 13... O-O {[%clk 0:04:07.6]} 14. b4 {[%clk 0:03:25.3]} 14... Bc4 {[%clk 0:03:52.6]} 15. Nd2 {[%clk 0:02:59.6]} 15... Nxe5 {[%clk 0:03:43.7]} 16. Bxe5 {[%clk 0:02:55.8]} 16... f6 {[%clk 0:03:30.2]} 17. Bg3 {[%clk 0:02:42.8]} 17... Bb5 {[%clk 0:03:21.2]} 18. a4 {[%clk 0:02:35]} 18... Bc6 {[%clk 0:03:02.7]} 19. O-O {[%clk 0:02:31.6]} 19... e5 {[%clk 0:02:52.7]} 20. b5 {[%clk 0:02:15.4]} 20... Be8 {[%clk 0:02:32.4]} 21. Qf3 {[%clk 0:01:57]} 21... c6 {[%clk 0:02:28.5]} 22. Rab1 {[%clk 0:01:43]} 22... cxb5 {[%clk 0:02:19]} 23. axb5 {[%clk 0:01:41.6]} 23... Rb8 {[%clk 0:02:13.1]} 24. c6 {[%clk 0:01:38]} 24... Qc7 {[%clk 0:01:50.1]} 25. Qxd5+ {[%clk 0:01:23.5]} 25... Kh8 {[%clk 0:01:46]} 26. Nc4 {[%clk 0:01:14.3]} 26... Bf7 {[%clk 0:01:16.3]} 27. Qe4 {[%clk 0:01:04.9]} 27... Bxc4 {[%clk 0:00:57.5]} 28. Qxc4 {[%clk 0:01:02.7]} 28... h6 {[%clk 0:00:50.5]} 29. f4 {[%clk 0:01:01.3]} 29... Rb6 {[%clk 0:00:40.5]} 30. fxe5 {[%clk 0:00:44.2]} 30... Kh7 {[%clk 0:00:11.4]} 31. Qe4+ {[%clk 0:00:37.7]} 31... g6 {[%clk 0:00:09.9]} 32. exf6 {[%clk 0:00:33.1]} 32... Rf7 {[%clk 0:00:07.7]} 33. Bxc7 {[%clk 0:00:31.9]} 33... Rxc7 {[%clk 0:00:06.3]} 34. Qc4 {[%clk 0:00:28.8]} 1-0
"
2025-11-19,1763584682,white,853,mh78x,887,0.0,Loss,Queens Pawn Opening Zukertort Chigorin Variation,D02,https://www.chess.com/openings/Queens-Pawn-Opening-Zukertort-Chigorin-Variation,blitz,https://www.chess.com/game/live/145715843612,495,"[Event ""Live Chess""]
[Site ""Chess.com""]
[Date ""2025.11.19""]
[Round ""-""]
[White ""RhysLWells""]
[Black ""mh78x""]
[Result ""0-1""]
[CurrentPosition ""1k1r4/ppp5/4Q1p1/6Pp/7q/P1P2n2/1P1R4/6K1 w - - 2 35""]
[Timezone ""UTC""]
[ECO ""D02""]
[ECOUrl ""https://www.chess.com/openings/Queens-Pawn-Opening-Zukertort-Chigorin-Variation""]
[UTCDate ""2025.11.19""]
[UTCTime ""20:29:47""]
[WhiteElo ""853""]
[BlackElo ""887""]
[TimeControl ""300""]
[Termination ""mh78x won on time""]
[StartTime ""20:29:47""]
[EndDate ""2025.11.19""]
[EndTime ""20:38:02""]
[Link ""https://www.chess.com/game/live/145715843612""]

1. d4 {[%clk 0:04:53.6]} 1... d5 {[%clk 0:04:56.4]} 2. Nf3 {[%clk 0:04:52.2]} 2... Nc6 {[%clk 0:04:55.4]} 3. c3 {[%clk 0:04:49.8]} 3... Nf6 {[%clk 0:04:54.4]} 4. Bg5 {[%clk 0:04:48.6]} 4... Bf5 {[%clk 0:04:50.6]} 5. Nbd2 {[%clk 0:04:46.5]} 5... e6 {[%clk 0:04:44.8]} 6. h3 {[%clk 0:04:44.9]} 6... Bg6 {[%clk 0:04:41.7]} 7. g4 {[%clk 0:04:43.8]} 7... Bd6 {[%clk 0:04:40.2]} 8. Bxf6 {[%clk 0:04:40.9]} 8... Qxf6 {[%clk 0:04:36.9]} 9. Bg2 {[%clk 0:04:38.9]} 9... O-O-O {[%clk 0:04:29.8]} 10. Nh4 {[%clk 0:04:27.9]} 10... Qxh4 {[%clk 0:04:25.8]} 11. Nf3 {[%clk 0:04:22.9]} 11... Qf6 {[%clk 0:04:22.7]} 12. h4 {[%clk 0:04:14.6]} 12... h5 {[%clk 0:04:19.6]} 13. g5 {[%clk 0:04:12]} 13... Qe7 {[%clk 0:04:11.4]} 14. Ne5 {[%clk 0:04:02.1]} 14... Bxe5 {[%clk 0:04:09.8]} 15. dxe5 {[%clk 0:04:01]} 15... Nxe5 {[%clk 0:04:08.6]} 16. Qb3 {[%clk 0:03:48.1]} 16... Nc6 {[%clk 0:03:56.8]} 17. O-O {[%clk 0:03:42.3]} 17... Be4 {[%clk 0:03:52.4]} 18. f3 {[%clk 0:03:40.3]} 18... Bf5 {[%clk 0:03:46.6]} 19. Rad1 {[%clk 0:03:34.7]} 19... g6 {[%clk 0:03:38.1]} 20. e4 {[%clk 0:03:27.7]} 20... dxe4 {[%clk 0:03:33]} 21. fxe4 {[%clk 0:03:26.7]} 21... Bg4 {[%clk 0:03:29.8]} 22. Rxd8+ {[%clk 0:03:18.1]} 22... Rxd8 {[%clk 0:03:27.3]} 23. Kh1 {[%clk 0:02:50.4]} 23... Qc5 {[%clk 0:03:17.2]} 24. Rxf7 {[%clk 0:02:42.9]} 24... Qe5 {[%clk 0:02:55]} 25. a3 {[%clk 0:02:00.2]} 25... Qg3 {[%clk 0:02:38.6]} 26. Rf1 {[%clk 0:00:39.3]} 26... Be2 {[%clk 0:02:34]} 27. Rg1 {[%clk 0:00:35.7]} 27... Ne5 {[%clk 0:02:27.3]} 28. Qxe6+ {[%clk 0:00:30]} 28... Kb8 {[%clk 0:02:22.3]} 29. Bf1 {[%clk 0:00:18.5]} 29... Bf3+ {[%clk 0:02:15.7]} 30. Bg2 {[%clk 0:00:14.7]} 30... Bxg2+ {[%clk 0:02:12.5]} 31. Rxg2 {[%clk 0:00:13.5]} 31... Qe1+ {[%clk 0:02:11.1]} 32. Kh2 {[%clk 0:00:12.2]} 32... Qxe4 {[%clk 0:02:04.9]} 33. Rd2 {[%clk 0:00:04.4]} 33... Qxh4+ {[%clk 0:02:02.9]} 34. Kg1 {[%clk 0:00:02.4]} 34... Nf3+ {[%clk 0:01:58.2]} 0-1
"
2025-11-19,1763562814,black,861,Iliayn84,849,1.0,Win,French Defense Normal Variation 2...D5,C00,https://www.chess.com/openings/French-Defense-Normal-Variation-2...d5,blitz,https://www.chess.com/game/live/145702648598,526,"[Event ""Live Chess""]
[Site ""Chess.com""]
[Date ""2025.11.19""]
[Round ""-""]
[White ""Iliayn84""]
[Black ""RhysLWells""]
[Result ""0-1""]
[CurrentPosition ""1K1r2k1/1p3p1p/pqp3p1/8/8/8/P7/8 w - - 12 47""]
[Timezone ""UTC""]
[ECO ""C00""]
[ECOUrl ""https://www.chess.com/openings/French-Defense-Normal-Variation-2...d5""]
[UTCDate ""2025.11.19""]
[UTCTime ""14:24:48""]
[WhiteElo ""849""]
[BlackElo ""861""]
[TimeControl ""300""]
[Termination ""RhysLWells won by checkmate""]
[StartTime ""14:24:48""]
[EndDate ""2025.11.19""]
[EndTime ""14:33:34""]
[Link ""https://www.chess.com/game/live/145702648598""]

1. e4 {[%clk 0:04:58.6]} 1... e6 {[%clk 0:04:58.1]} 2. d4 {[%clk 0:04:57.7]} 2... d5 {[%clk 0:04:56.9]} 3. c3 {[%clk 0:04:54.8]} 3... Nc6 {[%clk 0:04:54.5]} 4. Bb5 {[%clk 0:04:52.2]} 4... Bd7 {[%clk 0:04:52.5]} 5. Qa4 {[%clk 0:04:50.6]} 5... a6 {[%clk 0:04:50.1]} 6. Bxc6 {[%clk 0:04:49.7]} 6... Bxc6 {[%clk 0:04:47.4]} 7. Qc2 {[%clk 0:04:38.7]} 7... Be7 {[%clk 0:04:43.8]} 8. exd5 {[%clk 0:04:37.7]} 8... Bxd5 {[%clk 0:04:41.9]} 9. Ne2 {[%clk 0:04:36]} 9... Bxg2 {[%clk 0:04:39.9]} 10. Rg1 {[%clk 0:04:34.4]} 10... Bc6 {[%clk 0:04:16.8]} 11. c4 {[%clk 0:04:30.9]} 11... g6 {[%clk 0:04:13.8]} 12. Bh6 {[%clk 0:04:28.2]} 12... Nxh6 {[%clk 0:04:09.8]} 13. d5 {[%clk 0:04:26.7]} 13... Bd7 {[%clk 0:04:03.2]} 14. dxe6 {[%clk 0:04:25.1]} 14... Bxe6 {[%clk 0:04:01.9]} 15. Nbc3 {[%clk 0:04:22.8]} 15... Qd7 {[%clk 0:03:54.9]} 16. Rd1 {[%clk 0:04:21.5]} 16... Bd6 {[%clk 0:03:53.5]} 17. c5 {[%clk 0:04:19.1]} 17... Bf5 {[%clk 0:03:40.6]} 18. Qb3 {[%clk 0:04:07.6]} 18... Qc6 {[%clk 0:03:20.7]} 19. cxd6 {[%clk 0:04:05.6]} 19... Be6 {[%clk 0:03:09.7]} 20. d7+ {[%clk 0:03:55.3]} 20... Bxd7 {[%clk 0:03:06.7]} 21. Nd4 {[%clk 0:03:40.4]} 21... Qb6 {[%clk 0:02:47.7]} 22. Na4 {[%clk 0:03:30.5]} 22... Bxa4 {[%clk 0:02:40.6]} 23. Qxa4+ {[%clk 0:03:29.4]} 23... c6 {[%clk 0:02:28.5]} 24. Qc2 {[%clk 0:03:08.1]} 24... O-O {[%clk 0:02:26.5]} 25. Kf1 {[%clk 0:03:01.8]} 25... Rad8 {[%clk 0:02:22.1]} 26. Nf3 {[%clk 0:02:52.3]} 26... Rxd1+ {[%clk 0:02:18.1]} 27. Qxd1 {[%clk 0:02:50.5]} 27... Rd8 {[%clk 0:02:12.2]} 28. Qc2 {[%clk 0:02:35]} 28... Kh8 {[%clk 0:01:54.9]} 29. Qc3+ {[%clk 0:02:31.5]} 29... Kg8 {[%clk 0:01:48.5]} 30. Ng5 {[%clk 0:02:27.4]} 30... Qb5+ {[%clk 0:01:31.6]} 31. Kg2 {[%clk 0:02:15.6]} 31... Qxg5+ {[%clk 0:01:29]} 32. Kf1 {[%clk 0:02:09.9]} 32... Rd1+ {[%clk 0:01:26.7]} 33. Ke2 {[%clk 0:02:04.1]} 33... Rxg1 {[%clk 0:01:15.4]} 34. Qd4 {[%clk 0:01:49.9]} 34... Qe7+ {[%clk 0:01:12]} 35. Kf3 {[%clk 0:01:44.6]} 35... Nf5 {[%clk 0:01:02.4]} 36. Qf4 {[%clk 0:01:32.7]} 36... Nh4+ {[%clk 0:00:53.8]} 37. Qxh4 {[%clk 0:01:26.2]} 37... Qxh4 {[%clk 0:00:52]} 38. Ke2 {[%clk 0:01:24.7]} 38... Qxh2 {[%clk 0:00:48.5]} 39. Kd3 {[%clk 0:01:23]} 39... Qxf2 {[%clk 0:00:47.2]} 40. Kc4 {[%clk 0:01:21]} 40... Qxb2 {[%clk 0:00:42.7]} 41. Kc5 {[%clk 0:01:19.9]} 41... Rc1+ {[%clk 0:00:39.6]} 42. Kd6 {[%clk 0:01:18.2]} 42... Qd2+ {[%clk 0:00:38.2]} 43. Kc7 {[%clk 0:01:17.3]} 43... Qa5+ {[%clk 0:00:29.2]} 44. Kb8 {[%clk 0:01:13.9]} 44... Rd1 {[%clk 0:00:26.7]} 45. Kc8 {[%clk 0:01:09.2]} 45... Qb6 {[%clk 0:00:24]} 46. Kb8 {[%clk 0:01:07.5]} 46... Rd8# {[%clk 0:00:22.1]} 0-1
"
2025-11-19,1763561151,white,853,Vetal_OWEN,833,1.0,Win,Pirc Defense 2.D4,B07,https://www.chess.com/openings/Pirc-Defense-2.d4,blitz,https://www.chess.com/game/live/145701626536,563,"[Event ""Live Chess""]
[Site ""Chess.com""]
[Date ""2025.11.19""]
[Round ""-""]
[White ""RhysLWells""]
[Black ""Vetal_OWEN""]
[Result ""1-0""]
[CurrentPosition ""5rk1/5ppp/2q1p3/1b1pP3/1PpQ4/8/R4PPP/5R1K b - - 0 36""]
[Timezone ""UTC""]
[ECO ""B07""]
[ECOUrl ""https://www.chess.com/openings/Pirc-Defense-2.d4""]
[UTCDate ""2025.11.19""]
[UTCTime ""13:56:28""]
[WhiteElo ""853""]
[BlackElo ""833""]
[TimeControl ""300""]
[Termination ""RhysLWells won on time""]
[StartTime ""13:56:28""]
[EndDate ""2025.11.19""]
[EndTime ""14:05:51""]
[Link ""https://www.chess.com/game/live/145701626536""]

1. d4 {[%clk 0:04:59]} 1... d6 {[%clk 0:04:57.5]} 2. e4 {[%clk 0:04:57.8]} 2... e6 {[%clk 0:04:56.9]} 3. Nf3 {[%clk 0:04:57]} 3... Nd7 {[%clk 0:04:51]} 4. Nc3 {[%clk 0:04:53.5]} 4... Be7 {[%clk 0:04:49.6]} 5. e5 {[%clk 0:04:52.1]} 5... d5 {[%clk 0:04:41.7]} 6. a3 {[%clk 0:04:45.3]} 6... a6 {[%clk 0:04:38.8]} 7. b4 {[%clk 0:04:43.8]} 7... b5 {[%clk 0:04:37.9]} 8. Be3 {[%clk 0:04:38.9]} 8... Nb6 {[%clk 0:04:36.1]} 9. Nd2 {[%clk 0:04:31.4]} 9... Nc4 {[%clk 0:04:33.9]} 10. Nxc4 {[%clk 0:04:29.8]} 10... bxc4 {[%clk 0:04:33]} 11. Bd2 {[%clk 0:04:23.7]} 11... Bb7 {[%clk 0:04:31.2]} 12. Ne2 {[%clk 0:04:22]} 12... c6 {[%clk 0:04:17.1]} 13. a4 {[%clk 0:04:03.3]} 13... Rb8 {[%clk 0:03:59]} 14. b5 {[%clk 0:03:57.7]} 14... cxb5 {[%clk 0:03:52.2]} 15. axb5 {[%clk 0:03:44.1]} 15... axb5 {[%clk 0:03:47.9]} 16. Ba5 {[%clk 0:03:39.3]} 16... Qc8 {[%clk 0:03:41.7]} 17. Nc3 {[%clk 0:03:30.5]} 17... b4 {[%clk 0:03:28.7]} 18. Na4 {[%clk 0:03:17]} 18... Bc6 {[%clk 0:03:01.8]} 19. Nb6 {[%clk 0:03:06.1]} 19... Rxb6 {[%clk 0:02:42.8]} 20. Bxb6 {[%clk 0:03:03.6]} 20... Bd8 {[%clk 0:02:24.5]} 21. Bc5 {[%clk 0:02:56.8]} 21... Be7 {[%clk 0:02:10.3]} 22. Bxe7 {[%clk 0:02:51.4]} 22... Nxe7 {[%clk 0:02:08.5]} 23. Be2 {[%clk 0:02:45.9]} 23... O-O {[%clk 0:02:04.4]} 24. O-O {[%clk 0:02:44.1]} 24... Qb7 {[%clk 0:01:53.9]} 25. Rb1 {[%clk 0:02:38.6]} 25... Nf5 {[%clk 0:01:50.7]} 26. c3 {[%clk 0:02:36.2]} 26... Qa7 {[%clk 0:01:31.5]} 27. cxb4 {[%clk 0:02:32.3]} 27... Nxd4 {[%clk 0:01:24.5]} 28. Ra1 {[%clk 0:02:06.6]} 28... Qb6 {[%clk 0:01:17.4]} 29. Qb1 {[%clk 0:01:44.5]} 29... Nxe2+ {[%clk 0:01:09.4]} 30. Kh1 {[%clk 0:01:42.8]} 30... Bb5 {[%clk 0:00:57.3]} 31. Qa2 {[%clk 0:01:23.6]} 31... Nd4 {[%clk 0:00:45.9]} 32. Qa8 {[%clk 0:01:14.5]} 32... Nc2 {[%clk 0:00:35.4]} 33. Qa5 {[%clk 0:01:02.3]} 33... Qb7 {[%clk 0:00:19.4]} 34. Ra2 {[%clk 0:00:57.8]} 34... Nd4 {[%clk 0:00:16.7]} 35. Qa7 {[%clk 0:00:50.5]} 35... Qc6 {[%clk 0:00:12]} 36. Qxd4 {[%clk 0:00:48.9]} 1-0
"
2025-11-18,1763500434,white,845,Jonkongluc,828,1.0,Win,Scandinavian Defense Closed 2...Dxe4 3.Nxe4 Bf5,B01,https://www.chess.com/openings/Scandinavian-Defense-Closed-2...dxe4-3.Nxe4-Bf5,blitz,https://www.chess.com/game/live/145676931708,491,"[Event ""Live Chess""]
[Site ""Chess.com""]
[Date ""2025.11.18""]
[Round ""-""]
[White ""RhysLWells""]
[Black ""Jonkongluc""]
[Result ""1-0""]
[CurrentPosition ""3r2k1/pp3r2/2p3RQ/3n1B1P/3P4/2P5/PPK5/8 b - - 2 35""]
[Timezone ""UTC""]
[ECO ""B01""]
[ECOUrl ""https://www.chess.com/openings/Scandinavian-Defense-Closed-2...dxe4-3.Nxe4-Bf5""]
[UTCDate ""2025.11.18""]
[UTCTime ""21:05:43""]
[WhiteElo ""845""]
[BlackElo ""828""]
[TimeControl ""300""]
[Termination ""RhysLWells won on time""]
[StartTime ""21:05:43""]
[EndDate ""2025.11.18""]
[EndTime ""21:13:54""]
[Link ""https://www.chess.com/game/live/145676931708""]

1. e4 {[%clk 0:04:58.4]} 1... d5 {[%clk 0:04:59.8]} 2. Nc3 {[%clk 0:04:55.5]} 2... dxe4 {[%clk 0:04:57]} 3. Nxe4 {[%clk 0:04:54.1]} 3... Bf5 {[%clk 0:04:56.6]} 4. f3 {[%clk 0:04:51.2]} 4... e6 {[%clk 0:04:50.4]} 5. d4 {[%clk 0:04:47.8]} 5... Nf6 {[%clk 0:04:37.1]} 6. g4 {[%clk 0:04:42.3]} 6... Bxe4 {[%clk 0:04:35.1]} 7. fxe4 {[%clk 0:04:40.6]} 7... Nxe4 {[%clk 0:04:34.3]} 8. Bg2 {[%clk 0:04:31.7]} 8... Nd6 {[%clk 0:04:26]} 9. c3 {[%clk 0:04:27.4]} 9... c6 {[%clk 0:04:24.8]} 10. Bf4 {[%clk 0:04:25.7]} 10... Na6 {[%clk 0:04:16.9]} 11. Nf3 {[%clk 0:04:16.6]} 11... Be7 {[%clk 0:04:15.3]} 12. h4 {[%clk 0:04:11.9]} 12... O-O {[%clk 0:04:13.5]} 13. h5 {[%clk 0:03:59.9]} 13... Qb8 {[%clk 0:04:13.3]} 14. Ne5 {[%clk 0:03:53.6]} 14... h6 {[%clk 0:03:45.7]} 15. Nd7 {[%clk 0:03:50.7]} 15... Kh7 {[%clk 0:03:40.5]} 16. Nxb8 {[%clk 0:03:48.7]} 16... Raxb8 {[%clk 0:03:38.8]} 17. Qc2+ {[%clk 0:03:46.7]} 17... Kg8 {[%clk 0:03:35.3]} 18. Bxd6 {[%clk 0:03:45.6]} 18... Bxd6 {[%clk 0:03:33.9]} 19. Be4 {[%clk 0:03:40.6]} 19... Rfe8 {[%clk 0:03:29.3]} 20. Bh7+ {[%clk 0:03:38.1]} 20... Kf8 {[%clk 0:03:28.2]} 21. Rf1 {[%clk 0:03:33.7]} 21... Bg3+ {[%clk 0:03:25.3]} 22. Kd1 {[%clk 0:03:32]} 22... Rbd8 {[%clk 0:03:18.6]} 23. Qd3 {[%clk 0:03:27.7]} 23... Bh4 {[%clk 0:03:10.7]} 24. Qf3 {[%clk 0:03:23.5]} 24... f6 {[%clk 0:03:04.5]} 25. Bg6 {[%clk 0:03:20.5]} 25... Re7 {[%clk 0:03:00.9]} 26. Kc2 {[%clk 0:03:14.2]} 26... Nc7 {[%clk 0:02:52.1]} 27. Rae1 {[%clk 0:03:06.6]} 27... Bxe1 {[%clk 0:02:41.8]} 28. Rxe1 {[%clk 0:03:05.9]} 28... Nd5 {[%clk 0:02:10.9]} 29. g5 {[%clk 0:02:58.8]} 29... f5 {[%clk 0:02:08.7]} 30. gxh6 {[%clk 0:02:44.7]} 30... gxh6 {[%clk 0:02:07.2]} 31. Bxf5 {[%clk 0:02:37.1]} 31... Rf7 {[%clk 0:02:02]} 32. Rxe6 {[%clk 0:02:27.9]} 32... Nf6 {[%clk 0:01:47.7]} 33. Qf4 {[%clk 0:02:16.6]} 33... Nd5 {[%clk 0:01:44.9]} 34. Qxh6+ {[%clk 0:02:13.1]} 34... Kg8 {[%clk 0:01:36.2]} 35. Rg6+ {[%clk 0:02:04.3]} 1-0
"
2025-11-18,1763499937,white,837,KW1238,837,1.0,Win,Queens Pawn Opening Anti Torre Attack 3.Ne5 Bf5,D02,https://www.chess.com/openings/Queens-Pawn-Opening-Anti-Torre-Attack-3.Ne5-Bf5,blitz,https://www.chess.com/game/live/145676642220,573,"[Event ""Live Chess""]
[Site ""Chess.com""]
[Date ""2025.11.18""]
[Round ""-""]
[White ""RhysLWells""]
[Black ""KW1238""]
[Result ""1-0""]
[CurrentPosition ""2r5/1b2N1p1/p4p1p/1pk2P2/4P3/8/1PPR2B1/3K4 b - - 5 37""]
[Timezone ""UTC""]
[ECO ""D02""]
[ECOUrl ""https://www.chess.com/openings/Queens-Pawn-Opening-Anti-Torre-Attack-3.Ne5-Bf5""]
[UTCDate ""2025.11.18""]
[UTCTime ""20:56:04""]
[WhiteElo ""837""]
[BlackElo ""837""]
[TimeControl ""300""]
[Termination ""RhysLWells won on time""]
[StartTime ""20:56:04""]
[EndDate ""2025.11.18""]
[EndTime ""21:05:37""]
[Link ""https://www.chess.com/game/live/145676642220""]

1. d4 {[%clk 0:04:58]} 1... d5 {[%clk 0:04:58.4]} 2. Nf3 {[%clk 0:04:56.3]} 2... Bg4 {[%clk 0:04:56.9]} 3. Ne5 {[%clk 0:04:53.3]} 3... Bf5 {[%clk 0:04:54.6]} 4. g4 {[%clk 0:04:51.4]} 4... Be6 {[%clk 0:04:28.6]} 5. f4 {[%clk 0:04:48.2]} 5... Nf6 {[%clk 0:04:22.1]} 6. f5 {[%clk 0:04:45.4]} 6... Bc8 {[%clk 0:04:16.5]} 7. Nc3 {[%clk 0:04:41.1]} 7... e6 {[%clk 0:04:12.6]} 8. Bh3 {[%clk 0:04:34.1]} 8... exf5 {[%clk 0:04:08.6]} 9. gxf5 {[%clk 0:04:32.4]} 9... Bb4 {[%clk 0:04:01.3]} 10. Bd2 {[%clk 0:04:20.2]} 10... Na6 {[%clk 0:03:54.6]} 11. a3 {[%clk 0:04:17.8]} 11... Bd6 {[%clk 0:03:52]} 12. Bf4 {[%clk 0:03:45.2]} 12... Nh5 {[%clk 0:03:37.2]} 13. Be3 {[%clk 0:03:32.3]} 13... h6 {[%clk 0:03:30]} 14. Nxd5 {[%clk 0:03:28.8]} 14... f6 {[%clk 0:03:17.7]} 15. Ng6 {[%clk 0:03:15.9]} 15... Rg8 {[%clk 0:03:10.2]} 16. Bd2 {[%clk 0:03:07.8]} 16... c6 {[%clk 0:03:04.1]} 17. Nb4 {[%clk 0:02:58.7]} 17... Nxb4 {[%clk 0:02:37.4]} 18. axb4 {[%clk 0:02:55.9]} 18... b5 {[%clk 0:02:33.8]} 19. e3 {[%clk 0:02:48]} 19... Bb7 {[%clk 0:02:07.6]} 20. Qxh5 {[%clk 0:02:45.9]} 20... Kd7 {[%clk 0:02:00.1]} 21. Rf1 {[%clk 0:02:36.5]} 21... Bxh2 {[%clk 0:01:54.4]} 22. Bg2 {[%clk 0:02:23.1]} 22... Bg3+ {[%clk 0:01:46.6]} 23. Ke2 {[%clk 0:02:15.1]} 23... a6 {[%clk 0:01:24.7]} 24. e4 {[%clk 0:02:06.8]} 24... Re8 {[%clk 0:01:17.3]} 25. Bf4 {[%clk 0:02:03.2]} 25... Bxf4 {[%clk 0:01:12]} 26. Rxf4 {[%clk 0:02:01.5]} 26... Kc7 {[%clk 0:01:02.5]} 27. Qh2 {[%clk 0:01:58.7]} 27... Qxd4 {[%clk 0:00:48.4]} 28. Rd1 {[%clk 0:01:38]} 28... Qc4+ {[%clk 0:00:31.1]} 29. Kd2 {[%clk 0:01:24.1]} 29... Rad8+ {[%clk 0:00:22.7]} 30. Kc1 {[%clk 0:01:21]} 30... Rxd1+ {[%clk 0:00:18.2]} 31. Kxd1 {[%clk 0:01:19.4]} 31... Kb6 {[%clk 0:00:08.9]} 32. Qg1+ {[%clk 0:01:17.1]} 32... c5 {[%clk 0:00:07.3]} 33. bxc5+ {[%clk 0:01:14]} 33... Qxc5 {[%clk 0:00:04.8]} 34. Qxc5+ {[%clk 0:01:11.9]} 34... Kxc5 {[%clk 0:00:03.8]} 35. Rf2 {[%clk 0:00:41.5]} 35... Rd8+ {[%clk 0:00:03.1]} 36. Rd2 {[%clk 0:00:39.4]} 36... Rc8 {[%clk 0:00:00.4]} 37. Ne7 {[%clk 0:00:36.3]} 1-0
"
2025-11-18,1763478116,black,829,bongobillee,827,1.0,Win,French Defense Steinitz Attack,C00,https://www.chess.com/openings/French-Defense-Steinitz-Attack,blitz,https://www.chess.com/game/live/145663774198,530,"[Event ""Live Chess""]
[Site ""Chess.com""]
[Date ""2025.11.18""]
[Round ""-""]
[White ""bongobillee""]
[Black ""RhysLWells""]
[Result ""0-1""]
[CurrentPosition ""8/5pk1/5Np1/6P1/8/2Qp4/1P5r/2K2q2 w - - 2 41""]
[Timezone ""UTC""]
[ECO ""C00""]
[ECOUrl ""https://www.chess.com/openings/French-Defense-Steinitz-Attack""]
[UTCDate ""2025.11.18""]
[UTCTime ""14:53:06""]
[WhiteElo ""827""]
[BlackElo ""829""]
[TimeControl ""300""]
[Termination ""RhysLWells won by resignation""]
[StartTime ""14:53:06""]
[EndDate ""2025.11.18""]
[EndTime ""15:01:56""]
[Link ""https://www.chess.com/game/live/145663774198""]

1. e4 {[%clk 0:04:59.5]} 1... e6 {[%clk 0:04:59.4]} 2. e5 {[%clk 0:04:57.7]} 2... d5 {[%clk 0:04:58.8]} 3. exd6 {[%clk 0:04:56.2]} 3... Bxd6 {[%clk 0:04:58.3]} 4. Nf3 {[%clk 0:04:54.9]} 4... Nc6 {[%clk 0:04:57.5]} 5. Bb5 {[%clk 0:04:52.7]} 5... Bd7 {[%clk 0:04:56.1]} 6. O-O {[%clk 0:04:49.2]} 6... a6 {[%clk 0:04:54.1]} 7. Ba4 {[%clk 0:04:46.3]} 7... b5 {[%clk 0:04:52.8]} 8. Bb3 {[%clk 0:04:44.3]} 8... Nge7 {[%clk 0:04:46.3]} 9. a4 {[%clk 0:04:40.2]} 9... Na5 {[%clk 0:04:38.8]} 10. axb5 {[%clk 0:04:30.8]} 10... Nxb3 {[%clk 0:04:36.4]} 11. cxb3 {[%clk 0:04:27]} 11... Bxb5 {[%clk 0:04:32.8]} 12. Nc3 {[%clk 0:04:24.8]} 12... Bxf1 {[%clk 0:04:31.3]} 13. Qxf1 {[%clk 0:04:23.2]} 13... h6 {[%clk 0:04:25.3]} 14. Rxa6 {[%clk 0:04:18.7]} 14... Rxa6 {[%clk 0:04:23.4]} 15. Qxa6 {[%clk 0:04:16]} 15... O-O {[%clk 0:04:21.3]} 16. d4 {[%clk 0:04:06.3]} 16... c6 {[%clk 0:04:17.9]} 17. Ne4 {[%clk 0:03:48.5]} 17... Bb8 {[%clk 0:03:58.2]} 18. Qd3 {[%clk 0:03:19.6]} 18... Nd5 {[%clk 0:03:50.4]} 19. Bd2 {[%clk 0:03:10.5]} 19... Nf4 {[%clk 0:03:48.1]} 20. Bxf4 {[%clk 0:03:07]} 20... Bxf4 {[%clk 0:03:46.6]} 21. g3 {[%clk 0:02:59.3]} 21... Be5 {[%clk 0:03:38.9]} 22. b4 {[%clk 0:02:44]} 22... Bc7 {[%clk 0:03:33.7]} 23. g4 {[%clk 0:02:27.9]} 23... e5 {[%clk 0:03:31.1]} 24. g5 {[%clk 0:02:10.4]} 24... h5 {[%clk 0:03:24.6]} 25. Ng3 {[%clk 0:01:57.7]} 25... exd4 {[%clk 0:03:22.8]} 26. Nxh5 {[%clk 0:01:52]} 26... g6 {[%clk 0:03:07.5]} 27. Nf6+ {[%clk 0:01:48.8]} 27... Kg7 {[%clk 0:03:02.3]} 28. h4 {[%clk 0:01:39.1]} 28... Rh8 {[%clk 0:02:48.7]} 29. b5 {[%clk 0:01:18.8]} 29... cxb5 {[%clk 0:02:38.4]} 30. Qxb5 {[%clk 0:01:16.3]} 30... d3 {[%clk 0:02:36.3]} 31. Qb4 {[%clk 0:01:01.2]} 31... Bf4 {[%clk 0:02:09.2]} 32. Nd2 {[%clk 0:00:50.9]} 32... Bxd2 {[%clk 0:02:07.5]} 33. Qxd2 {[%clk 0:00:48.5]} 33... Rxh4 {[%clk 0:02:04.1]} 34. Kg2 {[%clk 0:00:40.1]} 34... Qa8+ {[%clk 0:02:01.2]} 35. f3 {[%clk 0:00:36.5]} 35... Qh8 {[%clk 0:01:45.9]} 36. Qc3 {[%clk 0:00:28]} 36... Rh2+ {[%clk 0:01:44]} 37. Kf1 {[%clk 0:00:24.3]} 37... Qh3+ {[%clk 0:01:42.1]} 38. Ke1 {[%clk 0:00:22.3]} 38... Qg3+ {[%clk 0:01:35.5]} 39. Kd1 {[%clk 0:00:18.6]} 39... Qxf3+ {[%clk 0:01:31.9]} 40. Kc1 {[%clk 0:00:13.1]} 40... Qf1+ {[%clk 0:01:29.9]} 0-1
"
2025-11-18,1763472759,black,821,drcogumelo,813,0.0,Loss,French Defense Advance Variation,C02,https://www.chess.com/openings/French-Defense-Advance-Variation,blitz,https://www.chess.com/game/live/145660564346,328,"[Event ""Live Chess""]
[Site ""Chess.com""]
[Date ""2025.11.18""]
[Round ""-""]
[White ""drcogumelo""]
[Black ""RhysLWells""]
[Result ""1-0""]
[CurrentPosition ""4rrk1/1pp4Q/p1n1pq2/1b1p2Np/3P2pP/2P3B1/1R3PP1/4R1K1 b - - 3 25""]
[Timezone ""UTC""]
[ECO ""C02""]
[ECOUrl ""https://www.chess.com/openings/French-Defense-Advance-Variation""]
[UTCDate ""2025.11.18""]
[UTCTime ""13:27:11""]
[WhiteElo ""813""]
[BlackElo ""821""]
[TimeControl ""300""]
[Termination ""drcogumelo won by checkmate""]
[StartTime ""13:27:11""]
[EndDate ""2025.11.18""]
[EndTime ""13:32:39""]
[Link ""https://www.chess.com/game/live/145660564346""]

1. e4 {[%clk 0:04:58.1]} 1... e6 {[%clk 0:04:55.7]} 2. d4 {[%clk 0:04:56.3]} 2... d5 {[%clk 0:04:54.9]} 3. e5 {[%clk 0:04:54.9]} 3... Nc6 {[%clk 0:04:54.5]} 4. Bb5 {[%clk 0:04:52.3]} 4... Bd7 {[%clk 0:04:51.9]} 5. Nf3 {[%clk 0:04:46.1]} 5... a6 {[%clk 0:04:51.1]} 6. Bxc6 {[%clk 0:04:43.3]} 6... Bxc6 {[%clk 0:04:49.7]} 7. Nc3 {[%clk 0:04:37.4]} 7... h6 {[%clk 0:04:45.6]} 8. a4 {[%clk 0:04:34.8]} 8... Bb4 {[%clk 0:04:27.4]} 9. Bd2 {[%clk 0:04:30.8]} 9... Ne7 {[%clk 0:04:23.9]} 10. O-O {[%clk 0:04:25.2]} 10... Bxc3 {[%clk 0:04:18.8]} 11. Bxc3 {[%clk 0:04:23.3]} 11... Qd7 {[%clk 0:04:14.6]} 12. b4 {[%clk 0:04:09.6]} 12... Bxa4 {[%clk 0:04:08.8]} 13. Ra2 {[%clk 0:03:49]} 13... Bb5 {[%clk 0:04:07]} 14. Re1 {[%clk 0:03:28.1]} 14... Nc6 {[%clk 0:04:02.8]} 15. Bd2 {[%clk 0:03:14.4]} 15... Qe7 {[%clk 0:04:00.9]} 16. Bf4 {[%clk 0:03:04.4]} 16... Nxb4 {[%clk 0:03:56.9]} 17. Rb2 {[%clk 0:02:56.7]} 17... Nc6 {[%clk 0:03:52.7]} 18. c3 {[%clk 0:02:44.4]} 18... g5 {[%clk 0:03:43.7]} 19. Qa1 {[%clk 0:02:34.4]} 19... O-O {[%clk 0:03:40]} 20. Bg3 {[%clk 0:02:21.2]} 20... h5 {[%clk 0:03:37.6]} 21. h4 {[%clk 0:02:11.5]} 21... g4 {[%clk 0:03:15.1]} 22. Ng5 {[%clk 0:02:05.5]} 22... f6 {[%clk 0:03:04.2]} 23. exf6 {[%clk 0:02:01.3]} 23... Qxf6 {[%clk 0:03:01.6]} 24. Qb1 {[%clk 0:01:55.9]} 24... Rae8 {[%clk 0:02:46.6]} 25. Qh7# {[%clk 0:01:54]} 1-0
"
2025-11-17,1763408318,black,830,aguilarj,828,1.0,Win,Nimzowitsch Defense 2.D4 E6 3.Nf3 D5 4.E5,B00,https://www.chess.com/openings/Nimzowitsch-Defense-2.d4-e6-3.Nf3-d5-4.e5,blitz,https://www.chess.com/game/live/145633548852,424,"[Event ""Live Chess""]
[Site ""Chess.com""]
[Date ""2025.11.17""]
[Round ""-""]
[White ""aguilarj""]
[Black ""RhysLWells""]
[Result ""0-1""]
[CurrentPosition ""R7/2p2rk1/1p2p2p/1b2P1p1/5p2/Q1B5/5PPP/3q2K1 w - - 6 33""]
[Timezone ""UTC""]
[ECO ""B00""]
[ECOUrl ""https://www.chess.com/openings/Nimzowitsch-Defense-2.d4-e6-3.Nf3-d5-4.e5""]
[UTCDate ""2025.11.17""]
[UTCTime ""19:31:34""]
[WhiteElo ""828""]
[BlackElo ""830""]
[TimeControl ""300""]
[Termination ""RhysLWells won by resignation""]
[StartTime ""19:31:34""]
[EndDate ""2025.11.17""]
[EndTime ""19:38:38""]
[Link ""https://www.chess.com/game/live/145633548852""]

1. e4 {[%clk 0:04:58.1]} 1... e6 {[%clk 0:04:58.2]} 2. Nf3 {[%clk 0:04:57.4]} 2... d5 {[%clk 0:04:54]} 3. e5 {[%clk 0:04:55.4]} 3... Nc6 {[%clk 0:04:52.3]} 4. d4 {[%clk 0:04:53.1]} 4... f6 {[%clk 0:04:46.2]} 5. Nc3 {[%clk 0:04:51.7]} 5... f5 {[%clk 0:04:44.4]} 6. Bg5 {[%clk 0:04:48.1]} 6... Nge7 {[%clk 0:04:42.3]} 7. a3 {[%clk 0:04:39.5]} 7... h6 {[%clk 0:04:39.2]} 8. Be3 {[%clk 0:04:35.1]} 8... g5 {[%clk 0:04:34.7]} 9. b4 {[%clk 0:04:33.1]} 9... f4 {[%clk 0:04:20.3]} 10. Bd2 {[%clk 0:04:25.1]} 10... Nf5 {[%clk 0:04:18.2]} 11. Bb5 {[%clk 0:04:01.5]} 11... Bd7 {[%clk 0:04:04.1]} 12. Bxc6 {[%clk 0:04:00.1]} 12... Bxc6 {[%clk 0:04:01.2]} 13. b5 {[%clk 0:03:51.9]} 13... Bd7 {[%clk 0:03:55.9]} 14. O-O {[%clk 0:03:49.9]} 14... b6 {[%clk 0:03:53.3]} 15. Re1 {[%clk 0:03:44.2]} 15... Be7 {[%clk 0:03:36.2]} 16. a4 {[%clk 0:03:42.6]} 16... O-O {[%clk 0:03:34.3]} 17. Bc1 {[%clk 0:03:34.4]} 17... Bb4 {[%clk 0:03:29.4]} 18. Bb2 {[%clk 0:03:32.6]} 18... a6 {[%clk 0:03:22.4]} 19. bxa6 {[%clk 0:03:27.9]} 19... Rxa6 {[%clk 0:03:18.9]} 20. Re2 {[%clk 0:03:24.5]} 20... Bxc3 {[%clk 0:03:14.5]} 21. Bxc3 {[%clk 0:03:22.7]} 21... Bc6 {[%clk 0:02:46.8]} 22. Bb4 {[%clk 0:03:20.5]} 22... Rf7 {[%clk 0:02:35.6]} 23. Qd3 {[%clk 0:03:06.3]} 23... Rxa4 {[%clk 0:02:14.8]} 24. Rxa4 {[%clk 0:02:57.8]} 24... Bxa4 {[%clk 0:02:13.4]} 25. c4 {[%clk 0:02:48.7]} 25... dxc4 {[%clk 0:02:08.5]} 26. Qxc4 {[%clk 0:02:47.2]} 26... Qd7 {[%clk 0:02:02.1]} 27. Ra2 {[%clk 0:02:39.5]} 27... Bb5 {[%clk 0:01:51.5]} 28. Qc1 {[%clk 0:02:28.4]} 28... Nxd4 {[%clk 0:01:42.2]} 29. Nxd4 {[%clk 0:02:22.1]} 29... Qxd4 {[%clk 0:01:40.6]} 30. Ra8+ {[%clk 0:02:19.5]} 30... Kg7 {[%clk 0:01:39]} 31. Bc3 {[%clk 0:02:10.3]} 31... Qd5 {[%clk 0:01:27.8]} 32. Qa3 {[%clk 0:02:01.3]} 32... Qd1+ {[%clk 0:01:16.6]} 0-1
"
2025-11-16,1763308649,white,822,Alokbantaye,818,0.0,Loss,Philidor Defense,C41,https://www.chess.com/openings/Philidor-Defense,blitz,https://www.chess.com/game/live/145586582906,373,"[Event ""Live Chess""]
[Site ""Chess.com""]
[Date ""2025.11.16""]
[Round ""-""]
[White ""RhysLWells""]
[Black ""Alokbantaye""]
[Result ""0-1""]
[CurrentPosition ""8/k4r2/p1p4p/K7/7p/P4p2/2r5/4R3 w - - 0 34""]
[Timezone ""UTC""]
[ECO ""C41""]
[ECOUrl ""https://www.chess.com/openings/Philidor-Defense""]
[UTCDate ""2025.11.16""]
[UTCTime ""15:51:16""]
[WhiteElo ""822""]
[BlackElo ""818""]
[TimeControl ""300""]
[Termination ""Alokbantaye won by resignation""]
[StartTime ""15:51:16""]
[EndDate ""2025.11.16""]
[EndTime ""15:57:29""]
[Link ""https://www.chess.com/game/live/145586582906""]

1. e4 {[%clk 0:04:59.3]} 1... e5 {[%clk 0:04:53.7]} 2. Nf3 {[%clk 0:04:58.6]} 2... d6 {[%clk 0:04:47.3]} 3. h3 {[%clk 0:04:56]} 3... h6 {[%clk 0:04:45.5]} 4. d4 {[%clk 0:04:54]} 4... exd4 {[%clk 0:04:41.6]} 5. Qxd4 {[%clk 0:04:52.3]} 5... c5 {[%clk 0:04:41.1]} 6. Qd1 {[%clk 0:04:49.6]} 6... Nf6 {[%clk 0:04:40.2]} 7. Nc3 {[%clk 0:04:47.7]} 7... a6 {[%clk 0:04:34.1]} 8. e5 {[%clk 0:04:45.1]} 8... dxe5 {[%clk 0:04:23.7]} 9. Qxd8+ {[%clk 0:04:43.4]} 9... Kxd8 {[%clk 0:04:21]} 10. Nxe5 {[%clk 0:04:42.7]} 10... Be6 {[%clk 0:04:19.4]} 11. Be3 {[%clk 0:04:32.2]} 11... Nc6 {[%clk 0:04:16.3]} 12. Nxc6+ {[%clk 0:04:28.2]} 12... bxc6 {[%clk 0:04:14.7]} 13. O-O-O+ {[%clk 0:04:27.6]} 13... Kc7 {[%clk 0:04:09.9]} 14. Bf4+ {[%clk 0:04:23.1]} 14... Kb7 {[%clk 0:04:06.8]} 15. b3 {[%clk 0:04:15.4]} 15... g5 {[%clk 0:04:00.5]} 16. Be5 {[%clk 0:04:13.3]} 16... Bg7 {[%clk 0:03:59.9]} 17. Ne4 {[%clk 0:04:02.8]} 17... Nxe4 {[%clk 0:03:51.5]} 18. Bxg7 {[%clk 0:04:00.4]} 18... Rhg8 {[%clk 0:03:49.3]} 19. f3 {[%clk 0:03:44.1]} 19... Nf2 {[%clk 0:03:44.4]} 20. Bc4 {[%clk 0:03:26.1]} 20... Rxg7 {[%clk 0:03:37.5]} 21. Bxe6 {[%clk 0:03:22.6]} 21... fxe6 {[%clk 0:03:35.1]} 22. Rd7+ {[%clk 0:03:20.7]} 22... Rxd7 {[%clk 0:03:32.6]} 23. Rf1 {[%clk 0:03:19.3]} 23... Nxh3 {[%clk 0:03:04.5]} 24. gxh3 {[%clk 0:03:18.1]} 24... Rf8 {[%clk 0:03:00.7]} 25. Kb2 {[%clk 0:03:11.5]} 25... e5 {[%clk 0:02:59.1]} 26. Ka3 {[%clk 0:03:04.9]} 26... e4 {[%clk 0:02:48.9]} 27. b4 {[%clk 0:02:56]} 27... cxb4+ {[%clk 0:02:46.5]} 28. Kxb4 {[%clk 0:02:53.3]} 28... exf3 {[%clk 0:02:42.8]} 29. Ka5 {[%clk 0:02:51.2]} 29... Rd2 {[%clk 0:02:39.5]} 30. Rb1+ {[%clk 0:02:50]} 30... Ka7 {[%clk 0:02:37.5]} 31. Re1 {[%clk 0:02:25.3]} 31... Rf7 {[%clk 0:02:26.8]} 32. a3 {[%clk 0:02:13]} 32... Rxc2 {[%clk 0:02:08]} 33. h4 {[%clk 0:02:08.6]} 33... gxh4 {[%clk 0:02:05]} 0-1
"
2025-11-16,1763292184,white,831,partydummy,847,1.0,Win,Giuoco Piano Game Giuoco Pianissimo Variation 4...Nf6,C50,https://www.chess.com/openings/Giuoco-Piano-Game-Giuoco-Pianissimo-Variation-4...Nf6,blitz,https://www.chess.com/game/live/145577372152,537,"[Event ""Live Chess""]
[Site ""Chess.com""]
[Date ""2025.11.16""]
[Round ""-""]
[White ""RhysLWells""]
[Black ""partydummy""]
[Result ""1-0""]
[CurrentPosition ""r5kr/1p3pp1/1N5p/nP6/q1P5/P1R4P/Q4PP1/1K5R b - - 0 30""]
[Timezone ""UTC""]
[ECO ""C50""]
[ECOUrl ""https://www.chess.com/openings/Giuoco-Piano-Game-Giuoco-Pianissimo-Variation-4...Nf6""]
[UTCDate ""2025.11.16""]
[UTCTime ""11:14:07""]
[WhiteElo ""831""]
[BlackElo ""847""]
[TimeControl ""300""]
[Termination ""RhysLWells won by resignation""]
[StartTime ""11:14:07""]
[EndDate ""2025.11.16""]
[EndTime ""11:23:04""]
[Link ""https://www.chess.com/game/live/145577372152""]

1. e4 {[%clk 0:04:59.8]} 1... e5 {[%clk 0:04:58.7]} 2. Nf3 {[%clk 0:04:58.4]} 2... Nc6 {[%clk 0:04:57.9]} 3. Bc4 {[%clk 0:04:55.5]} 3... Nf6 {[%clk 0:04:50.8]} 4. d3 {[%clk 0:04:50.4]} 4... Bc5 {[%clk 0:04:48.7]} 5. Qe2 {[%clk 0:04:46.6]} 5... d6 {[%clk 0:04:46.9]} 6. Be3 {[%clk 0:04:45.1]} 6... Bb4+ {[%clk 0:04:42]} 7. c3 {[%clk 0:04:43.1]} 7... Ba5 {[%clk 0:04:40.9]} 8. Nbd2 {[%clk 0:04:40.5]} 8... h6 {[%clk 0:04:34]} 9. O-O-O {[%clk 0:04:34.3]} 9... Bb6 {[%clk 0:04:21]} 10. Bxb6 {[%clk 0:04:28.9]} 10... axb6 {[%clk 0:04:20.9]} 11. a3 {[%clk 0:04:26.6]} 11... Na5 {[%clk 0:04:02]} 12. Ba2 {[%clk 0:04:22.9]} 12... c5 {[%clk 0:03:49.2]} 13. h3 {[%clk 0:04:11]} 13... b5 {[%clk 0:03:47.1]} 14. d4 {[%clk 0:04:05]} 14... c4 {[%clk 0:03:45]} 15. dxe5 {[%clk 0:03:58.3]} 15... dxe5 {[%clk 0:03:42.1]} 16. Nxc4 {[%clk 0:03:46.3]} 16... Qc7 {[%clk 0:03:25.7]} 17. Nd6+ {[%clk 0:03:35]} 17... Kf8 {[%clk 0:03:08.3]} 18. Nxb5 {[%clk 0:03:25.4]} 18... Qb6 {[%clk 0:02:53.8]} 19. b4 {[%clk 0:03:11.9]} 19... Nc6 {[%clk 0:02:50.6]} 20. Qc4 {[%clk 0:03:04.2]} 20... Be6 {[%clk 0:02:32.1]} 21. Qe2 {[%clk 0:02:39.7]} 21... Bxa2 {[%clk 0:02:29.7]} 22. Qxa2 {[%clk 0:02:28.7]} 22... Qxb5 {[%clk 0:02:27.4]} 23. c4 {[%clk 0:02:18.3]} 23... Qa4 {[%clk 0:02:12.8]} 24. b5 {[%clk 0:02:07.6]} 24... Na5 {[%clk 0:01:52.8]} 25. Nxe5 {[%clk 0:02:03.4]} 25... Nb3+ {[%clk 0:01:42.2]} 26. Kb1 {[%clk 0:01:56.7]} 26... Nxe4 {[%clk 0:01:37.2]} 27. Nd7+ {[%clk 0:01:43.2]} 27... Kg8 {[%clk 0:01:27]} 28. Rd3 {[%clk 0:01:22.7]} 28... Na5 {[%clk 0:00:54.8]} 29. Nb6 {[%clk 0:01:16.5]} 29... Nc3+ {[%clk 0:00:19.1]} 30. Rxc3 {[%clk 0:01:08.2]} 1-0
"
2025-11-15,1763238639,white,822,FLBCOSTA50,827,0.0,Loss,Scotch Game...4.Nxd4 Nxd4 5.Qxd4 D6,C45,https://www.chess.com/openings/Scotch-Game...4.Nxd4-Nxd4-5.Qxd4-d6,blitz,https://www.chess.com/game/live/145556808158,569,"[Event ""Live Chess""]
[Site ""Chess.com""]
[Date ""2025.11.15""]
[Round ""-""]
[White ""RhysLWells""]
[Black ""FLBCOSTA50""]
[Result ""0-1""]
[CurrentPosition ""8/5pkp/pb6/8/2p1r1q1/5K2/P5P1/7R w - - 0 38""]
[Timezone ""UTC""]
[ECO ""C45""]
[ECOUrl ""https://www.chess.com/openings/Scotch-Game...4.Nxd4-Nxd4-5.Qxd4-d6""]
[UTCDate ""2025.11.15""]
[UTCTime ""20:21:10""]
[WhiteElo ""822""]
[BlackElo ""827""]
[TimeControl ""300""]
[Termination ""FLBCOSTA50 won by checkmate""]
[StartTime ""20:21:10""]
[EndDate ""2025.11.15""]
[EndTime ""20:30:39""]
[Link ""https://www.chess.com/game/live/145556808158""]

1. e4 {[%clk 0:04:59.9]} 1... e5 {[%clk 0:04:58.7]} 2. Nf3 {[%clk 0:04:58.3]} 2... Nc6 {[%clk 0:04:57.7]} 3. d4 {[%clk 0:04:54.8]} 3... exd4 {[%clk 0:04:55.8]} 4. Nxd4 {[%clk 0:04:53]} 4... Nxd4 {[%clk 0:04:55]} 5. Qxd4 {[%clk 0:04:51.5]} 5... d6 {[%clk 0:04:54.2]} 6. h3 {[%clk 0:04:46.6]} 6... c5 {[%clk 0:04:50.9]} 7. Qe3 {[%clk 0:04:41.7]} 7... Nf6 {[%clk 0:04:43.1]} 8. b3 {[%clk 0:04:33.1]} 8... Be7 {[%clk 0:04:39.8]} 9. Bb2 {[%clk 0:04:31.1]} 9... Be6 {[%clk 0:04:23.4]} 10. Nc3 {[%clk 0:04:29.3]} 10... O-O {[%clk 0:04:17]} 11. Nb5 {[%clk 0:04:18.1]} 11... Qa5+ {[%clk 0:04:10.6]} 12. Nc3 {[%clk 0:04:14.1]} 12... Rac8 {[%clk 0:03:59.3]} 13. Bd3 {[%clk 0:04:05.2]} 13... a6 {[%clk 0:03:49.5]} 14. O-O {[%clk 0:03:57.7]} 14... b5 {[%clk 0:03:46.1]} 15. Rfd1 {[%clk 0:03:32.2]} 15... c4 {[%clk 0:03:44.2]} 16. bxc4 {[%clk 0:03:30.1]} 16... bxc4 {[%clk 0:03:42.9]} 17. Be2 {[%clk 0:03:24]} 17... Nd7 {[%clk 0:03:18.8]} 18. Qg3 {[%clk 0:03:18.8]} 18... Ne5 {[%clk 0:03:08.7]} 19. f4 {[%clk 0:02:53.2]} 19... Ng6 {[%clk 0:03:02.2]} 20. f5 {[%clk 0:02:50.2]} 20... Bh4 {[%clk 0:02:50.4]} 21. Qxd6 {[%clk 0:02:42.4]} 21... Rcd8 {[%clk 0:02:31.6]} 22. Qa3 {[%clk 0:02:13.1]} 22... Qb6+ {[%clk 0:02:27.3]} 23. Kh1 {[%clk 0:01:54.4]} 23... Nf4 {[%clk 0:02:15.7]} 24. fxe6 {[%clk 0:01:34.9]} 24... Qxe6 {[%clk 0:02:06.3]} 25. Rxd8 {[%clk 0:01:27.1]} 25... Rxd8 {[%clk 0:02:04.1]} 26. Qa5 {[%clk 0:01:05.8]} 26... Rd2 {[%clk 0:01:45.3]} 27. Bf3 {[%clk 0:00:39.9]} 27... Nxh3 {[%clk 0:01:39.5]} 28. Ne2 {[%clk 0:00:28]} 28... Nf2+ {[%clk 0:01:31.9]} 29. Kg1 {[%clk 0:00:22.3]} 29... Rxc2 {[%clk 0:01:02.8]} 30. Qd8+ {[%clk 0:00:20.6]} 30... Bxd8 {[%clk 0:00:59.1]} 31. Bxg7 {[%clk 0:00:18]} 31... Kxg7 {[%clk 0:00:57.5]} 32. Kxf2 {[%clk 0:00:16.4]} 32... Bb6+ {[%clk 0:00:54.9]} 33. Kg3 {[%clk 0:00:14.4]} 33... Qg6+ {[%clk 0:00:53.3]} 34. Bg4 {[%clk 0:00:13.2]} 34... Rxe2 {[%clk 0:00:50.3]} 35. Rh1 {[%clk 0:00:12]} 35... Re3+ {[%clk 0:00:47.4]} 36. Kf4 {[%clk 0:00:10.5]} 36... Rxe4+ {[%clk 0:00:44.6]} 37. Kf3 {[%clk 0:00:08.2]} 37... Qxg4# {[%clk 0:00:42.6]} 0-1
"
2025-11-15,1763238068,black,830,FranzSchwarz,854,0.0,Loss,Queens Pawn Opening Accelerated London System,D00,https://www.chess.com/openings/Queens-Pawn-Opening-Accelerated-London-System,blitz,https://www.chess.com/game/live/145556632402,354,"[Event ""Live Chess""]
[Site ""Chess.com""]
[Date ""2025.11.15""]
[Round ""-""]
[White ""FranzSchwarz""]
[Black ""RhysLWells""]
[Result ""1-0""]
[CurrentPosition ""r5r1/ppp4p/2k5/3Q4/1Pn5/P1N1P3/2P2PPP/R4RK1 b - - 0 25""]
[Timezone ""UTC""]
[ECO ""D00""]
[ECOUrl ""https://www.chess.com/openings/Queens-Pawn-Opening-Accelerated-London-System""]
[UTCDate ""2025.11.15""]
[UTCTime ""20:15:14""]
[WhiteElo ""854""]
[BlackElo ""830""]
[TimeControl ""300""]
[Termination ""FranzSchwarz won by resignation""]
[StartTime ""20:15:14""]
[EndDate ""2025.11.15""]
[EndTime ""20:21:08""]
[Link ""https://www.chess.com/game/live/145556632402""]

1. d4 {[%clk 0:04:59.8]} 1... d5 {[%clk 0:04:57.6]} 2. Bf4 {[%clk 0:04:59.1]} 2... Nc6 {[%clk 0:04:56.2]} 3. e3 {[%clk 0:04:58.1]} 3... Bf5 {[%clk 0:04:53.7]} 4. Bd3 {[%clk 0:04:53.8]} 4... g6 {[%clk 0:04:46]} 5. Bxf5 {[%clk 0:04:52.1]} 5... gxf5 {[%clk 0:04:44.5]} 6. Nf3 {[%clk 0:04:51.6]} 6... f6 {[%clk 0:04:41.3]} 7. a3 {[%clk 0:04:38.5]} 7... Bh6 {[%clk 0:04:39.5]} 8. Bxh6 {[%clk 0:04:31.2]} 8... Nxh6 {[%clk 0:04:37.6]} 9. Nh4 {[%clk 0:04:26.4]} 9... Qd6 {[%clk 0:04:33]} 10. Qh5+ {[%clk 0:04:22.6]} 10... Nf7 {[%clk 0:04:24]} 11. Nxf5 {[%clk 0:04:20.4]} 11... Qd7 {[%clk 0:04:12.2]} 12. Ng7+ {[%clk 0:04:15.2]} 12... Kf8 {[%clk 0:04:07.5]} 13. Nf5 {[%clk 0:04:04.3]} 13... e5 {[%clk 0:03:48.8]} 14. dxe5 {[%clk 0:03:54.8]} 14... Ncxe5 {[%clk 0:03:45.2]} 15. O-O {[%clk 0:03:49.8]} 15... Nd6 {[%clk 0:03:16.5]} 16. Qh6+ {[%clk 0:03:44.5]} 16... Ke8 {[%clk 0:02:45.9]} 17. Ng7+ {[%clk 0:03:39.1]} 17... Kd8 {[%clk 0:02:34.9]} 18. Qxf6+ {[%clk 0:03:36.7]} 18... Qe7 {[%clk 0:02:29.6]} 19. Ne6+ {[%clk 0:03:24.5]} 19... Kd7 {[%clk 0:02:15.3]} 20. Nc5+ {[%clk 0:03:19.6]} 20... Kc6 {[%clk 0:02:08.5]} 21. Qxe7 {[%clk 0:03:11.4]} 21... Kxc5 {[%clk 0:02:07.5]} 22. Qxe5 {[%clk 0:03:02.2]} 22... Rhg8 {[%clk 0:02:04.3]} 23. b4+ {[%clk 0:02:56.2]} 23... Kc6 {[%clk 0:02:02.9]} 24. Nc3 {[%clk 0:02:37.2]} 24... Nc4 {[%clk 0:01:52.4]} 25. Qxd5+ {[%clk 0:02:32.8]} 1-0
"
2025-11-15,1763237352,black,838,jthangen,857,0.0,Loss,Queens Pawn Opening Accelerated London System,D00,https://www.chess.com/openings/Queens-Pawn-Opening-Accelerated-London-System,blitz,https://www.chess.com/game/live/145556161004,580,"[Event ""Live Chess""]
[Site ""Chess.com""]
[Date ""2025.11.15""]
[Round ""-""]
[White ""jthangen""]
[Black ""RhysLWells""]
[Result ""1-0""]
[CurrentPosition ""2B5/p1k5/2p5/2Pb4/1R6/1P4P1/P2K4/8 b - - 0 49""]
[Timezone ""UTC""]
[ECO ""D00""]
[ECOUrl ""https://www.chess.com/openings/Queens-Pawn-Opening-Accelerated-London-System""]
[UTCDate ""2025.11.15""]
[UTCTime ""19:59:32""]
[WhiteElo ""857""]
[BlackElo ""838""]
[TimeControl ""300""]
[Termination ""jthangen won on time""]
[StartTime ""19:59:32""]
[EndDate ""2025.11.15""]
[EndTime ""20:09:12""]
[Link ""https://www.chess.com/game/live/145556161004""]

1. d4 {[%clk 0:04:59.9]} 1... d5 {[%clk 0:04:58]} 2. Bf4 {[%clk 0:04:59.1]} 2... Nc6 {[%clk 0:04:56.2]} 3. e3 {[%clk 0:04:58.4]} 3... e6 {[%clk 0:04:54.3]} 4. Bd3 {[%clk 0:04:57.6]} 4... Bd6 {[%clk 0:04:52.3]} 5. Bg3 {[%clk 0:04:56.3]} 5... Bxg3 {[%clk 0:04:49.5]} 6. hxg3 {[%clk 0:04:56.2]} 6... Nf6 {[%clk 0:04:46.1]} 7. f4 {[%clk 0:04:50.8]} 7... Ne4 {[%clk 0:04:44.2]} 8. Nd2 {[%clk 0:04:45.2]} 8... Nxg3 {[%clk 0:04:38.2]} 9. Rh3 {[%clk 0:04:31.8]} 9... Nf5 {[%clk 0:04:31.5]} 10. Qg4 {[%clk 0:04:22.1]} 10... g6 {[%clk 0:04:20.2]} 11. Ngf3 {[%clk 0:04:13.9]} 11... h5 {[%clk 0:04:09.2]} 12. Qg5 {[%clk 0:04:05.2]} 12... Qxg5 {[%clk 0:04:07.7]} 13. Nxg5 {[%clk 0:04:05.1]} 13... Bd7 {[%clk 0:03:58.1]} 14. Nb3 {[%clk 0:03:57.8]} 14... b6 {[%clk 0:03:53]} 15. Bb5 {[%clk 0:03:55.3]} 15... O-O-O {[%clk 0:03:50.3]} 16. Ba6+ {[%clk 0:03:53.1]} 16... Kb8 {[%clk 0:03:49.1]} 17. Nxf7 {[%clk 0:03:48.3]} 17... Nxe3 {[%clk 0:03:37.8]} 18. Rxe3 {[%clk 0:03:44.1]} 18... h4 {[%clk 0:03:11.3]} 19. Nxd8 {[%clk 0:03:35]} 19... Nxd8 {[%clk 0:03:08.9]} 20. Nd2 {[%clk 0:03:28.8]} 20... Nb7 {[%clk 0:03:02.3]} 21. O-O-O {[%clk 0:03:27.2]} 21... b5 {[%clk 0:02:59.9]} 22. Nb3 {[%clk 0:03:18.2]} 22... c6 {[%clk 0:02:52.7]} 23. Nc5 {[%clk 0:03:15.9]} 23... Nxc5 {[%clk 0:02:51.3]} 24. dxc5 {[%clk 0:03:15.8]} 24... Kc7 {[%clk 0:02:33.6]} 25. b3 {[%clk 0:02:48.7]} 25... Rf8 {[%clk 0:02:24]} 26. Rf1 {[%clk 0:02:41]} 26... g5 {[%clk 0:02:21.4]} 27. Ref3 {[%clk 0:02:30.1]} 27... g4 {[%clk 0:02:11.3]} 28. Rd3 {[%clk 0:02:24.7]} 28... e5 {[%clk 0:02:06.7]} 29. g3 {[%clk 0:02:17.5]} 29... h3 {[%clk 0:01:55.9]} 30. Rdd1 {[%clk 0:02:10.9]} 30... e4 {[%clk 0:01:43.8]} 31. Rde1 {[%clk 0:02:06.7]} 31... Re8 {[%clk 0:01:41.5]} 32. c4 {[%clk 0:02:04.7]} 32... b4 {[%clk 0:01:29.1]} 33. f5 {[%clk 0:01:58.7]} 33... e3 {[%clk 0:01:19.9]} 34. f6 {[%clk 0:01:50.3]} 34... e2 {[%clk 0:01:17.9]} 35. Rf4 {[%clk 0:01:49.2]} 35... h2 {[%clk 0:01:06.9]} 36. cxd5 {[%clk 0:01:48]} 36... h1=Q {[%clk 0:01:04.4]} 37. d6+ {[%clk 0:01:31.9]} 37... Kb8 {[%clk 0:00:57.7]} 38. Rxh1 {[%clk 0:01:20.6]} 38... e1=Q+ {[%clk 0:00:44.5]} 39. Rxe1 {[%clk 0:01:19.4]} 39... Rxe1+ {[%clk 0:00:43.1]} 40. Kd2 {[%clk 0:01:18.2]} 40... Re8 {[%clk 0:00:30.6]} 41. f7 {[%clk 0:01:16.8]} 41... Rf8 {[%clk 0:00:29]} 42. Be2 {[%clk 0:01:07.7]} 42... Be6 {[%clk 0:00:27.1]} 43. Ba6 {[%clk 0:01:03.1]} 43... Bxf7 {[%clk 0:00:19.2]} 44. d7 {[%clk 0:00:59.5]} 44... Kc7 {[%clk 0:00:16.9]} 45. Rd4 {[%clk 0:00:54.7]} 45... Bd5 {[%clk 0:00:14.8]} 46. Be2 {[%clk 0:00:47.6]} 46... Kxd7 {[%clk 0:00:13.8]} 47. Bxg4+ {[%clk 0:00:46.1]} 47... Kc7 {[%clk 0:00:12.6]} 48. Rxb4 {[%clk 0:00:42.1]} 48... Rc8 {[%clk 0:00:11.1]} 49. Bxc8 {[%clk 0:00:39.4]} 1-0
"
2025-11-15,1763236722,white,846,Orly1212,817,1.0,Win,Pirc Defense 2.D4 Nf6 3.Nc3 Nc6,B07,https://www.chess.com/openings/Pirc-Defense-2.d4-Nf6-3.Nc3-Nc6,blitz,https://www.chess.com/game/live/145555914230,433,"[Event ""Live Chess""]
[Site ""Chess.com""]
[Date ""2025.11.15""]
[Round ""-""]
[White ""RhysLWells""]
[Black ""Orly1212""]
[Result ""1-0""]
[CurrentPosition ""8/8/p5Qk/1pp2P1p/3N4/2R4P/P6P/4K1R1 b - - 0 36""]
[Timezone ""UTC""]
[ECO ""B07""]
[ECOUrl ""https://www.chess.com/openings/Pirc-Defense-2.d4-Nf6-3.Nc3-Nc6""]
[UTCDate ""2025.11.15""]
[UTCTime ""19:51:29""]
[WhiteElo ""846""]
[BlackElo ""817""]
[TimeControl ""300""]
[Termination ""RhysLWells won by checkmate""]
[StartTime ""19:51:29""]
[EndDate ""2025.11.15""]
[EndTime ""19:58:42""]
[Link ""https://www.chess.com/game/live/145555914230""]

1. d4 {[%clk 0:04:58.4]} 1... d6 {[%clk 0:04:58.3]} 2. e4 {[%clk 0:04:57.4]} 2... Nf6 {[%clk 0:04:56.1]} 3. Nc3 {[%clk 0:04:55]} 3... Nc6 {[%clk 0:04:51.9]} 4. Nh3 {[%clk 0:04:52.5]} 4... Bxh3 {[%clk 0:04:49.9]} 5. gxh3 {[%clk 0:04:50.7]} 5... Qd7 {[%clk 0:04:48]} 6. f4 {[%clk 0:04:47.8]} 6... O-O-O {[%clk 0:04:45.3]} 7. f5 {[%clk 0:04:46.5]} 7... e5 {[%clk 0:04:39.4]} 8. d5 {[%clk 0:04:42.1]} 8... Nd4 {[%clk 0:04:36.9]} 9. Be3 {[%clk 0:04:39.3]} 9... c5 {[%clk 0:04:33.1]} 10. Bxd4 {[%clk 0:04:27.5]} 10... cxd4 {[%clk 0:04:29.2]} 11. Bb5 {[%clk 0:04:23.2]} 11... Qc7 {[%clk 0:04:23.8]} 12. Ne2 {[%clk 0:04:00.1]} 12... a6 {[%clk 0:04:21.8]} 13. Ba4 {[%clk 0:03:51.3]} 13... b5 {[%clk 0:04:18.5]} 14. Bb3 {[%clk 0:03:41.9]} 14... Nxe4 {[%clk 0:04:17.3]} 15. Ng3 {[%clk 0:03:25.4]} 15... Nc5 {[%clk 0:04:14.3]} 16. Rc1 {[%clk 0:03:20.6]} 16... Be7 {[%clk 0:04:12.6]} 17. c3 {[%clk 0:03:11.2]} 17... dxc3 {[%clk 0:04:07.6]} 18. Rxc3 {[%clk 0:03:09]} 18... g6 {[%clk 0:04:03.2]} 19. Qg4 {[%clk 0:02:47.8]} 19... Rhg8 {[%clk 0:03:35.3]} 20. Bc2 {[%clk 0:02:38.4]} 20... Qd7 {[%clk 0:03:33.1]} 21. b4 {[%clk 0:02:15]} 21... h5 {[%clk 0:03:29.5]} 22. Qf3 {[%clk 0:02:01.4]} 22... Kb7 {[%clk 0:02:58.4]} 23. bxc5 {[%clk 0:01:59.1]} 23... dxc5 {[%clk 0:02:57.5]} 24. d6+ {[%clk 0:01:46.4]} 24... Qc6 {[%clk 0:02:55]} 25. Be4 {[%clk 0:01:41.3]} 25... Qxe4+ {[%clk 0:02:48.2]} 26. Nxe4 {[%clk 0:01:39.4]} 26... Bxd6 {[%clk 0:02:45.7]} 27. Nxd6+ {[%clk 0:01:33.2]} 27... Kb8 {[%clk 0:02:43.8]} 28. Nxf7 {[%clk 0:01:25]} 28... Rd7 {[%clk 0:02:36.7]} 29. Nxe5 {[%clk 0:01:20.7]} 29... Rd4 {[%clk 0:02:26.5]} 30. Nc6+ {[%clk 0:01:15.8]} 30... Kc8 {[%clk 0:02:24.1]} 31. Nxd4 {[%clk 0:01:07.5]} 31... Kd8 {[%clk 0:02:15.7]} 32. Qa8+ {[%clk 0:01:02.6]} 32... Ke7 {[%clk 0:02:13.5]} 33. Qxg8 {[%clk 0:01:01.9]} 33... Kf6 {[%clk 0:02:13.4]} 34. Qe6+ {[%clk 0:00:59]} 34... Kg5 {[%clk 0:02:12.3]} 35. Rg1+ {[%clk 0:00:57.8]} 35... Kh6 {[%clk 0:02:11.1]} 36. Qxg6# {[%clk 0:00:53.3]} 1-0
"
2025-11-15,1763236236,black,838,A7mede75,836,1.0,Win,Italian Game,C50,https://www.chess.com/openings/Italian-Game,blitz,https://www.chess.com/game/live/145555757242,251,"[Event ""Live Chess""]
[Site ""Chess.com""]
[Date ""2025.11.15""]
[Round ""-""]
[White ""A7mede75""]
[Black ""RhysLWells""]
[Result ""0-1""]
[CurrentPosition ""r5k1/6pp/p2p4/1p2p1NP/8/3P4/PPqr4/K4R1R b - - 3 24""]
[Timezone ""UTC""]
[ECO ""C50""]
[ECOUrl ""https://www.chess.com/openings/Italian-Game""]
[UTCDate ""2025.11.15""]
[UTCTime ""19:46:25""]
[WhiteElo ""836""]
[BlackElo ""838""]
[TimeControl ""300""]
[Termination ""RhysLWells won by resignation""]
[StartTime ""19:46:25""]
[EndDate ""2025.11.15""]
[EndTime ""19:50:36""]
[Link ""https://www.chess.com/game/live/145555757242""]

1. e4 {[%clk 0:04:59.8]} 1... e5 {[%clk 0:04:53.6]} 2. Nf3 {[%clk 0:04:57.5]} 2... Nc6 {[%clk 0:04:52.9]} 3. Bc4 {[%clk 0:04:51.9]} 3... f6 {[%clk 0:04:50.7]} 4. h4 {[%clk 0:04:45.5]} 4... a6 {[%clk 0:04:48.6]} 5. Nc3 {[%clk 0:04:43.7]} 5... b5 {[%clk 0:04:47.5]} 6. Bd5 {[%clk 0:04:35.4]} 6... Nge7 {[%clk 0:04:46.4]} 7. d3 {[%clk 0:04:24.7]} 7... Nxd5 {[%clk 0:04:41.2]} 8. Nxd5 {[%clk 0:04:24.6]} 8... Bb7 {[%clk 0:04:37.7]} 9. g4 {[%clk 0:04:20.6]} 9... Ne7 {[%clk 0:04:35.1]} 10. Be3 {[%clk 0:04:18.4]} 10... Bxd5 {[%clk 0:04:33.6]} 11. exd5 {[%clk 0:04:18.3]} 11... Nxd5 {[%clk 0:04:31.8]} 12. Qd2 {[%clk 0:04:16.8]} 12... Bd6 {[%clk 0:04:21.4]} 13. c4 {[%clk 0:03:58.4]} 13... Bb4 {[%clk 0:04:19.6]} 14. cxd5 {[%clk 0:03:47.3]} 14... Bxd2+ {[%clk 0:04:17.8]} 15. Bxd2 {[%clk 0:03:47.2]} 15... O-O {[%clk 0:04:14.8]} 16. O-O-O {[%clk 0:03:45.2]} 16... d6 {[%clk 0:04:04.6]} 17. g5 {[%clk 0:03:39.6]} 17... c5 {[%clk 0:03:50.6]} 18. dxc6 {[%clk 0:03:31.7]} 18... Qc8 {[%clk 0:03:49]} 19. gxf6 {[%clk 0:03:29.3]} 19... Rxf6 {[%clk 0:03:45.7]} 20. Ng5 {[%clk 0:03:20.5]} 20... Qxc6+ {[%clk 0:03:33.4]} 21. Kb1 {[%clk 0:03:18.6]} 21... Rxf2 {[%clk 0:03:25.2]} 22. h5 {[%clk 0:03:07.8]} 22... Rxd2 {[%clk 0:03:08.8]} 23. Rdf1 {[%clk 0:03:00]} 23... Qc2+ {[%clk 0:03:03]} 24. Ka1 {[%clk 0:02:57.7]} 0-1
"
2025-11-15,1763235949,black,830,NICBILL,861,0.0,Loss,French Defense Advance Variation 3...C5,C02,https://www.chess.com/openings/French-Defense-Advance-Variation-3...c5,blitz,https://www.chess.com/game/live/145555467644,523,"[Event ""Live Chess""]
[Site ""Chess.com""]
[Date ""2025.11.15""]
[Round ""-""]
[White ""NICBILL""]
[Black ""RhysLWells""]
[Result ""1-0""]
[CurrentPosition ""2R5/5ppk/4p2p/4P1b1/7P/2p2QP1/5P1K/5q2 b - - 1 40""]
[Timezone ""UTC""]
[ECO ""C02""]
[ECOUrl ""https://www.chess.com/openings/French-Defense-Advance-Variation-3...c5""]
[UTCDate ""2025.11.15""]
[UTCTime ""19:37:06""]
[WhiteElo ""861""]
[BlackElo ""830""]
[TimeControl ""300""]
[Termination ""NICBILL won on time""]
[StartTime ""19:37:06""]
[EndDate ""2025.11.15""]
[EndTime ""19:45:49""]
[Link ""https://www.chess.com/game/live/145555467644""]

1. e4 {[%clk 0:04:54.6]} 1... e6 {[%clk 0:04:59.1]} 2. e5 {[%clk 0:04:52.9]} 2... d5 {[%clk 0:04:57.2]} 3. d4 {[%clk 0:04:50.8]} 3... c5 {[%clk 0:04:55.6]} 4. Bb5+ {[%clk 0:04:48.9]} 4... Nc6 {[%clk 0:04:50.4]} 5. dxc5 {[%clk 0:04:47.1]} 5... Bxc5 {[%clk 0:04:48.2]} 6. Nf3 {[%clk 0:04:45.6]} 6... a6 {[%clk 0:04:44.4]} 7. Bxc6+ {[%clk 0:04:45]} 7... bxc6 {[%clk 0:04:41.9]} 8. O-O {[%clk 0:04:44.5]} 8... Ne7 {[%clk 0:04:36.6]} 9. Bg5 {[%clk 0:04:39.1]} 9... h6 {[%clk 0:04:33.3]} 10. Bh4 {[%clk 0:04:36.7]} 10... O-O {[%clk 0:04:27.1]} 11. Nc3 {[%clk 0:04:32.7]} 11... a5 {[%clk 0:04:17.1]} 12. Nd4 {[%clk 0:04:31.3]} 12... Ba6 {[%clk 0:04:04.3]} 13. Bxe7 {[%clk 0:04:26.2]} 13... Bxe7 {[%clk 0:03:43.7]} 14. Re1 {[%clk 0:04:20.6]} 14... Qb6 {[%clk 0:03:34.6]} 15. b3 {[%clk 0:04:09.7]} 15... Rac8 {[%clk 0:03:12.5]} 16. Nf3 {[%clk 0:04:04.6]} 16... Rfd8 {[%clk 0:02:54.7]} 17. Na4 {[%clk 0:04:02.7]} 17... Qb5 {[%clk 0:02:40.2]} 18. Nd4 {[%clk 0:03:55.6]} 18... Qb8 {[%clk 0:02:24.7]} 19. h3 {[%clk 0:03:46]} 19... c5 {[%clk 0:02:15.8]} 20. Nf3 {[%clk 0:03:36]} 20... c4 {[%clk 0:02:10.2]} 21. bxc4 {[%clk 0:03:33.1]} 21... Rxc4 {[%clk 0:02:08.7]} 22. c3 {[%clk 0:03:22.4]} 22... Bb5 {[%clk 0:01:57.1]} 23. Nb2 {[%clk 0:03:19.9]} 23... Rxc3 {[%clk 0:01:51.7]} 24. Nd4 {[%clk 0:03:13.9]} 24... Rdc8 {[%clk 0:01:35.2]} 25. Nb3 {[%clk 0:02:53.7]} 25... a4 {[%clk 0:01:30.1]} 26. Rc1 {[%clk 0:02:45.8]} 26... axb3 {[%clk 0:01:24.4]} 27. Rxc3 {[%clk 0:02:42.7]} 27... bxa2 {[%clk 0:01:11.9]} 28. Rxc8+ {[%clk 0:02:36.8]} 28... Qxc8 {[%clk 0:01:09]} 29. Qa1 {[%clk 0:02:31.7]} 29... Bc4 {[%clk 0:00:56.9]} 30. Rc1 {[%clk 0:02:25]} 30... Bg5 {[%clk 0:00:50.2]} 31. Rc2 {[%clk 0:02:22.6]} 31... Qa6 {[%clk 0:00:41.8]} 32. Nxc4 {[%clk 0:02:16.5]} 32... dxc4 {[%clk 0:00:39.5]} 33. Rxa2 {[%clk 0:02:15.4]} 33... Qb5 {[%clk 0:00:25.3]} 34. Ra8+ {[%clk 0:02:13.3]} 34... Kh7 {[%clk 0:00:22.9]} 35. Qc3 {[%clk 0:02:02.4]} 35... Qb1+ {[%clk 0:00:19.1]} 36. Kh2 {[%clk 0:02:00.7]} 36... Bf4+ {[%clk 0:00:18.2]} 37. g3 {[%clk 0:01:57.8]} 37... Bg5 {[%clk 0:00:10.9]} 38. h4 {[%clk 0:01:55.8]} 38... Qf1 {[%clk 0:00:03.9]} 39. Qf3 {[%clk 0:01:47.7]} 39... c3 {[%clk 0:00:02.4]} 40. Rc8 {[%clk 0:01:41.4]} 1-0
"
2025-11-15,1763234838,white,838,kanni2001,844,0.0,Loss,Scandinavian Defense Closed 2...Dxe4 3.Nxe4 Bf5,B01,https://www.chess.com/openings/Scandinavian-Defense-Closed-2...dxe4-3.Nxe4-Bf5,blitz,https://www.chess.com/game/live/145554838800,593,"[Event ""Live Chess""]
[Site ""Chess.com""]
[Date ""2025.11.15""]
[Round ""-""]
[White ""RhysLWells""]
[Black ""kanni2001""]
[Result ""0-1""]
[CurrentPosition ""6r1/pkp5/7K/8/1B5r/2P5/PP6/R7 w - - 0 44""]
[Timezone ""UTC""]
[ECO ""B01""]
[ECOUrl ""https://www.chess.com/openings/Scandinavian-Defense-Closed-2...dxe4-3.Nxe4-Bf5""]
[UTCDate ""2025.11.15""]
[UTCTime ""19:17:25""]
[WhiteElo ""838""]
[BlackElo ""844""]
[TimeControl ""300""]
[Termination ""kanni2001 won by checkmate""]
[StartTime ""19:17:25""]
[EndDate ""2025.11.15""]
[EndTime ""19:27:18""]
[Link ""https://www.chess.com/game/live/145554838800""]

1. e4 {[%clk 0:04:58.3]} 1... d5 {[%clk 0:04:57.7]} 2. Nc3 {[%clk 0:04:54.2]} 2... dxe4 {[%clk 0:04:56.3]} 3. Nxe4 {[%clk 0:04:52]} 3... Bf5 {[%clk 0:04:52.8]} 4. f3 {[%clk 0:04:49.3]} 4... e6 {[%clk 0:04:47.9]} 5. g4 {[%clk 0:04:45.7]} 5... Bxe4 {[%clk 0:04:44]} 6. fxe4 {[%clk 0:04:44.1]} 6... Qh4+ {[%clk 0:04:42.7]} 7. Ke2 {[%clk 0:04:33.5]} 7... Qxg4+ {[%clk 0:04:38.3]} 8. Nf3 {[%clk 0:04:30.6]} 8... Nf6 {[%clk 0:04:31.1]} 9. d3 {[%clk 0:04:25.2]} 9... Nc6 {[%clk 0:04:22.2]} 10. h3 {[%clk 0:04:22.3]} 10... Nd4+ {[%clk 0:04:19.8]} 11. Ke3 {[%clk 0:04:10.5]} 11... Qh5 {[%clk 0:04:03.3]} 12. Bg2 {[%clk 0:03:57.3]} 12... Bc5 {[%clk 0:03:58.5]} 13. Nxd4 {[%clk 0:03:52.5]} 13... Bxd4+ {[%clk 0:03:45.2]} 14. Kxd4 {[%clk 0:03:51.2]} 14... Qb5 {[%clk 0:03:34.1]} 15. Ke3 {[%clk 0:03:39.6]} 15... Qg5+ {[%clk 0:03:29.4]} 16. Kf2 {[%clk 0:03:33]} 16... Qc5+ {[%clk 0:03:16.6]} 17. Kf1 {[%clk 0:03:20.8]} 17... O-O-O {[%clk 0:03:09.8]} 18. Bf4 {[%clk 0:03:09.8]} 18... h6 {[%clk 0:02:59.8]} 19. Qe2 {[%clk 0:02:59.3]} 19... g5 {[%clk 0:02:57.3]} 20. Be3 {[%clk 0:02:58.2]} 20... Qc6 {[%clk 0:02:44.6]} 21. e5 {[%clk 0:02:55.1]} 21... Qa6 {[%clk 0:02:35.9]} 22. exf6 {[%clk 0:02:53.6]} 22... e5 {[%clk 0:02:21.8]} 23. Qg4+ {[%clk 0:02:40.8]} 23... Kb8 {[%clk 0:02:15.1]} 24. Qf3 {[%clk 0:02:15.5]} 24... Rd6 {[%clk 0:02:08.4]} 25. Ke2 {[%clk 0:01:51]} 25... Rxf6 {[%clk 0:02:04.4]} 26. Qg3 {[%clk 0:01:20.8]} 26... Re6 {[%clk 0:01:57.7]} 27. Rhf1 {[%clk 0:01:19.1]} 27... Rf8 {[%clk 0:01:51.8]} 28. Rf2 {[%clk 0:01:12.8]} 28... f5 {[%clk 0:01:49.5]} 29. h4 {[%clk 0:01:00.2]} 29... f4 {[%clk 0:01:48.1]} 30. Qf3 {[%clk 0:00:55.6]} 30... Rd6 {[%clk 0:01:35.7]} 31. Qxb7+ {[%clk 0:00:51.1]} 31... Qxb7 {[%clk 0:01:33.5]} 32. Bxb7 {[%clk 0:00:49.8]} 32... Kxb7 {[%clk 0:01:32.6]} 33. Bd2 {[%clk 0:00:46.6]} 33... e4 {[%clk 0:01:28.7]} 34. dxe4 {[%clk 0:00:45]} 34... Rfd8 {[%clk 0:01:24.6]} 35. Bb4 {[%clk 0:00:41.5]} 35... Rd4 {[%clk 0:01:20.8]} 36. c3 {[%clk 0:00:39]} 36... Rxe4+ {[%clk 0:01:18.5]} 37. Kf3 {[%clk 0:00:36.2]} 37... Re3+ {[%clk 0:01:16.6]} 38. Kg4 {[%clk 0:00:33.8]} 38... Rg3+ {[%clk 0:01:05.5]} 39. Kh5 {[%clk 0:00:29]} 39... Rdd3 {[%clk 0:00:51.3]} 40. hxg5 {[%clk 0:00:27.9]} 40... Rxg5+ {[%clk 0:00:45.2]} 41. Kxh6 {[%clk 0:00:25.6]} 41... Rg8 {[%clk 0:00:37.5]} 42. Rxf4 {[%clk 0:00:11.4]} 42... Rh3+ {[%clk 0:00:35.7]} 43. Rh4 {[%clk 0:00:06.5]} 43... Rxh4# {[%clk 0:00:34.5]} 0-1
"
2025-11-15,1763234240,white,846,yirmiyaou,837,1.0,Win,Queens Pawn Opening Chigorin Variation 2...Nf6 3.Nf3,D00,https://www.chess.com/openings/Queens-Pawn-Opening-Chigorin-Variation-2...Nf6-3.Nf3,blitz,https://www.chess.com/game/live/145554647216,350,"[Event ""Live Chess""]
[Site ""Chess.com""]
[Date ""2025.11.15""]
[Round ""-""]
[White ""RhysLWells""]
[Black ""yirmiyaou""]
[Result ""1-0""]
[CurrentPosition ""Q7/P1p1k1pN/8/2p5/2P5/7P/1KP3P1/8 b - - 0 36""]
[Timezone ""UTC""]
[ECO ""D00""]
[ECOUrl ""https://www.chess.com/openings/Queens-Pawn-Opening-Chigorin-Variation-2...Nf6-3.Nf3""]
[UTCDate ""2025.11.15""]
[UTCTime ""19:11:30""]
[WhiteElo ""846""]
[BlackElo ""837""]
[TimeControl ""300""]
[Termination ""RhysLWells won by resignation""]
[StartTime ""19:11:30""]
[EndDate ""2025.11.15""]
[EndTime ""19:17:20""]
[Link ""https://www.chess.com/game/live/145554647216""]

1. d4 {[%clk 0:04:57.8]} 1... d5 {[%clk 0:04:55.8]} 2. Nf3 {[%clk 0:04:55.8]} 2... Nf6 {[%clk 0:04:55.1]} 3. Nc3 {[%clk 0:04:54]} 3... Nc6 {[%clk 0:04:53.5]} 4. Bg5 {[%clk 0:04:53.2]} 4... e6 {[%clk 0:04:51.3]} 5. Ne5 {[%clk 0:04:48.7]} 5... Be7 {[%clk 0:04:48.6]} 6. Nxc6 {[%clk 0:04:45.3]} 6... bxc6 {[%clk 0:04:47.1]} 7. f3 {[%clk 0:04:36.4]} 7... O-O {[%clk 0:04:43.5]} 8. Bxf6 {[%clk 0:04:33.8]} 8... Bxf6 {[%clk 0:04:42.6]} 9. h3 {[%clk 0:04:28]} 9... Bxd4 {[%clk 0:04:35.3]} 10. Qxd4 {[%clk 0:04:25.6]} 10... Re8 {[%clk 0:04:21.7]} 11. O-O-O {[%clk 0:04:23.4]} 11... e5 {[%clk 0:04:21]} 12. Qf2 {[%clk 0:04:17.9]} 12... Bf5 {[%clk 0:04:10.4]} 13. e4 {[%clk 0:04:12.5]} 13... dxe4 {[%clk 0:04:09.1]} 14. Rxd8 {[%clk 0:04:10.7]} 14... Raxd8 {[%clk 0:04:09]} 15. fxe4 {[%clk 0:04:06.3]} 15... Be6 {[%clk 0:04:03.8]} 16. b3 {[%clk 0:04:02.6]} 16... Rd7 {[%clk 0:03:59]} 17. Bd3 {[%clk 0:04:01.1]} 17... Red8 {[%clk 0:03:58.2]} 18. Qxa7 {[%clk 0:03:48.3]} 18... f6 {[%clk 0:03:44.3]} 19. Rd1 {[%clk 0:03:40.1]} 19... Kf7 {[%clk 0:03:35.4]} 20. Bc4 {[%clk 0:03:34.4]} 20... Bxc4 {[%clk 0:03:25.9]} 21. Rxd7+ {[%clk 0:03:31.3]} 21... Rxd7 {[%clk 0:03:23.7]} 22. bxc4 {[%clk 0:03:28.9]} 22... Kg6 {[%clk 0:03:17.1]} 23. Qf2 {[%clk 0:03:18.1]} 23... Rf7 {[%clk 0:03:12.2]} 24. a4 {[%clk 0:03:16.2]} 24... f5 {[%clk 0:03:11.3]} 25. exf5+ {[%clk 0:03:14.2]} 25... Rxf5 {[%clk 0:03:10.4]} 26. Qg3+ {[%clk 0:03:13.5]} 26... Kf6 {[%clk 0:03:09]} 27. Ne4+ {[%clk 0:03:07.8]} 27... Kf7 {[%clk 0:02:54.2]} 28. Ng5+ {[%clk 0:03:03.7]} 28... Kf6 {[%clk 0:02:43.3]} 29. Nxh7+ {[%clk 0:02:59.8]} 29... Kf7 {[%clk 0:02:30.7]} 30. a5 {[%clk 0:02:51.4]} 30... c5 {[%clk 0:02:13.9]} 31. a6 {[%clk 0:02:49.3]} 31... Rf1+ {[%clk 0:02:10.1]} 32. Kb2 {[%clk 0:02:47.6]} 32... Rd1 {[%clk 0:01:58.3]} 33. a7 {[%clk 0:02:44.8]} 33... Rd8 {[%clk 0:01:56.8]} 34. Qxe5 {[%clk 0:02:41.9]} 34... Ra8 {[%clk 0:01:54.1]} 35. Qd5+ {[%clk 0:02:40.3]} 35... Ke7 {[%clk 0:01:48.9]} 36. Qxa8 {[%clk 0:02:36.8]} 1-0
"
2025-11-15,1763222209,black,838,Alex7nnn77,876,0.0,Loss,French Defense,C00,https://www.chess.com/openings/French-Defense,blitz,https://www.chess.com/game/live/145547606022,427,"[Event ""Live Chess""]
[Site ""Chess.com""]
[Date ""2025.11.15""]
[Round ""-""]
[White ""Alex7nnn77""]
[Black ""RhysLWells""]
[Result ""1-0""]
[CurrentPosition ""8/p6p/q5p1/6P1/4PQ2/P6k/KP5R/R7 b - - 1 36""]
[Timezone ""UTC""]
[ECO ""C00""]
[ECOUrl ""https://www.chess.com/openings/French-Defense""]
[UTCDate ""2025.11.15""]
[UTCTime ""15:49:42""]
[WhiteElo ""876""]
[BlackElo ""838""]
[TimeControl ""300""]
[Termination ""Alex7nnn77 won by checkmate""]
[StartTime ""15:49:42""]
[EndDate ""2025.11.15""]
[EndTime ""15:56:49""]
[Link ""https://www.chess.com/game/live/145547606022""]

1. e4 {[%clk 0:04:58.4]} 1... e6 {[%clk 0:04:58.1]} 2. Qf3 {[%clk 0:04:57.4]} 2... d5 {[%clk 0:04:56.1]} 3. d3 {[%clk 0:04:56.3]} 3... d4 {[%clk 0:04:52.7]} 4. Be2 {[%clk 0:04:54.4]} 4... Nc6 {[%clk 0:04:48.3]} 5. a3 {[%clk 0:04:50]} 5... f6 {[%clk 0:04:45.1]} 6. Qg3 {[%clk 0:04:49.2]} 6... g6 {[%clk 0:04:39.2]} 7. f4 {[%clk 0:04:45.9]} 7... Bd6 {[%clk 0:04:19.1]} 8. h3 {[%clk 0:04:43.2]} 8... e5 {[%clk 0:04:14.7]} 9. Nf3 {[%clk 0:04:36.4]} 9... exf4 {[%clk 0:04:13]} 10. Bxf4 {[%clk 0:04:34.3]} 10... Ne5 {[%clk 0:04:01.5]} 11. Nxe5 {[%clk 0:04:26.6]} 11... Bxe5 {[%clk 0:03:55.6]} 12. Bxe5 {[%clk 0:04:24.9]} 12... fxe5 {[%clk 0:03:48.4]} 13. Qxe5+ {[%clk 0:04:23.8]} 13... Qe7 {[%clk 0:03:36.9]} 14. Qxh8 {[%clk 0:04:20.3]} 14... Be6 {[%clk 0:03:25.7]} 15. Qxd4 {[%clk 0:04:18.1]} 15... Qh4+ {[%clk 0:03:17.6]} 16. Kd2 {[%clk 0:04:13.7]} 16... Qf4+ {[%clk 0:03:10.4]} 17. Kd1 {[%clk 0:04:05.4]} 17... Ne7 {[%clk 0:03:00.7]} 18. Nd2 {[%clk 0:04:03.4]} 18... Nc6 {[%clk 0:02:55]} 19. Qh8+ {[%clk 0:03:57.6]} 19... Kd7 {[%clk 0:02:31]} 20. Qxa8 {[%clk 0:03:55.4]} 20... Nd4 {[%clk 0:02:27.4]} 21. Qxb7 {[%clk 0:03:44.7]} 21... Qf2 {[%clk 0:02:04.9]} 22. Re1 {[%clk 0:03:37.9]} 22... Nxc2 {[%clk 0:01:40.3]} 23. Kxc2 {[%clk 0:03:29.2]} 23... Qc5+ {[%clk 0:01:34.1]} 24. Kb1 {[%clk 0:03:21.2]} 24... Qa5 {[%clk 0:01:17.6]} 25. Bg4 {[%clk 0:03:19]} 25... Qxd2 {[%clk 0:01:07.8]} 26. Bxe6+ {[%clk 0:03:16.6]} 26... Kxe6 {[%clk 0:01:05.8]} 27. Qc6+ {[%clk 0:03:13]} 27... Kf7 {[%clk 0:00:59.2]} 28. Rf1+ {[%clk 0:03:08.9]} 28... Kg7 {[%clk 0:00:57.8]} 29. Qxc7+ {[%clk 0:03:07.7]} 29... Kh6 {[%clk 0:00:56.9]} 30. Rc1 {[%clk 0:03:01.9]} 30... Qxd3+ {[%clk 0:00:53.5]} 31. Rc2 {[%clk 0:02:56.2]} 31... Qf1+ {[%clk 0:00:47.1]} 32. Ka2 {[%clk 0:02:55.3]} 32... Qa6 {[%clk 0:00:31.8]} 33. Qf4+ {[%clk 0:02:51.6]} 33... Kh5 {[%clk 0:00:24.7]} 34. g4+ {[%clk 0:02:49.7]} 34... Kh4 {[%clk 0:00:22.1]} 35. g5+ {[%clk 0:02:46.4]} 35... Kxh3 {[%clk 0:00:19.9]} 36. Rh2# {[%clk 0:02:43.7]} 1-0
"
2025-11-14,1763144536,black,845,Mesange33,822,1.0,Win,Kings Gambit Declined Queens Knight Defense 3.Nf3,C30,https://www.chess.com/openings/Kings-Gambit-Declined-Queens-Knight-Defense-3.Nf3,blitz,https://www.chess.com/game/live/145513383822,544,"[Event ""Live Chess""]
[Site ""Chess.com""]
[Date ""2025.11.14""]
[Round ""-""]
[White ""Mesange33""]
[Black ""RhysLWells""]
[Result ""0-1""]
[CurrentPosition ""8/6p1/4R3/pr3pPk/7P/1P6/p7/4K3 w - - 0 39""]
[Timezone ""UTC""]
[ECO ""C30""]
[ECOUrl ""https://www.chess.com/openings/Kings-Gambit-Declined-Queens-Knight-Defense-3.Nf3""]
[UTCDate ""2025.11.14""]
[UTCTime ""18:13:12""]
[WhiteElo ""822""]
[BlackElo ""845""]
[TimeControl ""300""]
[Termination ""RhysLWells won by resignation""]
[StartTime ""18:13:12""]
[EndDate ""2025.11.14""]
[EndTime ""18:22:16""]
[Link ""https://www.chess.com/game/live/145513383822""]

1. e4 {[%clk 0:04:59.6]} 1... e5 {[%clk 0:04:58.2]} 2. f4 {[%clk 0:04:59.5]} 2... Nc6 {[%clk 0:04:56.2]} 3. Nf3 {[%clk 0:04:59.4]} 3... d6 {[%clk 0:04:52.2]} 4. Bc4 {[%clk 0:04:57.1]} 4... h6 {[%clk 0:04:45.3]} 5. O-O {[%clk 0:04:53.2]} 5... Qe7 {[%clk 0:04:41.4]} 6. d4 {[%clk 0:04:51.2]} 6... exd4 {[%clk 0:04:36.7]} 7. Nxd4 {[%clk 0:04:44.1]} 7... Nxd4 {[%clk 0:04:33.6]} 8. Qxd4 {[%clk 0:04:42.1]} 8... c5 {[%clk 0:04:33]} 9. Qf2 {[%clk 0:04:24.8]} 9... Nf6 {[%clk 0:04:27.6]} 10. e5 {[%clk 0:04:16.6]} 10... Ne4 {[%clk 0:04:14]} 11. exd6 {[%clk 0:04:05.4]} 11... Nxf2 {[%clk 0:04:04.7]} 12. dxe7 {[%clk 0:04:03.5]} 12... Bxe7 {[%clk 0:04:03.2]} 13. Kxf2 {[%clk 0:03:57.6]} 13... O-O {[%clk 0:03:58.8]} 14. c3 {[%clk 0:03:54.5]} 14... Bd7 {[%clk 0:03:51.8]} 15. Nd2 {[%clk 0:03:51.4]} 15... b5 {[%clk 0:03:49.2]} 16. Bd5 {[%clk 0:03:47.3]} 16... Rad8 {[%clk 0:03:40.6]} 17. c4 {[%clk 0:03:41.7]} 17... b4 {[%clk 0:03:34.8]} 18. b3 {[%clk 0:03:39.6]} 18... Rfe8 {[%clk 0:03:26.5]} 19. Bb2 {[%clk 0:03:37.4]} 19... Bd6 {[%clk 0:03:18.4]} 20. g3 {[%clk 0:03:13.5]} 20... a5 {[%clk 0:03:09.3]} 21. Ne4 {[%clk 0:03:05.1]} 21... Bb8 {[%clk 0:02:54.6]} 22. Nxc5 {[%clk 0:03:02.4]} 22... Ba7 {[%clk 0:02:51.2]} 23. Bd4 {[%clk 0:02:50.3]} 23... Bh3 {[%clk 0:02:09.2]} 24. Rfe1 {[%clk 0:02:42]} 24... Be6 {[%clk 0:01:31]} 25. Rad1 {[%clk 0:02:16.9]} 25... Bxd5 {[%clk 0:01:23.8]} 26. cxd5 {[%clk 0:02:14.3]} 26... Rxe1 {[%clk 0:01:16.3]} 27. Kxe1 {[%clk 0:02:06.3]} 27... Rxd5 {[%clk 0:01:14.8]} 28. h4 {[%clk 0:01:49.8]} 28... Bxc5 {[%clk 0:01:12.6]} 29. Bxc5 {[%clk 0:01:47.9]} 29... Rxc5 {[%clk 0:01:11.9]} 30. Rd3 {[%clk 0:01:35.3]} 30... f6 {[%clk 0:01:02.4]} 31. g4 {[%clk 0:01:24.6]} 31... Kh7 {[%clk 0:00:59]} 32. g5 {[%clk 0:01:21.6]} 32... hxg5 {[%clk 0:00:53.3]} 33. fxg5 {[%clk 0:01:19.7]} 33... f5 {[%clk 0:00:40.7]} 34. Rd7 {[%clk 0:01:04.9]} 34... Kg6 {[%clk 0:00:35.8]} 35. a4 {[%clk 0:00:53.3]} 35... bxa3 {[%clk 0:00:33.5]} 36. Ra7 {[%clk 0:00:50.3]} 36... Rb5 {[%clk 0:00:30.1]} 37. Ra6+ {[%clk 0:00:48.4]} 37... Kh5 {[%clk 0:00:26.8]} 38. Re6 {[%clk 0:00:44]} 38... a2 {[%clk 0:00:24.5]} 0-1
"
2025-11-14,1763143984,white,837,Babai124,808,1.0,Win,Owens Defense 2.D4 Bb7 3.Nc3,B00,https://www.chess.com/openings/Owens-Defense-2.d4-Bb7-3.Nc3,blitz,https://www.chess.com/game/live/145513146578,394,"[Event ""Live Chess""]
[Site ""Chess.com""]
[Date ""2025.11.14""]
[Round ""-""]
[White ""RhysLWells""]
[Black ""Babai124""]
[Result ""1-0""]
[CurrentPosition ""8/p1r1P1kp/6p1/8/P1P1RP2/2K5/6PP/8 b - - 0 37""]
[Timezone ""UTC""]
[ECO ""B00""]
[ECOUrl ""https://www.chess.com/openings/Owens-Defense-2.d4-Bb7-3.Nc3""]
[UTCDate ""2025.11.14""]
[UTCTime ""18:06:30""]
[WhiteElo ""837""]
[BlackElo ""808""]
[TimeControl ""300""]
[Termination ""RhysLWells won by resignation""]
[StartTime ""18:06:30""]
[EndDate ""2025.11.14""]
[EndTime ""18:13:04""]
[Link ""https://www.chess.com/game/live/145513146578""]

1. d4 {[%clk 0:04:57]} 1... b6 {[%clk 0:04:59.8]} 2. e4 {[%clk 0:04:55.1]} 2... Bb7 {[%clk 0:04:59.7]} 3. Nc3 {[%clk 0:04:52.4]} 3... g6 {[%clk 0:04:58.2]} 4. Bd3 {[%clk 0:04:48.1]} 4... Bg7 {[%clk 0:04:58.1]} 5. Nge2 {[%clk 0:04:46.4]} 5... e6 {[%clk 0:04:56]} 6. Bf4 {[%clk 0:04:44.2]} 6... Ne7 {[%clk 0:04:53.2]} 7. Qd2 {[%clk 0:04:39.2]} 7... O-O {[%clk 0:04:50.1]} 8. f3 {[%clk 0:04:32.6]} 8... f5 {[%clk 0:04:47.2]} 9. e5 {[%clk 0:04:28.1]} 9... d6 {[%clk 0:04:41.4]} 10. O-O-O {[%clk 0:04:24.8]} 10... dxe5 {[%clk 0:04:39.7]} 11. Bxe5 {[%clk 0:04:20]} 11... Bxe5 {[%clk 0:04:37.7]} 12. dxe5 {[%clk 0:04:19.6]} 12... Nbc6 {[%clk 0:04:32.9]} 13. f4 {[%clk 0:04:13.7]} 13... Nb4 {[%clk 0:04:19.4]} 14. Nd4 {[%clk 0:03:49]} 14... c5 {[%clk 0:04:12.3]} 15. Nb3 {[%clk 0:03:46]} 15... Nxd3+ {[%clk 0:04:07.9]} 16. cxd3 {[%clk 0:03:37.7]} 16... Ba6 {[%clk 0:03:59]} 17. Ne2 {[%clk 0:03:10]} 17... c4 {[%clk 0:03:49]} 18. dxc4 {[%clk 0:02:58.4]} 18... Qxd2+ {[%clk 0:03:46.3]} 19. Nxd2 {[%clk 0:02:54.8]} 19... Nc6 {[%clk 0:03:42.2]} 20. b3 {[%clk 0:02:51.8]} 20... Bb7 {[%clk 0:03:39.2]} 21. Rhg1 {[%clk 0:02:39.6]} 21... Nb4 {[%clk 0:03:37]} 22. Kb2 {[%clk 0:02:33.8]} 22... Nd3+ {[%clk 0:03:32.8]} 23. Kc3 {[%clk 0:02:26.2]} 23... Nc5 {[%clk 0:03:31.1]} 24. Nd4 {[%clk 0:02:20.2]} 24... Ne4+ {[%clk 0:03:26.7]} 25. Nxe4 {[%clk 0:02:17.9]} 25... Bxe4 {[%clk 0:03:24.9]} 26. Nxe6 {[%clk 0:02:11.7]} 26... Rf7 {[%clk 0:03:18.2]} 27. Rd4 {[%clk 0:02:04.8]} 27... Re8 {[%clk 0:03:11.1]} 28. Ng5 {[%clk 0:02:01.1]} 28... Rc7 {[%clk 0:03:03.2]} 29. Nxe4 {[%clk 0:01:59.2]} 29... fxe4 {[%clk 0:03:01.7]} 30. Rxe4 {[%clk 0:01:58.4]} 30... b5 {[%clk 0:03:00.5]} 31. e6 {[%clk 0:01:54]} 31... bxc4 {[%clk 0:02:56.6]} 32. bxc4 {[%clk 0:01:51.3]} 32... Ree7 {[%clk 0:02:53.7]} 33. Rd1 {[%clk 0:01:44]} 33... Kg7 {[%clk 0:02:50.2]} 34. a4 {[%clk 0:01:30.8]} 34... Rc6 {[%clk 0:02:47]} 35. Rd7 {[%clk 0:01:27.3]} 35... Rc7 {[%clk 0:02:36.2]} 36. Rxc7 {[%clk 0:01:21.5]} 36... Rxc7 {[%clk 0:02:34.6]} 37. e7 {[%clk 0:01:20.5]} 1-0
"
2025-11-13,1763068681,black,829,RememberMe000,844,0.0,Loss,French Defense,C00,https://www.chess.com/openings/French-Defense,blitz,https://www.chess.com/game/live/145479249788,332,"[Event ""Live Chess""]
[Site ""Chess.com""]
[Date ""2025.11.13""]
[Round ""-""]
[White ""RememberMe000""]
[Black ""RhysLWells""]
[Result ""1-0""]
[CurrentPosition ""rq4kr/p2p1R1p/3Npp2/8/3P4/6Q1/PP3P1P/n4K2 b - - 2 25""]
[Timezone ""UTC""]
[ECO ""C00""]
[ECOUrl ""https://www.chess.com/openings/French-Defense""]
[UTCDate ""2025.11.13""]
[UTCTime ""21:12:29""]
[WhiteElo ""844""]
[BlackElo ""829""]
[TimeControl ""300""]
[Termination ""RememberMe000 won by checkmate""]
[StartTime ""21:12:29""]
[EndDate ""2025.11.13""]
[EndTime ""21:18:01""]
[Link ""https://www.chess.com/game/live/145479249788""]

1. e4 {[%clk 0:04:59.9]} 1... e6 {[%clk 0:04:59.3]} 2. Bc4 {[%clk 0:04:58.2]} 2... c6 {[%clk 0:04:56.7]} 3. d4 {[%clk 0:04:54.1]} 3... b5 {[%clk 0:04:55.4]} 4. Bb3 {[%clk 0:04:46.5]} 4... Na6 {[%clk 0:04:50.8]} 5. Nf3 {[%clk 0:04:39.4]} 5... Bb7 {[%clk 0:04:49]} 6. Bg5 {[%clk 0:04:38.7]} 6... f6 {[%clk 0:04:47.5]} 7. Bh4 {[%clk 0:04:37.4]} 7... c5 {[%clk 0:04:44.5]} 8. e5 {[%clk 0:04:31.7]} 8... c4 {[%clk 0:04:41]} 9. exf6 {[%clk 0:04:27.4]} 9... Nxf6 {[%clk 0:04:39.1]} 10. Bxc4 {[%clk 0:04:17.9]} 10... bxc4 {[%clk 0:04:37.2]} 11. Ne5 {[%clk 0:04:14.4]} 11... Bxg2 {[%clk 0:04:18.8]} 12. Rg1 {[%clk 0:04:10.3]} 12... Be4 {[%clk 0:04:06.2]} 13. Nxc4 {[%clk 0:04:05.4]} 13... Be7 {[%clk 0:03:51.7]} 14. Nc3 {[%clk 0:04:03.2]} 14... Bg6 {[%clk 0:03:44.4]} 15. Qf3 {[%clk 0:03:51.9]} 15... Bh5 {[%clk 0:03:33]} 16. Qb7 {[%clk 0:03:45.1]} 16... Nb4 {[%clk 0:03:23.6]} 17. Bxf6 {[%clk 0:03:41.5]} 17... gxf6 {[%clk 0:03:18.6]} 18. Rg7 {[%clk 0:03:37.5]} 18... Nxc2+ {[%clk 0:03:13.6]} 19. Kf1 {[%clk 0:03:28.8]} 19... Nxa1 {[%clk 0:03:12.2]} 20. Ne4 {[%clk 0:03:22.6]} 20... Bf3 {[%clk 0:02:59.8]} 21. Ned6+ {[%clk 0:03:20]} 21... Kf8 {[%clk 0:02:29.5]} 22. Rf7+ {[%clk 0:03:09.4]} 22... Kg8 {[%clk 0:02:24.3]} 23. Qxf3 {[%clk 0:03:07.8]} 23... Bxd6 {[%clk 0:02:16.2]} 24. Nxd6 {[%clk 0:03:04.6]} 24... Qb8 {[%clk 0:01:37.5]} 25. Qg3# {[%clk 0:03:00.9]} 1-0
"
2025-11-13,1763065276,white,837,Luxfalcon,818,1.0,Win,Queens Pawn Opening Zukertort Chigorin Variation 3.Bf4,D02,https://www.chess.com/openings/Queens-Pawn-Opening-Zukertort-Chigorin-Variation-3.Bf4,blitz,https://www.chess.com/game/live/145477463408,362,"[Event ""Live Chess""]
[Site ""Chess.com""]
[Date ""2025.11.13""]
[Round ""-""]
[White ""RhysLWells""]
[Black ""Luxfalcon""]
[Result ""1-0""]
[CurrentPosition ""1r5k/2p3p1/1p2B3/p3p3/2P4Q/7P/Pq3r2/5R1K b - - 0 27""]
[Timezone ""UTC""]
[ECO ""D02""]
[ECOUrl ""https://www.chess.com/openings/Queens-Pawn-Opening-Zukertort-Chigorin-Variation-3.Bf4""]
[UTCDate ""2025.11.13""]
[UTCTime ""20:15:14""]
[WhiteElo ""837""]
[BlackElo ""818""]
[TimeControl ""300""]
[Termination ""RhysLWells won by checkmate""]
[StartTime ""20:15:14""]
[EndDate ""2025.11.13""]
[EndTime ""20:21:16""]
[Link ""https://www.chess.com/game/live/145477463408""]

1. d4 {[%clk 0:04:59.6]} 1... d5 {[%clk 0:04:59.9]} 2. Nf3 {[%clk 0:04:56.3]} 2... Nc6 {[%clk 0:04:58.8]} 3. Bf4 {[%clk 0:04:53.5]} 3... e6 {[%clk 0:04:55.6]} 4. c3 {[%clk 0:04:49.2]} 4... Bd6 {[%clk 0:04:54]} 5. Bg3 {[%clk 0:04:47]} 5... Bd7 {[%clk 0:04:46.5]} 6. Ne5 {[%clk 0:04:40.9]} 6... Bxe5 {[%clk 0:04:43.8]} 7. dxe5 {[%clk 0:04:38.1]} 7... Nge7 {[%clk 0:04:38.3]} 8. e3 {[%clk 0:04:36.3]} 8... O-O {[%clk 0:04:24]} 9. Nd2 {[%clk 0:04:31.5]} 9... a5 {[%clk 0:04:16.1]} 10. Be2 {[%clk 0:04:25.5]} 10... b6 {[%clk 0:04:01.3]} 11. O-O {[%clk 0:04:16]} 11... f6 {[%clk 0:03:50.8]} 12. e4 {[%clk 0:04:14.9]} 12... Nxe5 {[%clk 0:03:46.2]} 13. exd5 {[%clk 0:04:11]} 13... Nxd5 {[%clk 0:03:41]} 14. Bxe5 {[%clk 0:04:05.1]} 14... fxe5 {[%clk 0:03:38.2]} 15. c4 {[%clk 0:03:59.3]} 15... Nf4 {[%clk 0:03:34.5]} 16. Bf3 {[%clk 0:03:53.9]} 16... Rb8 {[%clk 0:03:25.5]} 17. Ne4 {[%clk 0:03:40.5]} 17... Bc6 {[%clk 0:03:18.6]} 18. Qc2 {[%clk 0:03:28.7]} 18... Bxe4 {[%clk 0:03:10.1]} 19. Qxe4 {[%clk 0:03:24.2]} 19... Qg5 {[%clk 0:03:06.4]} 20. Rad1 {[%clk 0:03:18.5]} 20... h5 {[%clk 0:03:01]} 21. Rd2 {[%clk 0:02:58.1]} 21... h4 {[%clk 0:02:47.8]} 22. h3 {[%clk 0:02:54.8]} 22... Nxh3+ {[%clk 0:02:44.3]} 23. Kh1 {[%clk 0:02:43.2]} 23... Qxd2 {[%clk 0:02:30.9]} 24. gxh3 {[%clk 0:02:29.8]} 24... Qxb2 {[%clk 0:02:25]} 25. Bg4 {[%clk 0:02:11.2]} 25... Rxf2 {[%clk 0:02:17.4]} 26. Bxe6+ {[%clk 0:02:06.2]} 26... Kh8 {[%clk 0:02:07.2]} 27. Qxh4# {[%clk 0:02:03]} 1-0
"
2025-11-12,1762977103,black,829,Ragavano,833,0.0,Loss,French Defense Rubinstein Maric Variation 5.Nc3,C10,https://www.chess.com/openings/French-Defense-Rubinstein-Maric-Variation-5.Nc3,blitz,https://www.chess.com/game/live/145436291798,584,"[Event ""Live Chess""]
[Site ""Chess.com""]
[Date ""2025.11.12""]
[Round ""-""]
[White ""Ragavano""]
[Black ""RhysLWells""]
[Result ""1-0""]
[CurrentPosition ""6k1/5rpp/5p2/8/2Q5/6q1/PP4P1/3RN2K b - - 0 36""]
[Timezone ""UTC""]
[ECO ""C10""]
[ECOUrl ""https://www.chess.com/openings/French-Defense-Rubinstein-Maric-Variation-5.Nc3""]
[UTCDate ""2025.11.12""]
[UTCTime ""19:41:59""]
[WhiteElo ""833""]
[BlackElo ""829""]
[TimeControl ""300""]
[Termination ""Ragavano won on time""]
[StartTime ""19:41:59""]
[EndDate ""2025.11.12""]
[EndTime ""19:51:43""]
[Link ""https://www.chess.com/game/live/145436291798""]

1. e4 {[%clk 0:04:59.8]} 1... e6 {[%clk 0:04:57.4]} 2. d4 {[%clk 0:04:58.3]} 2... d5 {[%clk 0:04:55.2]} 3. exd5 {[%clk 0:04:57.3]} 3... Qxd5 {[%clk 0:04:52.9]} 4. Nc3 {[%clk 0:04:55.4]} 4... Qd6 {[%clk 0:04:47.4]} 5. Nb5 {[%clk 0:04:53.7]} 5... Qd5 {[%clk 0:04:40.6]} 6. c4 {[%clk 0:04:39.5]} 6... Qd8 {[%clk 0:04:36]} 7. Qa4 {[%clk 0:04:36]} 7... c6 {[%clk 0:04:30.8]} 8. Nc3 {[%clk 0:04:32]} 8... Bd7 {[%clk 0:04:22.3]} 9. Qb3 {[%clk 0:04:27]} 9... Qc7 {[%clk 0:04:19.1]} 10. d5 {[%clk 0:04:21.5]} 10... exd5 {[%clk 0:04:08]} 11. cxd5 {[%clk 0:04:20]} 11... c5 {[%clk 0:03:59.5]} 12. Bb5 {[%clk 0:04:17.9]} 12... a6 {[%clk 0:03:39.8]} 13. Bxd7+ {[%clk 0:04:09.4]} 13... Nxd7 {[%clk 0:03:36.7]} 14. Nf3 {[%clk 0:04:05]} 14... Bd6 {[%clk 0:03:33.3]} 15. O-O {[%clk 0:03:59.6]} 15... Ne7 {[%clk 0:03:26.1]} 16. Ne4 {[%clk 0:03:56.3]} 16... c4 {[%clk 0:03:19.3]} 17. Qc3 {[%clk 0:03:53.8]} 17... f6 {[%clk 0:03:02.5]} 18. Nfg5 {[%clk 0:03:34]} 18... Nxd5 {[%clk 0:02:45.4]} 19. Qe1 {[%clk 0:03:26.6]} 19... Bb4 {[%clk 0:02:39.4]} 20. Bd2 {[%clk 0:03:07.8]} 20... Bxd2 {[%clk 0:02:13.5]} 21. Nxd2+ {[%clk 0:03:06]} 21... Ne5 {[%clk 0:02:09.5]} 22. Ne6 {[%clk 0:02:55.6]} 22... Qd7 {[%clk 0:01:59.3]} 23. Nd4 {[%clk 0:02:51.3]} 23... O-O {[%clk 0:01:53]} 24. Nf5 {[%clk 0:02:43.8]} 24... Qxf5 {[%clk 0:01:48.3]} 25. f4 {[%clk 0:02:36.8]} 25... Nxf4 {[%clk 0:01:32.9]} 26. Nf3 {[%clk 0:02:26.6]} 26... Ned3 {[%clk 0:01:18.9]} 27. Qe7 {[%clk 0:02:17.7]} 27... Rae8 {[%clk 0:00:54.1]} 28. Qxb7 {[%clk 0:02:12.3]} 28... Qc5+ {[%clk 0:00:44.7]} 29. Kh1 {[%clk 0:02:07.7]} 29... Nf2+ {[%clk 0:00:42.4]} 30. Rxf2 {[%clk 0:02:01.1]} 30... Qxf2 {[%clk 0:00:41]} 31. Rg1 {[%clk 0:01:43.3]} 31... Ne2 {[%clk 0:00:36]} 32. Rd1 {[%clk 0:01:22.1]} 32... Ng3+ {[%clk 0:00:24.5]} 33. hxg3 {[%clk 0:01:19.5]} 33... Qxg3 {[%clk 0:00:18.3]} 34. Qxa6 {[%clk 0:00:51]} 34... Rf7 {[%clk 0:00:15.7]} 35. Qxc4 {[%clk 0:00:47.8]} 35... Re1+ {[%clk 0:00:13.1]} 36. Nxe1 {[%clk 0:00:39.2]} 1-0
"
2025-11-12,1762945563,white,837,wacr59,836,0.0,Loss,Indian Game Knights Variation 2...E6 3.Nc3,A46,https://www.chess.com/openings/Indian-Game-Knights-Variation-2...e6-3.Nc3,blitz,https://www.chess.com/game/live/145417926828,534,"[Event ""Live Chess""]
[Site ""Chess.com""]
[Date ""2025.11.12""]
[Round ""-""]
[White ""RhysLWells""]
[Black ""wacr59""]
[Result ""0-1""]
[CurrentPosition ""8/5pkp/1r2p1p1/2Kp2P1/1q6/8/7P/8 w - - 9 46""]
[Timezone ""UTC""]
[ECO ""A46""]
[ECOUrl ""https://www.chess.com/openings/Indian-Game-Knights-Variation-2...e6-3.Nc3""]
[UTCDate ""2025.11.12""]
[UTCTime ""10:57:09""]
[WhiteElo ""837""]
[BlackElo ""836""]
[TimeControl ""300""]
[Termination ""wacr59 won by checkmate""]
[StartTime ""10:57:09""]
[EndDate ""2025.11.12""]
[EndTime ""11:06:03""]
[Link ""https://www.chess.com/game/live/145417926828""]

1. d4 {[%clk 0:04:58.6]} 1... Nf6 {[%clk 0:04:58.1]} 2. Nf3 {[%clk 0:04:56.5]} 2... e6 {[%clk 0:04:56.1]} 3. Nc3 {[%clk 0:04:55.5]} 3... Bb4 {[%clk 0:04:53.6]} 4. Bd2 {[%clk 0:04:53]} 4... d5 {[%clk 0:04:51.2]} 5. a3 {[%clk 0:04:51.2]} 5... Ba5 {[%clk 0:04:48.7]} 6. b4 {[%clk 0:04:50.2]} 6... Bb6 {[%clk 0:04:46.6]} 7. Na4 {[%clk 0:04:49]} 7... Qd6 {[%clk 0:04:26.4]} 8. g3 {[%clk 0:04:38.2]} 8... Bd7 {[%clk 0:04:21.8]} 9. Nc5 {[%clk 0:04:29.2]} 9... Bxc5 {[%clk 0:04:14.3]} 10. dxc5 {[%clk 0:04:25.8]} 10... Qe7 {[%clk 0:04:01.7]} 11. Bf4 {[%clk 0:04:18.8]} 11... c6 {[%clk 0:03:54]} 12. e3 {[%clk 0:04:12.1]} 12... b6 {[%clk 0:03:48.5]} 13. Bxb8 {[%clk 0:04:02.5]} 13... Rxb8 {[%clk 0:03:46.3]} 14. Rb1 {[%clk 0:03:57.8]} 14... O-O {[%clk 0:03:39.8]} 15. Ne5 {[%clk 0:03:56.3]} 15... Ne4 {[%clk 0:03:23.8]} 16. Nxd7 {[%clk 0:03:53.8]} 16... Qxd7 {[%clk 0:03:22]} 17. f3 {[%clk 0:03:42.7]} 17... Nc3 {[%clk 0:03:19.8]} 18. Qc1 {[%clk 0:03:31.5]} 18... Nxb1 {[%clk 0:03:17.8]} 19. Qxb1 {[%clk 0:03:30.6]} 19... bxc5 {[%clk 0:03:13.1]} 20. c3 {[%clk 0:03:23.1]} 20... cxb4 {[%clk 0:03:11.3]} 21. cxb4 {[%clk 0:03:21.9]} 21... a5 {[%clk 0:03:05.9]} 22. Bd3 {[%clk 0:02:57.1]} 22... g6 {[%clk 0:03:00.2]} 23. O-O {[%clk 0:02:53.4]} 23... axb4 {[%clk 0:02:56.8]} 24. axb4 {[%clk 0:02:52]} 24... Qd6 {[%clk 0:02:41.9]} 25. b5 {[%clk 0:02:43.2]} 25... cxb5 {[%clk 0:02:31.3]} 26. Bxb5 {[%clk 0:02:42.2]} 26... Qb6 {[%clk 0:02:24.8]} 27. Bd3 {[%clk 0:02:09]} 27... Qxe3+ {[%clk 0:02:17.3]} 28. Kg2 {[%clk 0:02:00.6]} 28... Rxb1 {[%clk 0:02:04.9]} 29. Bxb1 {[%clk 0:01:59.8]} 29... Rb8 {[%clk 0:01:52.7]} 30. Kh3 {[%clk 0:01:46.5]} 30... Qe2 {[%clk 0:01:42.6]} 31. Rc1 {[%clk 0:01:39.7]} 31... Qxf3 {[%clk 0:01:34.1]} 32. Ba2 {[%clk 0:01:33.9]} 32... Qf5+ {[%clk 0:01:24.1]} 33. g4 {[%clk 0:01:25.5]} 33... Qf3+ {[%clk 0:01:15.8]} 34. Kh4 {[%clk 0:01:24.9]} 34... Qf2+ {[%clk 0:01:06.9]} 35. Kg5 {[%clk 0:01:16.9]} 35... Qxa2 {[%clk 0:01:04.1]} 36. Rc7 {[%clk 0:01:15.1]} 36... Qd2+ {[%clk 0:00:56.6]} 37. Kf6 {[%clk 0:01:12]} 37... Qf4+ {[%clk 0:00:49.9]} 38. Ke7 {[%clk 0:01:09.6]} 38... Qxc7+ {[%clk 0:00:43.1]} 39. Kf6 {[%clk 0:01:06.5]} 39... Qd8+ {[%clk 0:00:40.8]} 40. Ke5 {[%clk 0:01:05]} 40... Kg7 {[%clk 0:00:37]} 41. g5 {[%clk 0:01:03.7]} 41... Qc7+ {[%clk 0:00:31.7]} 42. Kd4 {[%clk 0:01:01.1]} 42... Qc4+ {[%clk 0:00:28.2]} 43. Ke5 {[%clk 0:01:00.1]} 43... Qe4+ {[%clk 0:00:26.2]} 44. Kd6 {[%clk 0:00:59.2]} 44... Rb6+ {[%clk 0:00:24.6]} 45. Kc5 {[%clk 0:00:57.7]} 45... Qb4# {[%clk 0:00:20.6]} 0-1
"
2025-11-12,1762945024,black,845,FlowerVillain,865,0.0,Loss,French Defense Normal Variation 2...D5 3.Nc3,C10,https://www.chess.com/openings/French-Defense-Normal-Variation-2...d5-3.Nc3,blitz,https://www.chess.com/game/live/145417885166,83,"[Event ""Live Chess""]
[Site ""Chess.com""]
[Date ""2025.11.12""]
[Round ""-""]
[White ""FlowerVillain""]
[Black ""RhysLWells""]
[Result ""1-0""]
[CurrentPosition ""rnbqkbnr/pp6/2p1ppQp/3pN3/3PP3/2N5/PPP2PPP/R1B1KB1R b KQkq - 0 7""]
[Timezone ""UTC""]
[ECO ""C10""]
[ECOUrl ""https://www.chess.com/openings/French-Defense-Normal-Variation-2...d5-3.Nc3""]
[UTCDate ""2025.11.12""]
[UTCTime ""10:55:41""]
[WhiteElo ""865""]
[BlackElo ""845""]
[TimeControl ""300""]
[Termination ""FlowerVillain won by resignation""]
[StartTime ""10:55:41""]
[EndDate ""2025.11.12""]
[EndTime ""10:57:04""]
[Link ""https://www.chess.com/game/live/145417885166""]

1. d4 {[%clk 0:04:59.6]} 1... e6 {[%clk 0:04:59.1]} 2. e4 {[%clk 0:04:58.6]} 2... d5 {[%clk 0:04:58]} 3. Nc3 {[%clk 0:04:55.3]} 3... c6 {[%clk 0:04:53.6]} 4. Nf3 {[%clk 0:04:42.3]} 4... h6 {[%clk 0:04:51.2]} 5. Ne5 {[%clk 0:04:24.2]} 5... f6 {[%clk 0:04:46.1]} 6. Qh5+ {[%clk 0:04:19.6]} 6... g6 {[%clk 0:04:30.1]} 7. Qxg6+ {[%clk 0:04:18]} 1-0
"
2025-11-11,1762895817,black,853,Chrisbo750,860,1.0,Win,Grob Opening Grob Gambit Declined 3.C4,A00,https://www.chess.com/openings/Grob-Opening-Grob-Gambit-Declined-3.c4,blitz,https://www.chess.com/game/live/145399173588,371,"[Event ""Live Chess""]
[Site ""Chess.com""]
[Date ""2025.11.11""]
[Round ""-""]
[White ""Chrisbo750""]
[Black ""RhysLWells""]
[Result ""0-1""]
[CurrentPosition ""r3k2r/pbn2p2/1p6/1P1pp1Pp/P7/1NNP1Pb1/2QBP3/R4K1q w kq - 0 26""]
[Timezone ""UTC""]
[ECO ""A00""]
[ECOUrl ""https://www.chess.com/openings/Grob-Opening-Grob-Gambit-Declined-3.c4""]
[UTCDate ""2025.11.11""]
[UTCTime ""21:10:46""]
[WhiteElo ""860""]
[BlackElo ""853""]
[TimeControl ""300""]
[Termination ""RhysLWells won by checkmate""]
[StartTime ""21:10:46""]
[EndDate ""2025.11.11""]
[EndTime ""21:16:57""]
[Link ""https://www.chess.com/game/live/145399173588""]

1. g4 {[%clk 0:04:59.6]} 1... d5 {[%clk 0:04:57.1]} 2. Bg2 {[%clk 0:04:59.5]} 2... c6 {[%clk 0:04:53.7]} 3. c4 {[%clk 0:04:59.4]} 3... Na6 {[%clk 0:04:50.5]} 4. cxd5 {[%clk 0:04:54.7]} 4... cxd5 {[%clk 0:04:48.2]} 5. h3 {[%clk 0:04:51.5]} 5... g5 {[%clk 0:04:43.8]} 6. Nc3 {[%clk 0:04:46.2]} 6... e6 {[%clk 0:04:38.5]} 7. d3 {[%clk 0:04:30.6]} 7... Bb4 {[%clk 0:04:33.5]} 8. Bd2 {[%clk 0:04:22.7]} 8... Qe7 {[%clk 0:04:21.4]} 9. a3 {[%clk 0:04:13.2]} 9... Bc5 {[%clk 0:04:14.6]} 10. b4 {[%clk 0:03:52.5]} 10... Bd6 {[%clk 0:04:07.7]} 11. b5 {[%clk 0:03:43.6]} 11... Nc7 {[%clk 0:04:04.1]} 12. a4 {[%clk 0:03:37.7]} 12... b6 {[%clk 0:03:40.2]} 13. Nf3 {[%clk 0:03:12.3]} 13... h6 {[%clk 0:03:35.8]} 14. Nd4 {[%clk 0:03:10.8]} 14... Nf6 {[%clk 0:03:20.9]} 15. Nc6 {[%clk 0:03:08.6]} 15... Qd7 {[%clk 0:03:00.7]} 16. h4 {[%clk 0:02:49]} 16... Nxg4 {[%clk 0:02:44.8]} 17. hxg5 {[%clk 0:02:45.2]} 17... h5 {[%clk 0:02:41.2]} 18. f3 {[%clk 0:02:40.8]} 18... Bg3+ {[%clk 0:02:22.9]} 19. Kf1 {[%clk 0:02:39.2]} 19... Nf2 {[%clk 0:02:20.2]} 20. Qc2 {[%clk 0:02:20.7]} 20... Nxh1 {[%clk 0:02:09.9]} 21. Bxh1 {[%clk 0:02:19.5]} 21... Bb7 {[%clk 0:02:02.4]} 22. Nd4 {[%clk 0:02:12.5]} 22... e5 {[%clk 0:01:55.9]} 23. Nb3 {[%clk 0:02:10]} 23... Qh3+ {[%clk 0:01:53.8]} 24. Kg1 {[%clk 0:02:07.7]} 24... Qh2+ {[%clk 0:01:51.7]} 25. Kf1 {[%clk 0:02:06.6]} 25... Qxh1# {[%clk 0:01:50.2]} 0-1
"
2025-11-11,1762893483,white,844,777wz,908,0.0,Loss,Queens Pawn Opening Zukertort Chigorin Variation 3.Bf4 Bg4,D02,https://www.chess.com/openings/Queens-Pawn-Opening-Zukertort-Chigorin-Variation-3.Bf4-Bg4,blitz,https://www.chess.com/game/live/145397835130,587,"[Event ""Live Chess""]
[Site ""Chess.com""]
[Date ""2025.11.11""]
[Round ""-""]
[White ""RhysLWells""]
[Black ""777wz""]
[Result ""0-1""]
[CurrentPosition ""1k5r/3R4/pKp5/1pP2p2/8/1P6/8/4q3 w - - 2 47""]
[Timezone ""UTC""]
[ECO ""D02""]
[ECOUrl ""https://www.chess.com/openings/Queens-Pawn-Opening-Zukertort-Chigorin-Variation-3.Bf4-Bg4""]
[UTCDate ""2025.11.11""]
[UTCTime ""20:28:16""]
[WhiteElo ""844""]
[BlackElo ""908""]
[TimeControl ""300""]
[Termination ""777wz won on time""]
[StartTime ""20:28:16""]
[EndDate ""2025.11.11""]
[EndTime ""20:38:03""]
[Link ""https://www.chess.com/game/live/145397835130""]

1. d4 {[%clk 0:04:59.5]} 1... d5 {[%clk 0:04:52.4]} 2. Nf3 {[%clk 0:04:58.5]} 2... Nc6 {[%clk 0:04:51]} 3. Bf4 {[%clk 0:04:57.1]} 3... Bg4 {[%clk 0:04:49.7]} 4. c3 {[%clk 0:04:55]} 4... Bxf3 {[%clk 0:04:45.5]} 5. gxf3 {[%clk 0:04:53.7]} 5... Qd7 {[%clk 0:04:42.6]} 6. Na3 {[%clk 0:04:43.6]} 6... O-O-O {[%clk 0:04:39.9]} 7. Qd3 {[%clk 0:04:33.1]} 7... e6 {[%clk 0:04:36.7]} 8. Bh3 {[%clk 0:04:30.4]} 8... f5 {[%clk 0:04:33.6]} 9. O-O-O {[%clk 0:04:19.7]} 9... Bxa3 {[%clk 0:04:26.1]} 10. bxa3 {[%clk 0:04:17.3]} 10... Na5 {[%clk 0:04:20]} 11. Be5 {[%clk 0:03:51.9]} 11... Nf6 {[%clk 0:04:10.1]} 12. Rhg1 {[%clk 0:03:47.3]} 12... Nc4 {[%clk 0:04:02.3]} 13. e4 {[%clk 0:03:21.9]} 13... Qb5 {[%clk 0:03:49.7]} 14. Qc2 {[%clk 0:03:09]} 14... Nxa3 {[%clk 0:03:41.1]} 15. Qb3 {[%clk 0:03:05.2]} 15... Qxb3 {[%clk 0:03:13.3]} 16. axb3 {[%clk 0:03:03]} 16... dxe4 {[%clk 0:03:11.8]} 17. Bxf6 {[%clk 0:02:51.1]} 17... gxf6 {[%clk 0:03:08.9]} 18. fxe4 {[%clk 0:02:49.8]} 18... fxe4 {[%clk 0:03:07]} 19. Bxe6+ {[%clk 0:02:49.2]} 19... Kb8 {[%clk 0:03:05.2]} 20. Bf5 {[%clk 0:02:44.4]} 20... Nb5 {[%clk 0:03:03.1]} 21. Kb2 {[%clk 0:02:40.9]} 21... Rhe8 {[%clk 0:02:54.1]} 22. Rde1 {[%clk 0:02:35.4]} 22... Nd6 {[%clk 0:02:45]} 23. Bxh7 {[%clk 0:02:33.8]} 23... Rd7 {[%clk 0:02:39.9]} 24. Bg6 {[%clk 0:02:26.2]} 24... Rg8 {[%clk 0:02:34.1]} 25. Bh5 {[%clk 0:02:17.7]} 25... Rxg1 {[%clk 0:02:32.2]} 26. Rxg1 {[%clk 0:02:16.2]} 26... a6 {[%clk 0:02:28.7]} 27. f4 {[%clk 0:02:01.2]} 27... Rh7 {[%clk 0:02:24.8]} 28. Rg8+ {[%clk 0:01:44.8]} 28... Ka7 {[%clk 0:02:23.4]} 29. Bg4 {[%clk 0:01:27]} 29... Rxh2+ {[%clk 0:02:20.4]} 30. Ka3 {[%clk 0:01:25.7]} 30... f5 {[%clk 0:02:16.1]} 31. Bd1 {[%clk 0:01:15.9]} 31... Nb5+ {[%clk 0:02:09.4]} 32. Kb4 {[%clk 0:01:13.2]} 32... Rh3 {[%clk 0:01:50.3]} 33. c4 {[%clk 0:01:02.8]} 33... Nxd4 {[%clk 0:01:45.9]} 34. Rc8 {[%clk 0:00:48.4]} 34... c6 {[%clk 0:01:40.4]} 35. Rd8 {[%clk 0:00:36.4]} 35... Ne6 {[%clk 0:01:32.4]} 36. Rd6 {[%clk 0:00:30.2]} 36... Nxf4 {[%clk 0:01:29.6]} 37. Rd4 {[%clk 0:00:18.8]} 37... Nd3+ {[%clk 0:01:26.1]} 38. Ka5 {[%clk 0:00:15.8]} 38... b6+ {[%clk 0:01:03]} 39. Ka4 {[%clk 0:00:13]} 39... Nb2+ {[%clk 0:01:00.7]} 40. Ka3 {[%clk 0:00:09.9]} 40... Nxd1 {[%clk 0:00:56]} 41. Rxd1 {[%clk 0:00:09.2]} 41... e3 {[%clk 0:00:50.6]} 42. Rd7+ {[%clk 0:00:06.4]} 42... Kb8 {[%clk 0:00:49.4]} 43. c5 {[%clk 0:00:04.6]} 43... b5 {[%clk 0:00:46.7]} 44. Kb4 {[%clk 0:00:02.5]} 44... e2 {[%clk 0:00:44.9]} 45. Ka5 {[%clk 0:00:01.7]} 45... e1=Q+ {[%clk 0:00:38.8]} 46. Kb6 {[%clk 0:00:00.1]} 46... Rh8 {[%clk 0:00:29.3]} 0-1
"
2025-11-10,1762808515,white,851,m87fawzy,868,0.0,Loss,London System 3...Bf5,D02,https://www.chess.com/openings/London-System-3...Bf5,blitz,https://www.chess.com/game/live/145358450114,349,"[Event ""Live Chess""]
[Site ""Chess.com""]
[Date ""2025.11.10""]
[Round ""-""]
[White ""RhysLWells""]
[Black ""m87fawzy""]
[Result ""0-1""]
[CurrentPosition ""r2r2k1/p2n2pp/q2Bpp2/8/3P4/4PP1P/P5P1/1RR3K1 w - - 2 23""]
[Timezone ""UTC""]
[ECO ""D02""]
[ECOUrl ""https://www.chess.com/openings/London-System-3...Bf5""]
[UTCDate ""2025.11.10""]
[UTCTime ""20:56:06""]
[WhiteElo ""851""]
[BlackElo ""868""]
[TimeControl ""300""]
[Termination ""m87fawzy won - game abandoned""]
[StartTime ""20:56:06""]
[EndDate ""2025.11.10""]
[EndTime ""21:01:55""]
[Link ""https://www.chess.com/game/live/145358450114""]

1. d4 {[%clk 0:04:58.4]} 1... d5 {[%clk 0:04:58.7]} 2. Nf3 {[%clk 0:04:56.4]} 2... Nf6 {[%clk 0:04:57.1]} 3. Bf4 {[%clk 0:04:53]} 3... Bf5 {[%clk 0:04:53.4]} 4. c3 {[%clk 0:04:50.1]} 4... e6 {[%clk 0:04:52.2]} 5. h3 {[%clk 0:04:48.4]} 5... Bxb1 {[%clk 0:04:50.4]} 6. Qxb1 {[%clk 0:04:45.2]} 6... c5 {[%clk 0:04:47.6]} 7. e3 {[%clk 0:04:36.4]} 7... c4 {[%clk 0:04:45.5]} 8. b3 {[%clk 0:04:24.3]} 8... b5 {[%clk 0:04:40.1]} 9. bxc4 {[%clk 0:04:21.4]} 9... bxc4 {[%clk 0:04:38.9]} 10. Ne5 {[%clk 0:04:11.2]} 10... Qa5 {[%clk 0:04:35.7]} 11. Qc2 {[%clk 0:03:56.7]} 11... Ne4 {[%clk 0:04:33.7]} 12. Rb1 {[%clk 0:03:21.8]} 12... Ba3 {[%clk 0:04:24.2]} 13. Be2 {[%clk 0:03:11.4]} 13... O-O {[%clk 0:04:21.8]} 14. O-O {[%clk 0:03:09.9]} 14... f6 {[%clk 0:04:13]} 15. f3 {[%clk 0:02:56.9]} 15... Nxc3 {[%clk 0:04:11.2]} 16. Bxc4 {[%clk 0:02:36.6]} 16... dxc4 {[%clk 0:04:05.4]} 17. Nxc4 {[%clk 0:02:35.6]} 17... Ne2+ {[%clk 0:03:17.7]} 18. Qxe2 {[%clk 0:02:30.1]} 18... Qc3 {[%clk 0:03:16]} 19. Nxa3 {[%clk 0:02:17.4]} 19... Qxa3 {[%clk 0:03:14.1]} 20. Rfc1 {[%clk 0:01:59.2]} 20... Nd7 {[%clk 0:03:11.9]} 21. Qa6 {[%clk 0:01:39.4]} 21... Qxa6 {[%clk 0:03:08.9]} 22. Bd6 {[%clk 0:01:32.2]} 22... Rfd8 {[%clk 0:03:05.7]} 0-1
"
2025-11-10,1762807490,black,859,Profise,839,1.0,Win,French Defense Advance Variation,C02,https://www.chess.com/openings/French-Defense-Advance-Variation,blitz,https://www.chess.com/game/live/145357777160,584,"[Event ""Live Chess""]
[Site ""Chess.com""]
[Date ""2025.11.10""]
[Round ""-""]
[White ""Profise""]
[Black ""RhysLWells""]
[Result ""0-1""]
[CurrentPosition ""8/1p4pk/7p/pb1NP2P/5PP1/8/3R4/4K1q1 w - - 6 45""]
[Timezone ""UTC""]
[ECO ""C02""]
[ECOUrl ""https://www.chess.com/openings/French-Defense-Advance-Variation""]
[UTCDate ""2025.11.10""]
[UTCTime ""20:35:06""]
[WhiteElo ""839""]
[BlackElo ""859""]
[TimeControl ""300""]
[Termination ""RhysLWells won by checkmate""]
[StartTime ""20:35:06""]
[EndDate ""2025.11.10""]
[EndTime ""20:44:50""]
[Link ""https://www.chess.com/game/live/145357777160""]

1. d4 {[%clk 0:04:59.8]} 1... e6 {[%clk 0:04:58.4]} 2. e4 {[%clk 0:04:58.9]} 2... d5 {[%clk 0:04:56]} 3. e5 {[%clk 0:04:58]} 3... Nc6 {[%clk 0:04:54.7]} 4. c3 {[%clk 0:04:56.3]} 4... a6 {[%clk 0:04:53]} 5. b4 {[%clk 0:04:55]} 5... a5 {[%clk 0:04:49.4]} 6. b5 {[%clk 0:04:53.7]} 6... Na7 {[%clk 0:04:48.3]} 7. a4 {[%clk 0:04:51.2]} 7... c6 {[%clk 0:04:46.8]} 8. c4 {[%clk 0:04:50.1]} 8... Bb4+ {[%clk 0:04:36.9]} 9. Bd2 {[%clk 0:04:47.8]} 9... cxb5 {[%clk 0:04:32]} 10. cxb5 {[%clk 0:04:46.1]} 10... Ne7 {[%clk 0:04:14.7]} 11. g4 {[%clk 0:04:41.6]} 11... Bxd2+ {[%clk 0:04:12.7]} 12. Qxd2 {[%clk 0:04:40.3]} 12... Bd7 {[%clk 0:04:08.2]} 13. h4 {[%clk 0:04:33.4]} 13... h6 {[%clk 0:03:50.5]} 14. h5 {[%clk 0:04:31.6]} 14... Nac8 {[%clk 0:03:42.4]} 15. Nc3 {[%clk 0:04:19.6]} 15... Nb6 {[%clk 0:03:37.7]} 16. f3 {[%clk 0:04:12.4]} 16... Nc4 {[%clk 0:03:31.9]} 17. Bxc4 {[%clk 0:04:10.9]} 17... dxc4 {[%clk 0:03:29.4]} 18. Qe2 {[%clk 0:04:09.6]} 18... Rc8 {[%clk 0:03:25.8]} 19. Rb1 {[%clk 0:03:57.2]} 19... Nd5 {[%clk 0:03:22.9]} 20. Nxd5 {[%clk 0:03:54.5]} 20... exd5 {[%clk 0:03:21.6]} 21. Qd2 {[%clk 0:03:53.5]} 21... c3 {[%clk 0:03:14.3]} 22. Qd3 {[%clk 0:03:48.2]} 22... O-O {[%clk 0:03:04.5]} 23. Rc1 {[%clk 0:03:46.9]} 23... f6 {[%clk 0:02:47.3]} 24. Rxc3 {[%clk 0:03:44.5]} 24... Rxc3 {[%clk 0:02:46]} 25. Qxc3 {[%clk 0:03:43.3]} 25... fxe5 {[%clk 0:02:42.6]} 26. dxe5 {[%clk 0:03:42.1]} 26... Re8 {[%clk 0:02:38.9]} 27. Kd1 {[%clk 0:03:28]} 27... Be6 {[%clk 0:02:34]} 28. Ke1 {[%clk 0:03:15.1]} 28... d4 {[%clk 0:02:29.4]} 29. Qd3 {[%clk 0:03:05]} 29... Ba2 {[%clk 0:02:22]} 30. f4 {[%clk 0:02:59.4]} 30... Qe7 {[%clk 0:02:13.9]} 31. Kf2 {[%clk 0:02:49.7]} 31... Bd5 {[%clk 0:02:07]} 32. Rh2 {[%clk 0:02:45.4]} 32... Qb4 {[%clk 0:01:54.6]} 33. Ne2 {[%clk 0:02:38.5]} 33... Rd8 {[%clk 0:01:45.2]} 34. Nxd4 {[%clk 0:02:34.7]} 34... Bc4 {[%clk 0:01:39.4]} 35. Qe3 {[%clk 0:02:16.1]} 35... Qb2+ {[%clk 0:01:31.8]} 36. Kg3 {[%clk 0:02:08]} 36... Qb4 {[%clk 0:01:08.2]} 37. Rc2 {[%clk 0:01:56.6]} 37... Qxa4 {[%clk 0:00:59.8]} 38. Nf5 {[%clk 0:01:40.8]} 38... Rd3 {[%clk 0:00:54.1]} 39. Ne7+ {[%clk 0:01:26.5]} 39... Kh7 {[%clk 0:00:44.9]} 40. Qxd3+ {[%clk 0:00:25.6]} 40... Bxd3 {[%clk 0:00:43.5]} 41. Rd2 {[%clk 0:00:24]} 41... Bxb5 {[%clk 0:00:32.9]} 42. Nd5 {[%clk 0:00:18.9]} 42... Qa3+ {[%clk 0:00:28.8]} 43. Kf2 {[%clk 0:00:14.6]} 43... Qc5+ {[%clk 0:00:26.4]} 44. Ke1 {[%clk 0:00:12.3]} 44... Qg1# {[%clk 0:00:24]} 0-1
"
2025-11-10,1762803425,white,851,sana053093,863,0.0,Loss,Nimzowitsch Defense 2.D4 E6 3.Nf3 D5 4.E5,B00,https://www.chess.com/openings/Nimzowitsch-Defense-2.d4-e6-3.Nf3-d5-4.e5,blitz,https://www.chess.com/game/live/145355617568,387,"[Event ""Live Chess""]
[Site ""Chess.com""]
[Date ""2025.11.10""]
[Round ""-""]
[White ""RhysLWells""]
[Black ""sana053093""]
[Result ""0-1""]
[CurrentPosition ""2k5/2p5/K7/1p6/q7/p7/8/8 w - - 2 44""]
[Timezone ""UTC""]
[ECO ""B00""]
[ECOUrl ""https://www.chess.com/openings/Nimzowitsch-Defense-2.d4-e6-3.Nf3-d5-4.e5""]
[UTCDate ""2025.11.10""]
[UTCTime ""19:30:38""]
[WhiteElo ""851""]
[BlackElo ""863""]
[TimeControl ""300""]
[Termination ""sana053093 won by checkmate""]
[StartTime ""19:30:38""]
[EndDate ""2025.11.10""]
[EndTime ""19:37:05""]
[Link ""https://www.chess.com/game/live/145355617568""]

1. d4 {[%clk 0:04:59.2]} 1... e6 {[%clk 0:04:59.3]} 2. e4 {[%clk 0:04:57.2]} 2... d5 {[%clk 0:04:58.3]} 3. e5 {[%clk 0:04:56.2]} 3... Nc6 {[%clk 0:04:56.8]} 4. Nf3 {[%clk 0:04:53.9]} 4... Nh6 {[%clk 0:04:56]} 5. Bxh6 {[%clk 0:04:50.3]} 5... gxh6 {[%clk 0:04:54.9]} 6. Qd2 {[%clk 0:04:48]} 6... Qe7 {[%clk 0:04:51]} 7. a3 {[%clk 0:04:44.8]} 7... Bd7 {[%clk 0:04:50.1]} 8. c4 {[%clk 0:04:36.4]} 8... dxc4 {[%clk 0:04:47.9]} 9. Bxc4 {[%clk 0:04:33.3]} 9... Bg7 {[%clk 0:04:47.3]} 10. Nc3 {[%clk 0:04:30.9]} 10... h5 {[%clk 0:04:39.9]} 11. h4 {[%clk 0:04:23]} 11... f6 {[%clk 0:04:35.7]} 12. O-O {[%clk 0:04:15.8]} 12... fxe5 {[%clk 0:04:33.4]} 13. dxe5 {[%clk 0:04:12.4]} 13... O-O-O {[%clk 0:04:32]} 14. Bb5 {[%clk 0:03:57.4]} 14... Nxe5 {[%clk 0:04:28.2]} 15. Bxd7+ {[%clk 0:03:52.3]} 15... Rxd7 {[%clk 0:04:26.1]} 16. Qe3 {[%clk 0:03:42.7]} 16... Nxf3+ {[%clk 0:04:24.7]} 17. Qxf3 {[%clk 0:03:40.7]} 17... Rf8 {[%clk 0:04:23.1]} 18. Qxh5 {[%clk 0:03:27.1]} 18... Rf5 {[%clk 0:04:16.6]} 19. Qxh7 {[%clk 0:03:17.6]} 19... b6 {[%clk 0:04:06.9]} 20. Rad1 {[%clk 0:03:07]} 20... Rxd1 {[%clk 0:04:03.4]} 21. Rxd1 {[%clk 0:03:04.9]} 21... Rxf2 {[%clk 0:03:52.4]} 22. Kxf2 {[%clk 0:02:51.2]} 22... Bd4+ {[%clk 0:03:50.4]} 23. Ke2 {[%clk 0:02:34.8]} 23... Qxh7 {[%clk 0:03:46.4]} 24. Rxd4 {[%clk 0:02:33.3]} 24... Qc2+ {[%clk 0:03:43.7]} 25. Kf3 {[%clk 0:02:25.9]} 25... Qxb2 {[%clk 0:03:40.1]} 26. Ne2 {[%clk 0:02:13.6]} 26... Qxa3+ {[%clk 0:03:37.4]} 27. Kf2 {[%clk 0:02:08.4]} 27... Qc5 {[%clk 0:03:20.3]} 28. g3 {[%clk 0:01:59.4]} 28... e5 {[%clk 0:03:18.6]} 29. h5 {[%clk 0:01:54.3]} 29... exd4 {[%clk 0:03:16.3]} 30. h6 {[%clk 0:01:52]} 30... d3+ {[%clk 0:03:12.6]} 31. Ke1 {[%clk 0:01:44.8]} 31... dxe2 {[%clk 0:03:11.1]} 32. h7 {[%clk 0:01:43.3]} 32... Qh5 {[%clk 0:03:04.7]} 33. g4 {[%clk 0:01:40.1]} 33... Qxh7 {[%clk 0:03:03]} 34. Kxe2 {[%clk 0:01:38.1]} 34... Qe4+ {[%clk 0:03:01.1]} 35. Kf2 {[%clk 0:01:36.8]} 35... Qxg4 {[%clk 0:02:59.9]} 36. Ke3 {[%clk 0:01:35.6]} 36... a5 {[%clk 0:02:58.9]} 37. Kd3 {[%clk 0:01:34.6]} 37... a4 {[%clk 0:02:57.9]} 38. Kc3 {[%clk 0:01:33.6]} 38... b5 {[%clk 0:02:55.1]} 39. Kb2 {[%clk 0:01:32.8]} 39... Qe2+ {[%clk 0:02:52.4]} 40. Ka3 {[%clk 0:01:31.5]} 40... Qd3+ {[%clk 0:02:48.6]} 41. Kb4 {[%clk 0:01:30.2]} 41... Qc4+ {[%clk 0:02:47.8]} 42. Ka5 {[%clk 0:01:28.8]} 42... a3 {[%clk 0:02:42.4]} 43. Ka6 {[%clk 0:01:27.1]} 43... Qa4# {[%clk 0:02:40.7]} 0-1
"
2025-11-09,1762712603,white,859,csmnjtr,866,1.0,Win,Englund Gambit,A40,https://www.chess.com/openings/Englund-Gambit,blitz,https://www.chess.com/game/live/145313946714,379,"[Event ""Live Chess""]
[Site ""Chess.com""]
[Date ""2025.11.09""]
[Round ""-""]
[White ""RhysLWells""]
[Black ""csmnjtr""]
[Result ""1-0""]
[CurrentPosition ""2k2r2/Q2nq1bn/1pp1b1p1/2Pp2Pp/3PpB1P/4N1N1/PP2P1B1/2K2R2 b - - 0 27""]
[Timezone ""UTC""]
[ECO ""A40""]
[ECOUrl ""https://www.chess.com/openings/Englund-Gambit""]
[UTCDate ""2025.11.09""]
[UTCTime ""18:17:04""]
[WhiteElo ""859""]
[BlackElo ""866""]
[TimeControl ""300""]
[Termination ""RhysLWells won by resignation""]
[StartTime ""18:17:04""]
[EndDate ""2025.11.09""]
[EndTime ""18:23:23""]
[Link ""https://www.chess.com/game/live/145313946714""]

1. d4 {[%clk 0:04:59.9]} 1... e5 {[%clk 0:04:58.5]} 2. Nf3 {[%clk 0:04:58.2]} 2... e4 {[%clk 0:04:56.8]} 3. Nfd2 {[%clk 0:04:57]} 3... d5 {[%clk 0:04:53.1]} 4. f3 {[%clk 0:04:55.2]} 4... f5 {[%clk 0:04:50.7]} 5. c4 {[%clk 0:04:48.2]} 5... c6 {[%clk 0:04:47.6]} 6. fxe4 {[%clk 0:04:46.5]} 6... fxe4 {[%clk 0:04:45.8]} 7. Nc3 {[%clk 0:04:41.6]} 7... Be6 {[%clk 0:04:38.5]} 8. c5 {[%clk 0:04:39.5]} 8... Qh4+ {[%clk 0:04:29.8]} 9. g3 {[%clk 0:04:35.8]} 9... Qd8 {[%clk 0:04:21.6]} 10. Bg2 {[%clk 0:04:29.4]} 10... Nf6 {[%clk 0:04:18.3]} 11. h3 {[%clk 0:04:25.8]} 11... g6 {[%clk 0:04:11.3]} 12. Nf1 {[%clk 0:04:22.3]} 12... Bg7 {[%clk 0:04:10.4]} 13. Bf4 {[%clk 0:04:12.3]} 13... Nbd7 {[%clk 0:04:03.6]} 14. Qd2 {[%clk 0:04:07.2]} 14... Nh5 {[%clk 0:03:56.7]} 15. Be3 {[%clk 0:03:56.8]} 15... Qf6 {[%clk 0:03:42.1]} 16. O-O-O {[%clk 0:03:53.5]} 16... Qe7 {[%clk 0:03:35.4]} 17. g4 {[%clk 0:03:51.7]} 17... Nhf6 {[%clk 0:03:34.9]} 18. Ng3 {[%clk 0:03:48.2]} 18... h5 {[%clk 0:03:25.1]} 19. g5 {[%clk 0:03:45.3]} 19... Nh7 {[%clk 0:03:16.2]} 20. h4 {[%clk 0:03:42.7]} 20... O-O-O {[%clk 0:03:07.3]} 21. Rdf1 {[%clk 0:03:22.9]} 21... Rdf8 {[%clk 0:03:05]} 22. Nd1 {[%clk 0:03:18.7]} 22... Rxf1 {[%clk 0:03:02.6]} 23. Rxf1 {[%clk 0:03:17.2]} 23... Rf8 {[%clk 0:03:02]} 24. Bf4 {[%clk 0:03:09.1]} 24... Bg4 {[%clk 0:02:49.3]} 25. Ne3 {[%clk 0:03:01.5]} 25... Be6 {[%clk 0:02:43.6]} 26. Qa5 {[%clk 0:02:57.2]} 26... b6 {[%clk 0:01:48.2]} 27. Qxa7 {[%clk 0:02:51.1]} 1-0
"
2025-11-08,1762632816,white,850,CaatingueiroBR,888,0.0,Loss,Queens Pawn Opening Zukertort Chigorin Variation,D02,https://www.chess.com/openings/Queens-Pawn-Opening-Zukertort-Chigorin-Variation,blitz,https://www.chess.com/game/live/145278881488,459,"[Event ""Live Chess""]
[Site ""Chess.com""]
[Date ""2025.11.08""]
[Round ""-""]
[White ""RhysLWells""]
[Black ""CaatingueiroBR""]
[Result ""0-1""]
[CurrentPosition ""2k1r3/ppp2p1p/5n2/8/6rK/1P4P1/P4q1P/R4B1b w - - 0 28""]
[Timezone ""UTC""]
[ECO ""D02""]
[ECOUrl ""https://www.chess.com/openings/Queens-Pawn-Opening-Zukertort-Chigorin-Variation""]
[UTCDate ""2025.11.08""]
[UTCTime ""20:05:57""]
[WhiteElo ""850""]
[BlackElo ""888""]
[TimeControl ""300""]
[Termination ""CaatingueiroBR won on time""]
[StartTime ""20:05:57""]
[EndDate ""2025.11.08""]
[EndTime ""20:13:36""]
[Link ""https://www.chess.com/game/live/145278881488""]

1. d4 {[%clk 0:04:56.7]} 1... d5 {[%clk 0:04:59]} 2. Nf3 {[%clk 0:04:54.6]} 2... Nc6 {[%clk 0:04:57.8]} 3. c3 {[%clk 0:04:53.2]} 3... e6 {[%clk 0:04:56.2]} 4. Nbd2 {[%clk 0:04:52.5]} 4... Bd6 {[%clk 0:04:53.1]} 5. b3 {[%clk 0:04:46.3]} 5... e5 {[%clk 0:04:52.1]} 6. e3 {[%clk 0:04:35.1]} 6... e4 {[%clk 0:04:50.2]} 7. Ng1 {[%clk 0:04:30.8]} 7... Bf5 {[%clk 0:04:48.4]} 8. f3 {[%clk 0:04:29]} 8... exf3 {[%clk 0:04:46.5]} 9. Ngxf3 {[%clk 0:04:27.5]} 9... g6 {[%clk 0:04:43.6]} 10. c4 {[%clk 0:04:10.4]} 10... dxc4 {[%clk 0:04:40.2]} 11. Nxc4 {[%clk 0:04:02.8]} 11... Nb4 {[%clk 0:04:37.9]} 12. Nxd6+ {[%clk 0:03:20.1]} 12... Qxd6 {[%clk 0:04:34.5]} 13. e4 {[%clk 0:02:53.6]} 13... Bxe4 {[%clk 0:04:27.2]} 14. Ba3 {[%clk 0:02:24.8]} 14... O-O-O {[%clk 0:04:23.1]} 15. Bxb4 {[%clk 0:02:12.7]} 15... Qxb4+ {[%clk 0:04:20.3]} 16. Qd2 {[%clk 0:02:10.6]} 16... Qb6 {[%clk 0:04:13.8]} 17. Ne5 {[%clk 0:02:01]} 17... Rxd4 {[%clk 0:04:03]} 18. Nc4 {[%clk 0:01:48.5]} 18... Qc5 {[%clk 0:03:58.1]} 19. Qe2 {[%clk 0:01:22.9]} 19... Nf6 {[%clk 0:03:48.2]} 20. Ne3 {[%clk 0:00:48.5]} 20... Qb4+ {[%clk 0:03:35.2]} 21. Kf2 {[%clk 0:00:42.5]} 21... Re8 {[%clk 0:03:29.8]} 22. Qb5 {[%clk 0:00:26.9]} 22... Qd2+ {[%clk 0:03:24.2]} 23. Kg3 {[%clk 0:00:15.1]} 23... Qxe3+ {[%clk 0:03:18]} 24. Kh4 {[%clk 0:00:14.2]} 24... g5+ {[%clk 0:03:09]} 25. Qxg5 {[%clk 0:00:08.8]} 25... Qf2+ {[%clk 0:02:42.7]} 26. g3 {[%clk 0:00:05]} 26... Bxh1+ {[%clk 0:02:39.5]} 27. Qg4+ {[%clk 0:00:00.5]} 27... Rxg4+ {[%clk 0:02:32.5]} 0-1
"
2025-11-08,1762628993,black,857,akhilendra99,849,1.0,Win,Three Knights Opening,C46,https://www.chess.com/openings/Three-Knights-Opening,blitz,https://www.chess.com/game/live/145276856030,561,"[Event ""Live Chess""]
[Site ""Chess.com""]
[Date ""2025.11.08""]
[Round ""-""]
[White ""akhilendra99""]
[Black ""RhysLWells""]
[Result ""0-1""]
[CurrentPosition ""8/4bkpp/q4p2/2P1p3/8/6P1/1P3PKP/8 w - - 0 35""]
[Timezone ""UTC""]
[ECO ""C46""]
[ECOUrl ""https://www.chess.com/openings/Three-Knights-Opening""]
[UTCDate ""2025.11.08""]
[UTCTime ""19:00:32""]
[WhiteElo ""849""]
[BlackElo ""857""]
[TimeControl ""300""]
[Termination ""RhysLWells won on time""]
[StartTime ""19:00:32""]
[EndDate ""2025.11.08""]
[EndTime ""19:09:53""]
[Link ""https://www.chess.com/game/live/145276856030""]

1. e4 {[%clk 0:04:59.8]} 1... Nc6 {[%clk 0:04:56.1]} 2. Nc3 {[%clk 0:04:57.1]} 2... e5 {[%clk 0:04:53.8]} 3. Nf3 {[%clk 0:04:52.5]} 3... f6 {[%clk 0:04:51.7]} 4. d4 {[%clk 0:04:48.8]} 4... d6 {[%clk 0:04:43.7]} 5. d5 {[%clk 0:04:44.1]} 5... Nce7 {[%clk 0:04:37.8]} 6. Bb5+ {[%clk 0:04:34.5]} 6... Bd7 {[%clk 0:04:35.9]} 7. a4 {[%clk 0:04:28.4]} 7... a6 {[%clk 0:04:34.4]} 8. Bc4 {[%clk 0:04:20.5]} 8... c6 {[%clk 0:04:30.8]} 9. O-O {[%clk 0:04:18.4]} 9... cxd5 {[%clk 0:04:29]} 10. Nxd5 {[%clk 0:04:13.9]} 10... Be6 {[%clk 0:04:20.9]} 11. Nxe7 {[%clk 0:03:58]} 11... Bxc4 {[%clk 0:04:19.4]} 12. Nc6 {[%clk 0:03:18.4]} 12... bxc6 {[%clk 0:04:17.5]} 13. Re1 {[%clk 0:03:17.4]} 13... d5 {[%clk 0:04:13.8]} 14. exd5 {[%clk 0:03:09.5]} 14... Bxd5 {[%clk 0:04:08.7]} 15. Be3 {[%clk 0:02:56.8]} 15... Bxf3 {[%clk 0:04:05.8]} 16. Qxf3 {[%clk 0:02:55.2]} 16... Ne7 {[%clk 0:04:00]} 17. c4 {[%clk 0:02:45.2]} 17... Rc8 {[%clk 0:03:51.9]} 18. a5 {[%clk 0:02:32.4]} 18... c5 {[%clk 0:03:45.2]} 19. Red1 {[%clk 0:02:25.3]} 19... Qc7 {[%clk 0:03:38.8]} 20. Qe4 {[%clk 0:01:51.1]} 20... Ng6 {[%clk 0:03:28.6]} 21. Qd5 {[%clk 0:01:42.9]} 21... Be7 {[%clk 0:03:19.5]} 22. g3 {[%clk 0:01:26.8]} 22... Rd8 {[%clk 0:03:10]} 23. Qe6 {[%clk 0:01:14.5]} 23... Rxd1+ {[%clk 0:02:56.4]} 24. Rxd1 {[%clk 0:01:12.1]} 24... Nf8 {[%clk 0:02:47.2]} 25. Qxa6 {[%clk 0:01:08]} 25... Kf7 {[%clk 0:02:06.3]} 26. Qb5 {[%clk 0:00:45.8]} 26... Ne6 {[%clk 0:01:59.3]} 27. Rd7 {[%clk 0:00:36.8]} 27... Qb8 {[%clk 0:01:37.2]} 28. Qc6 {[%clk 0:00:22.9]} 28... Rd8 {[%clk 0:01:29.7]} 29. Bxc5 {[%clk 0:00:16.5]} 29... Nxc5 {[%clk 0:01:22.5]} 30. Rxd8 {[%clk 0:00:10.3]} 30... Qxd8 {[%clk 0:01:20]} 31. a6 {[%clk 0:00:06.1]} 31... Nxa6 {[%clk 0:01:11.4]} 32. Qxa6 {[%clk 0:00:04.7]} 32... Qd1+ {[%clk 0:01:10.5]} 33. Kg2 {[%clk 0:00:03.9]} 33... Qd3 {[%clk 0:01:02.9]} 34. c5 {[%clk 0:00:03.8]} 34... Qxa6 {[%clk 0:01:01]} 0-1
"
2025-11-08,1762628421,white,849,3LH,845,0.5,Draw,Kings Pawn Opening Kings Knight Variation 2...Nc6 3.D3,C44,https://www.chess.com/openings/Kings-Pawn-Opening-Kings-Knight-Variation-2...Nc6-3.d3,blitz,https://www.chess.com/game/live/145276555258,556,"[Event ""Live Chess""]
[Site ""Chess.com""]
[Date ""2025.11.08""]
[Round ""-""]
[White ""RhysLWells""]
[Black ""3LH""]
[Result ""1/2-1/2""]
[CurrentPosition ""8/5pk1/p7/pr4p1/R4bP1/3K4/8/8 w - - 8 45""]
[Timezone ""UTC""]
[ECO ""C44""]
[ECOUrl ""https://www.chess.com/openings/Kings-Pawn-Opening-Kings-Knight-Variation-2...Nc6-3.d3""]
[UTCDate ""2025.11.08""]
[UTCTime ""18:51:05""]
[WhiteElo ""849""]
[BlackElo ""845""]
[TimeControl ""300""]
[Termination ""Game drawn by repetition""]
[StartTime ""18:51:05""]
[EndDate ""2025.11.08""]
[EndTime ""19:00:21""]
[Link ""https://www.chess.com/game/live/145276555258""]

1. e4 {[%clk 0:04:58.4]} 1... e5 {[%clk 0:04:58.6]} 2. Nf3 {[%clk 0:04:57.1]} 2... Nc6 {[%clk 0:04:58.1]} 3. d3 {[%clk 0:04:55.2]} 3... g6 {[%clk 0:04:53.7]} 4. Be3 {[%clk 0:04:51.4]} 4... Bg7 {[%clk 0:04:52.6]} 5. h3 {[%clk 0:04:46.1]} 5... Nf6 {[%clk 0:04:50.2]} 6. Nc3 {[%clk 0:04:39]} 6... O-O {[%clk 0:04:49.4]} 7. Nd5 {[%clk 0:04:34.3]} 7... d6 {[%clk 0:04:47.1]} 8. c4 {[%clk 0:04:24.1]} 8... Nxd5 {[%clk 0:04:32.6]} 9. cxd5 {[%clk 0:04:21.1]} 9... Nb4 {[%clk 0:04:25.9]} 10. a3 {[%clk 0:04:15.3]} 10... Na6 {[%clk 0:04:23.6]} 11. d4 {[%clk 0:04:09.8]} 11... c6 {[%clk 0:04:10.8]} 12. Bxa6 {[%clk 0:04:06.5]} 12... bxa6 {[%clk 0:04:08.1]} 13. dxc6 {[%clk 0:03:59.3]} 13... exd4 {[%clk 0:03:55]} 14. Nxd4 {[%clk 0:03:55.5]} 14... Re8 {[%clk 0:03:37.3]} 15. f3 {[%clk 0:03:53.7]} 15... d5 {[%clk 0:03:24.4]} 16. Bf2 {[%clk 0:03:04.5]} 16... dxe4 {[%clk 0:03:04.9]} 17. O-O {[%clk 0:02:59.9]} 17... e3 {[%clk 0:02:52]} 18. Bxe3 {[%clk 0:02:45.3]} 18... Rxe3 {[%clk 0:02:43.1]} 19. Re1 {[%clk 0:02:38.6]} 19... Bxd4 {[%clk 0:02:33.7]} 20. Rxe3 {[%clk 0:02:32.9]} 20... Bxe3+ {[%clk 0:02:31.2]} 21. Kh1 {[%clk 0:02:27.6]} 21... Qxd1+ {[%clk 0:02:27.3]} 22. Rxd1 {[%clk 0:02:26.2]} 22... Be6 {[%clk 0:02:18.7]} 23. Re1 {[%clk 0:02:22.8]} 23... Bb6 {[%clk 0:02:05.2]} 24. g4 {[%clk 0:02:18.7]} 24... Rc8 {[%clk 0:02:01.8]} 25. Rc1 {[%clk 0:02:15.5]} 25... Bd5 {[%clk 0:01:59.8]} 26. Re1 {[%clk 0:02:05.7]} 26... Rxc6 {[%clk 0:01:46.7]} 27. Kg2 {[%clk 0:02:04.3]} 27... Rc2+ {[%clk 0:01:40.3]} 28. Kg3 {[%clk 0:02:02.7]} 28... Rxb2 {[%clk 0:01:37.1]} 29. Rd1 {[%clk 0:02:00.4]} 29... g5 {[%clk 0:01:24.5]} 30. Rxd5 {[%clk 0:01:58.9]} 30... Bc7+ {[%clk 0:01:20.2]} 31. f4 {[%clk 0:01:55]} 31... Bxf4+ {[%clk 0:01:14.6]} 32. Kf3 {[%clk 0:01:52.7]} 32... Ra2 {[%clk 0:01:09.1]} 33. Ke4 {[%clk 0:01:45.7]} 33... Rxa3 {[%clk 0:01:04.4]} 34. Kf5 {[%clk 0:01:42.3]} 34... Kg7 {[%clk 0:01:00]} 35. h4 {[%clk 0:01:36.8]} 35... h6 {[%clk 0:00:49.8]} 36. hxg5 {[%clk 0:01:29.9]} 36... hxg5 {[%clk 0:00:47.8]} 37. Rd4 {[%clk 0:01:22.4]} 37... Rb3 {[%clk 0:00:32.9]} 38. Ra4 {[%clk 0:01:16.7]} 38... Rb5+ {[%clk 0:00:26.9]} 39. Ke4 {[%clk 0:01:15.4]} 39... a5 {[%clk 0:00:24.3]} 40. Kd3 {[%clk 0:01:09.6]} 40... a6 {[%clk 0:00:17.4]} 41. Kc4 {[%clk 0:01:07.2]} 41... Bd2 {[%clk 0:00:13.1]} 42. Kd3 {[%clk 0:01:04.8]} 42... Bf4 {[%clk 0:00:10.9]} 43. Kc2 {[%clk 0:01:02.3]} 43... Be3 {[%clk 0:00:06.8]} 44. Kd3 {[%clk 0:00:59.8]} 44... Bf4 {[%clk 0:00:05.1]} 1/2-1/2
"
2025-11-08,1762627860,black,849,Muhammad22Nouri,829,1.0,Win,Englund Gambit 2.Dxe5 Nc6,A40,https://www.chess.com/openings/Englund-Gambit-2.dxe5-Nc6,blitz,https://www.chess.com/game/live/145276463676,165,"[Event ""Live Chess""]
[Site ""Chess.com""]
[Date ""2025.11.08""]
[Round ""-""]
[White ""Muhammad22Nouri""]
[Black ""RhysLWells""]
[Result ""0-1""]
[CurrentPosition ""r4rk1/p2Q3p/1pp3p1/8/8/P2BP3/b1PB2PP/q1KR3R w - - 1 21""]
[Timezone ""UTC""]
[ECO ""A40""]
[ECOUrl ""https://www.chess.com/openings/Englund-Gambit-2.dxe5-Nc6""]
[UTCDate ""2025.11.08""]
[UTCTime ""18:48:15""]
[WhiteElo ""829""]
[BlackElo ""849""]
[TimeControl ""300""]
[Termination ""RhysLWells won by checkmate""]
[StartTime ""18:48:15""]
[EndDate ""2025.11.08""]
[EndTime ""18:51:00""]
[Link ""https://www.chess.com/game/live/145276463676""]

1. d4 {[%clk 0:04:59.7]} 1... e5 {[%clk 0:04:58]} 2. dxe5 {[%clk 0:04:58.6]} 2... Nc6 {[%clk 0:04:57.6]} 3. f4 {[%clk 0:04:57.6]} 3... f6 {[%clk 0:04:56]} 4. e3 {[%clk 0:04:56.8]} 4... fxe5 {[%clk 0:04:54.6]} 5. fxe5 {[%clk 0:04:55.5]} 5... Nxe5 {[%clk 0:04:54]} 6. Nf3 {[%clk 0:04:50.6]} 6... Nxf3+ {[%clk 0:04:51.5]} 7. Qxf3 {[%clk 0:04:48.1]} 7... Qf6 {[%clk 0:04:50.8]} 8. Qh5+ {[%clk 0:04:43.8]} 8... g6 {[%clk 0:04:47.9]} 9. Qd1 {[%clk 0:04:40.4]} 9... Bd6 {[%clk 0:04:44.6]} 10. Bd2 {[%clk 0:04:35.1]} 10... b6 {[%clk 0:04:39.4]} 11. Qe2 {[%clk 0:04:34.2]} 11... Bb7 {[%clk 0:04:36.1]} 12. Nc3 {[%clk 0:04:30.7]} 12... Ne7 {[%clk 0:04:30.8]} 13. O-O-O {[%clk 0:04:29.1]} 13... Bc6 {[%clk 0:04:26.8]} 14. Qa6 {[%clk 0:04:22.2]} 14... Nd5 {[%clk 0:04:12.1]} 15. Nxd5 {[%clk 0:04:19.6]} 15... Bxd5 {[%clk 0:04:11.1]} 16. Bb5 {[%clk 0:04:13.6]} 16... c6 {[%clk 0:04:02.2]} 17. Qb7 {[%clk 0:04:10.8]} 17... O-O {[%clk 0:03:48.1]} 18. Bd3 {[%clk 0:04:04.2]} 18... Bxa2 {[%clk 0:03:46.3]} 19. Qxd7 {[%clk 0:03:57.2]} 19... Ba3 {[%clk 0:03:29.5]} 20. bxa3 {[%clk 0:03:54.7]} 20... Qa1# {[%clk 0:03:28]} 0-1
"
2025-11-08,1762627358,black,841,persin24,849,0.0,Loss,Kings Pawn Opening 1...E5,C20,https://www.chess.com/openings/Kings-Pawn-Opening-1...e5,blitz,https://www.chess.com/game/live/145276112294,308,"[Event ""Live Chess""]
[Site ""Chess.com""]
[Date ""2025.11.08""]
[Round ""-""]
[White ""persin24""]
[Black ""RhysLWells""]
[Result ""1-0""]
[CurrentPosition ""r2kr3/1pQ5/p2p1p2/7P/8/3q4/5PP1/2R3KR b - - 0 30""]
[Timezone ""UTC""]
[ECO ""C20""]
[ECOUrl ""https://www.chess.com/openings/Kings-Pawn-Opening-1...e5""]
[UTCDate ""2025.11.08""]
[UTCTime ""18:37:30""]
[WhiteElo ""849""]
[BlackElo ""841""]
[TimeControl ""300""]
[Termination ""persin24 won by checkmate""]
[StartTime ""18:37:30""]
[EndDate ""2025.11.08""]
[EndTime ""18:42:38""]
[Link ""https://www.chess.com/game/live/145276112294""]

1. e4 {[%clk 0:04:59.8]} 1... e5 {[%clk 0:04:58]} 2. Qh5 {[%clk 0:04:57.1]} 2... Nc6 {[%clk 0:04:57.1]} 3. Bc4 {[%clk 0:04:53.4]} 3... g6 {[%clk 0:04:56.1]} 4. Qd1 {[%clk 0:04:45.4]} 4... f6 {[%clk 0:04:53.6]} 5. Nc3 {[%clk 0:04:42.6]} 5... a6 {[%clk 0:04:52.2]} 6. Bd5 {[%clk 0:04:39.7]} 6... Nge7 {[%clk 0:04:49.3]} 7. Bxc6 {[%clk 0:04:38.1]} 7... Nxc6 {[%clk 0:04:46.8]} 8. Nf3 {[%clk 0:04:35.8]} 8... Bh6 {[%clk 0:04:42.6]} 9. d3 {[%clk 0:04:33.9]} 9... Bxc1 {[%clk 0:04:38.3]} 10. Qxc1 {[%clk 0:04:32.8]} 10... d6 {[%clk 0:04:36.7]} 11. Qh6 {[%clk 0:04:30.7]} 11... Qe7 {[%clk 0:04:25.1]} 12. Nd5 {[%clk 0:04:25.2]} 12... Qf7 {[%clk 0:04:16.7]} 13. h4 {[%clk 0:04:11.2]} 13... Be6 {[%clk 0:04:07.9]} 14. Ne3 {[%clk 0:03:57.7]} 14... Nd4 {[%clk 0:04:00.6]} 15. Nxd4 {[%clk 0:03:55.8]} 15... exd4 {[%clk 0:03:59.6]} 16. Nc4 {[%clk 0:03:50.2]} 16... Bxc4 {[%clk 0:03:57.3]} 17. dxc4 {[%clk 0:03:48.9]} 17... Qxc4 {[%clk 0:03:55.3]} 18. Qg7 {[%clk 0:03:34.6]} 18... Rf8 {[%clk 0:03:42.8]} 19. Qxh7 {[%clk 0:03:22.8]} 19... Qb4+ {[%clk 0:03:37.1]} 20. Kd1 {[%clk 0:03:17.3]} 20... Qxb2 {[%clk 0:03:32.2]} 21. Rc1 {[%clk 0:03:03.9]} 21... Qxa2 {[%clk 0:03:23.2]} 22. Qxg6+ {[%clk 0:03:02]} 22... Kd8 {[%clk 0:03:15.5]} 23. h5 {[%clk 0:02:55.9]} 23... d3 {[%clk 0:03:07.4]} 24. Qg7 {[%clk 0:02:48.8]} 24... dxc2+ {[%clk 0:03:04.4]} 25. Rxc2 {[%clk 0:02:45.7]} 25... Qa1+ {[%clk 0:03:00.5]} 26. Rc1 {[%clk 0:02:44.3]} 26... Qd4+ {[%clk 0:02:58.2]} 27. Ke1 {[%clk 0:02:33.1]} 27... Qxe4+ {[%clk 0:02:52.2]} 28. Kf1 {[%clk 0:02:30.1]} 28... Qd3+ {[%clk 0:02:46.9]} 29. Kg1 {[%clk 0:02:24.5]} 29... Re8 {[%clk 0:02:43.2]} 30. Qxc7# {[%clk 0:02:21.8]} 1-0
"
2025-11-08,1762610380,black,849,virsta,814,1.0,Win,Italian Game Two Knights Modern Bishops Opening,C55,https://www.chess.com/openings/Italian-Game-Two-Knights-Modern-Bishops-Opening,blitz,https://www.chess.com/game/live/145266131140,478,"[Event ""Live Chess""]
[Site ""Chess.com""]
[Date ""2025.11.08""]
[Round ""-""]
[White ""virsta""]
[Black ""RhysLWells""]
[Result ""0-1""]
[CurrentPosition ""8/8/4k2P/2r5/5q1K/8/6q1/8 w - - 0 64""]
[Timezone ""UTC""]
[ECO ""C55""]
[ECOUrl ""https://www.chess.com/openings/Italian-Game-Two-Knights-Modern-Bishops-Opening""]
[UTCDate ""2025.11.08""]
[UTCTime ""13:51:42""]
[WhiteElo ""814""]
[BlackElo ""849""]
[TimeControl ""300""]
[Termination ""RhysLWells won by checkmate""]
[StartTime ""13:51:42""]
[EndDate ""2025.11.08""]
[EndTime ""13:59:40""]
[Link ""https://www.chess.com/game/live/145266131140""]

1. e4 {[%clk 0:04:55.8]} 1... e5 {[%clk 0:04:49.6]} 2. Nf3 {[%clk 0:04:54.1]} 2... Nc6 {[%clk 0:04:38.8]} 3. Bc4 {[%clk 0:04:52.3]} 3... Nf6 {[%clk 0:04:33.8]} 4. d3 {[%clk 0:04:48.6]} 4... a6 {[%clk 0:04:31.9]} 5. a3 {[%clk 0:04:46.4]} 5... b5 {[%clk 0:04:29.5]} 6. Ba2 {[%clk 0:04:44.5]} 6... Bb7 {[%clk 0:04:27.8]} 7. Ng5 {[%clk 0:04:41.8]} 7... d5 {[%clk 0:04:22.4]} 8. exd5 {[%clk 0:04:39.4]} 8... Nxd5 {[%clk 0:04:21.8]} 9. O-O {[%clk 0:04:36.4]} 9... f6 {[%clk 0:04:20.6]} 10. Ne6 {[%clk 0:04:29.8]} 10... Qe7 {[%clk 0:04:14.2]} 11. Qg4 {[%clk 0:04:27.4]} 11... Nd8 {[%clk 0:03:58.5]} 12. Re1 {[%clk 0:04:02.6]} 12... Nxe6 {[%clk 0:03:55.7]} 13. Bxd5 {[%clk 0:04:00.5]} 13... Bxd5 {[%clk 0:03:54.5]} 14. c4 {[%clk 0:03:58.1]} 14... bxc4 {[%clk 0:03:53.3]} 15. dxc4 {[%clk 0:03:56.2]} 15... Bc6 {[%clk 0:03:50.6]} 16. Nc3 {[%clk 0:03:51]} 16... g6 {[%clk 0:03:25.7]} 17. Nd5 {[%clk 0:03:38.1]} 17... Bxd5 {[%clk 0:03:24.3]} 18. cxd5 {[%clk 0:03:34.3]} 18... Nd4 {[%clk 0:03:13.3]} 19. Qxd4 {[%clk 0:03:28.7]} 19... exd4 {[%clk 0:03:10]} 20. Rxe7+ {[%clk 0:03:26.7]} 20... Bxe7 {[%clk 0:03:09.6]} 21. Bf4 {[%clk 0:03:24.4]} 21... Bd6 {[%clk 0:03:07.8]} 22. Bxd6 {[%clk 0:03:22.4]} 22... cxd6 {[%clk 0:03:06.9]} 23. Re1+ {[%clk 0:03:21.6]} 23... Kf7 {[%clk 0:02:57.6]} 24. h3 {[%clk 0:03:20.2]} 24... Rac8 {[%clk 0:02:55]} 25. b4 {[%clk 0:03:17.7]} 25... Rc3 {[%clk 0:02:52.7]} 26. a4 {[%clk 0:03:15.9]} 26... d3 {[%clk 0:02:48.9]} 27. Rd1 {[%clk 0:03:11.6]} 27... a5 {[%clk 0:02:41.4]} 28. b5 {[%clk 0:03:09]} 28... Rb8 {[%clk 0:02:40.4]} 29. f3 {[%clk 0:03:00.3]} 29... f5 {[%clk 0:02:38.9]} 30. Kf2 {[%clk 0:02:58.2]} 30... Kf6 {[%clk 0:02:35.8]} 31. Ke3 {[%clk 0:02:56.1]} 31... Re8+ {[%clk 0:02:28]} 32. Kd4 {[%clk 0:02:52.9]} 32... Ra3 {[%clk 0:02:23]} 33. Kc4 {[%clk 0:02:40.6]} 33... Rxa4+ {[%clk 0:02:19.2]} 34. Kxd3 {[%clk 0:02:38.4]} 34... Rb4 {[%clk 0:02:11.9]} 35. Rc1 {[%clk 0:02:30.5]} 35... Rb8 {[%clk 0:02:10.1]} 36. Rc6 {[%clk 0:02:27.6]} 36... Ke5 {[%clk 0:02:06.4]} 37. Rc7 {[%clk 0:02:20.6]} 37... R8xb5 {[%clk 0:02:04.3]} 38. Re7+ {[%clk 0:02:18.2]} 38... Kxd5 {[%clk 0:02:02.3]} 39. Rxh7 {[%clk 0:02:14.2]} 39... Rb3+ {[%clk 0:02:00.2]} 40. Kc2 {[%clk 0:02:11.3]} 40... a4 {[%clk 0:01:56.8]} 41. Rh6 {[%clk 0:02:09.1]} 41... Rc5+ {[%clk 0:01:55.7]} 42. Kd2 {[%clk 0:02:05.1]} 42... Rb2+ {[%clk 0:01:53.3]} 43. Ke3 {[%clk 0:02:03.8]} 43... Rc3+ {[%clk 0:01:48.5]} 44. Kf4 {[%clk 0:02:01.9]} 44... Rb4+ {[%clk 0:01:45.7]} 45. Kg3 {[%clk 0:01:59.7]} 45... a3 {[%clk 0:01:44.3]} 46. Rxg6 {[%clk 0:01:57.7]} 46... a2 {[%clk 0:01:43.9]} 47. Rg8 {[%clk 0:01:54.8]} 47... a1=Q {[%clk 0:01:42.1]} 48. Rf8 {[%clk 0:01:47.8]} 48... f4+ {[%clk 0:01:40.1]} 49. Rxf4 {[%clk 0:01:43.8]} 49... Rxf4 {[%clk 0:01:39]} 50. Kxf4 {[%clk 0:01:42.4]} 50... Qc1+ {[%clk 0:01:38.3]} 51. Kg4 {[%clk 0:01:40.2]} 51... Qh1 {[%clk 0:01:33.3]} 52. Kg3 {[%clk 0:01:37.8]} 52... Ke6 {[%clk 0:01:31.4]} 53. h4 {[%clk 0:01:34.4]} 53... d5 {[%clk 0:01:28.2]} 54. Kg4 {[%clk 0:01:32.9]} 54... d4 {[%clk 0:01:27.3]} 55. h5 {[%clk 0:01:31.6]} 55... d3 {[%clk 0:01:26.7]} 56. Kg5 {[%clk 0:01:30.7]} 56... d2 {[%clk 0:01:26]} 57. h6 {[%clk 0:01:30.3]} 57... d1=Q {[%clk 0:01:24.5]} 58. Kg6 {[%clk 0:01:30.1]} 58... Qd3+ {[%clk 0:01:23.2]} 59. Kg7 {[%clk 0:01:27.9]} 59... Qd7+ {[%clk 0:01:19.8]} 60. Kg6 {[%clk 0:01:25.5]} 60... Qxg2+ {[%clk 0:01:16.5]} 61. Kh5 {[%clk 0:01:23.1]} 61... Rc5+ {[%clk 0:01:13.2]} 62. Kh4 {[%clk 0:01:20.1]} 62... Qd4+ {[%clk 0:01:12]} 63. f4 {[%clk 0:01:14.3]} 63... Qxf4# {[%clk 0:01:10.4]} 0-1
"
2025-11-08,1762609896,white,841,Falzz31,875,0.0,Loss,Italian Game Two Knights Modern Bishops Opening 4...H6,C55,https://www.chess.com/openings/Italian-Game-Two-Knights-Modern-Bishops-Opening-4...h6,blitz,https://www.chess.com/game/live/145266036786,160,"[Event ""Live Chess""]
[Site ""Chess.com""]
[Date ""2025.11.08""]
[Round ""-""]
[White ""RhysLWells""]
[Black ""Falzz31""]
[Result ""0-1""]
[CurrentPosition ""r2q1rk1/2p3p1/p2p3p/1p2p3/P3P1P1/3PQ2P/1PP1NPn1/R3K2R w KQ - 3 19""]
[Timezone ""UTC""]
[ECO ""C55""]
[ECOUrl ""https://www.chess.com/openings/Italian-Game-Two-Knights-Modern-Bishops-Opening-4...h6""]
[UTCDate ""2025.11.08""]
[UTCTime ""13:48:56""]
[WhiteElo ""841""]
[BlackElo ""875""]
[TimeControl ""300""]
[Termination ""Falzz31 won by resignation""]
[StartTime ""13:48:56""]
[EndDate ""2025.11.08""]
[EndTime ""13:51:36""]
[Link ""https://www.chess.com/game/live/145266036786""]

1. e4 {[%clk 0:04:43.6]} 1... e5 {[%clk 0:04:58.7]} 2. Nf3 {[%clk 0:04:42]} 2... Nc6 {[%clk 0:04:55.2]} 3. Bc4 {[%clk 0:04:39.8]} 3... Nf6 {[%clk 0:04:52.9]} 4. d3 {[%clk 0:04:36.3]} 4... h6 {[%clk 0:04:51.4]} 5. h3 {[%clk 0:04:31.1]} 5... Bc5 {[%clk 0:04:50.3]} 6. Nc3 {[%clk 0:04:27.9]} 6... d6 {[%clk 0:04:49.2]} 7. Qe2 {[%clk 0:04:19.7]} 7... O-O {[%clk 0:04:48]} 8. Be3 {[%clk 0:04:17.3]} 8... Bxe3 {[%clk 0:04:44.9]} 9. Qxe3 {[%clk 0:04:15.5]} 9... a6 {[%clk 0:04:41.5]} 10. a3 {[%clk 0:04:13.8]} 10... b5 {[%clk 0:04:40.8]} 11. Ba2 {[%clk 0:04:04.8]} 11... Be6 {[%clk 0:04:39.3]} 12. Bxe6 {[%clk 0:04:02.1]} 12... fxe6 {[%clk 0:04:31.1]} 13. a4 {[%clk 0:03:50.6]} 13... Nd4 {[%clk 0:04:30.1]} 14. Nxd4 {[%clk 0:03:47.9]} 14... exd4 {[%clk 0:04:29.3]} 15. Qxd4 {[%clk 0:03:47.3]} 15... e5 {[%clk 0:04:28.3]} 16. Qe3 {[%clk 0:03:38.3]} 16... Nh5 {[%clk 0:04:26.9]} 17. g4 {[%clk 0:03:22.2]} 17... Nf4 {[%clk 0:04:23.9]} 18. Ne2 {[%clk 0:03:20]} 18... Ng2+ {[%clk 0:04:22.1]} 0-1
"
2025-11-08,1762600678,white,849,JinoBa95,841,0.0,Loss,Queens Pawn Opening 1...D5,D00,https://www.chess.com/openings/Queens-Pawn-Opening-1...d5,blitz,https://www.chess.com/game/live/145261163256,172,"[Event ""Live Chess""]
[Site ""Chess.com""]
[Date ""2025.11.08""]
[Round ""-""]
[White ""RhysLWells""]
[Black ""JinoBa95""]
[Result ""0-1""]
[CurrentPosition ""rnbqkbnr/ppp1pppp/8/3p4/3P4/8/PPP1PPPP/RNBQKBNR w KQkq d6 0 2""]
[Timezone ""UTC""]
[ECO ""D00""]
[ECOUrl ""https://www.chess.com/openings/Queens-Pawn-Opening-1...d5""]
[UTCDate ""2025.11.08""]
[UTCTime ""11:15:06""]
[WhiteElo ""849""]
[BlackElo ""841""]
[TimeControl ""300""]
[Termination ""JinoBa95 won - game abandoned""]
[StartTime ""11:15:06""]
[EndDate ""2025.11.08""]
[EndTime ""11:17:58""]
[Link ""https://www.chess.com/game/live/145261163256""]

1. d4 {[%clk 0:04:44.3]} 1... d5 {[%clk 0:04:57.8]} 0-1
"
2025-11-07,1762549329,black,858,rotten_mango,824,1.0,Win,Scotch Game,C45,https://www.chess.com/openings/Scotch-Game,blitz,https://www.chess.com/game/live/145241376872,301,"[Event ""Live Chess""]
[Site ""Chess.com""]
[Date ""2025.11.07""]
[Round ""-""]
[White ""rotten_mango""]
[Black ""RhysLWells""]
[Result ""0-1""]
[CurrentPosition ""2k4r/pp2qr2/1p1p4/4p3/P1P1P3/5NPp/5b2/1Q3R1K w - - 0 31""]
[Timezone ""UTC""]
[ECO ""C45""]
[ECOUrl ""https://www.chess.com/openings/Scotch-Game""]
[UTCDate ""2025.11.07""]
[UTCTime ""20:57:08""]
[WhiteElo ""824""]
[BlackElo ""858""]
[TimeControl ""300""]
[Termination ""RhysLWells won by resignation""]
[StartTime ""20:57:08""]
[EndDate ""2025.11.07""]
[EndTime ""21:02:09""]
[Link ""https://www.chess.com/game/live/145241376872""]

1. e4 {[%clk 0:04:59.2]} 1... e5 {[%clk 0:04:59.2]} 2. Nf3 {[%clk 0:04:58]} 2... Nc6 {[%clk 0:04:58.6]} 3. d4 {[%clk 0:04:56.7]} 3... f6 {[%clk 0:04:56.4]} 4. dxe5 {[%clk 0:04:55.8]} 4... fxe5 {[%clk 0:04:53.2]} 5. Bd3 {[%clk 0:04:54.8]} 5... d6 {[%clk 0:04:45.8]} 6. O-O {[%clk 0:04:53.3]} 6... Nf6 {[%clk 0:04:43.8]} 7. c3 {[%clk 0:04:51.8]} 7... g6 {[%clk 0:04:38.8]} 8. Bg5 {[%clk 0:04:50.1]} 8... Bg7 {[%clk 0:04:36.8]} 9. Nbd2 {[%clk 0:04:48.3]} 9... Be6 {[%clk 0:04:30.6]} 10. Bc2 {[%clk 0:04:44.7]} 10... Qe7 {[%clk 0:04:28.3]} 11. b3 {[%clk 0:04:36]} 11... O-O-O {[%clk 0:04:24.8]} 12. Rc1 {[%clk 0:04:33.6]} 12... h6 {[%clk 0:04:18.9]} 13. Be3 {[%clk 0:04:32]} 13... g5 {[%clk 0:04:14.7]} 14. c4 {[%clk 0:04:28.3]} 14... Ng4 {[%clk 0:04:11.8]} 15. h3 {[%clk 0:04:26.6]} 15... Nxe3 {[%clk 0:04:10.3]} 16. fxe3 {[%clk 0:04:25.7]} 16... g4 {[%clk 0:03:59.6]} 17. hxg4 {[%clk 0:04:24.3]} 17... Bxg4 {[%clk 0:03:58.2]} 18. Qe1 {[%clk 0:04:22.5]} 18... Nb4 {[%clk 0:03:47.8]} 19. a3 {[%clk 0:04:18.9]} 19... Nxc2 {[%clk 0:03:46.4]} 20. Rxc2 {[%clk 0:04:17.1]} 20... h5 {[%clk 0:03:42.5]} 21. b4 {[%clk 0:04:14.1]} 21... h4 {[%clk 0:03:34.3]} 22. Qb1 {[%clk 0:04:08]} 22... Rdf8 {[%clk 0:03:19]} 23. b5 {[%clk 0:04:03.7]} 23... Bxf3 {[%clk 0:02:53.6]} 24. Nxf3 {[%clk 0:04:01.2]} 24... Bh6 {[%clk 0:02:51.2]} 25. b6 {[%clk 0:03:57.6]} 25... cxb6 {[%clk 0:02:45]} 26. a4 {[%clk 0:03:52.8]} 26... Bxe3+ {[%clk 0:02:20.6]} 27. Kh1 {[%clk 0:03:50.8]} 27... h3 {[%clk 0:02:15.9]} 28. g3 {[%clk 0:03:47.4]} 28... Rf7 {[%clk 0:01:58.9]} 29. Re2 {[%clk 0:03:44.4]} 29... Bc5 {[%clk 0:01:53]} 30. Ref2 {[%clk 0:03:32.7]} 30... Bxf2 {[%clk 0:01:50.6]} 0-1
"
2025-11-07,1762525996,white,850,RosenzweigMexico,883,0.0,Loss,French Defense Normal Variation 2...B6 3.Nf3 Bb7,C00,https://www.chess.com/openings/French-Defense-Normal-Variation-2...b6-3.Nf3-Bb7,blitz,https://www.chess.com/game/live/145227644552,314,"[Event ""Live Chess""]
[Site ""Chess.com""]
[Date ""2025.11.07""]
[Round ""-""]
[White ""RhysLWells""]
[Black ""RosenzweigMexico""]
[Result ""0-1""]
[CurrentPosition ""4rr1k/p1p2pp1/1pN4p/8/6P1/2B5/1PPQ1P1P/q1KR2R1 w - - 3 23""]
[Timezone ""UTC""]
[ECO ""C00""]
[ECOUrl ""https://www.chess.com/openings/French-Defense-Normal-Variation-2...b6-3.Nf3-Bb7""]
[UTCDate ""2025.11.07""]
[UTCTime ""14:28:02""]
[WhiteElo ""850""]
[BlackElo ""883""]
[TimeControl ""300""]
[Termination ""RosenzweigMexico won by checkmate""]
[StartTime ""14:28:02""]
[EndDate ""2025.11.07""]
[EndTime ""14:33:16""]
[Link ""https://www.chess.com/game/live/145227644552""]

1. d4 {[%clk 0:04:59.1]} 1... e6 {[%clk 0:04:58]} 2. Nf3 {[%clk 0:04:58.5]} 2... b6 {[%clk 0:04:55.6]} 3. e4 {[%clk 0:04:57.5]} 3... Bb7 {[%clk 0:04:53.3]} 4. e5 {[%clk 0:04:55.6]} 4... h6 {[%clk 0:04:49.7]} 5. Nc3 {[%clk 0:04:52.8]} 5... Bb4 {[%clk 0:04:44.9]} 6. Bd2 {[%clk 0:04:51.3]} 6... Bxc3 {[%clk 0:04:42.6]} 7. Bxc3 {[%clk 0:04:50.4]} 7... Ne7 {[%clk 0:04:37.1]} 8. Be2 {[%clk 0:04:46.4]} 8... Nf5 {[%clk 0:04:34]} 9. g4 {[%clk 0:04:38.7]} 9... Nh4 {[%clk 0:04:29.8]} 10. Rg1 {[%clk 0:04:32]} 10... Ba6 {[%clk 0:04:00.4]} 11. Qd2 {[%clk 0:04:13.1]} 11... Bxe2 {[%clk 0:03:56.7]} 12. Qxe2 {[%clk 0:04:09.8]} 12... d6 {[%clk 0:03:45]} 13. exd6 {[%clk 0:03:51.5]} 13... Qxd6 {[%clk 0:03:39.1]} 14. O-O-O {[%clk 0:03:45.4]} 14... Qd5 {[%clk 0:03:27.7]} 15. Nxh4 {[%clk 0:03:38]} 15... Qxa2 {[%clk 0:03:23.8]} 16. Nf5 {[%clk 0:03:25.8]} 16... O-O {[%clk 0:03:20.4]} 17. Ne7+ {[%clk 0:03:19.7]} 17... Kh8 {[%clk 0:03:16.6]} 18. d5 {[%clk 0:03:09.1]} 18... exd5 {[%clk 0:03:00.7]} 19. Nxd5 {[%clk 0:02:57.2]} 19... Nc6 {[%clk 0:02:56.2]} 20. Nb4 {[%clk 0:02:40.5]} 20... Qa4 {[%clk 0:02:45.3]} 21. Nxc6 {[%clk 0:02:35.5]} 21... Rae8 {[%clk 0:02:37.9]} 22. Qd2 {[%clk 0:02:23.6]} 22... Qa1# {[%clk 0:02:34.6]} 0-1
"
2025-11-07,1762525680,white,858,Hhhabc,860,0.0,Loss,Queens Pawn Opening Zukertort Variation 2...E6 3.Bf4 Bd6 4.Bg3,D02,https://www.chess.com/openings/Queens-Pawn-Opening-Zukertort-Variation-2...e6-3.Bf4-Bd6-4.Bg3,blitz,https://www.chess.com/game/live/145227601342,68,"[Event ""Live Chess""]
[Site ""Chess.com""]
[Date ""2025.11.07""]
[Round ""-""]
[White ""RhysLWells""]
[Black ""Hhhabc""]
[Result ""0-1""]
[CurrentPosition ""rnb2rk1/ppp2pp1/4p2p/3p4/3PP1P1/8/PPPN1Pq1/R2QK3 w Q - 0 13""]
[Timezone ""UTC""]
[ECO ""D02""]
[ECOUrl ""https://www.chess.com/openings/Queens-Pawn-Opening-Zukertort-Variation-2...e6-3.Bf4-Bd6-4.Bg3""]
[UTCDate ""2025.11.07""]
[UTCTime ""14:26:52""]
[WhiteElo ""858""]
[BlackElo ""860""]
[TimeControl ""300""]
[Termination ""Hhhabc won by resignation""]
[StartTime ""14:26:52""]
[EndDate ""2025.11.07""]
[EndTime ""14:28:00""]
[Link ""https://www.chess.com/game/live/145227601342""]

1. d4 {[%clk 0:04:59.5]} 1... d5 {[%clk 0:04:58.9]} 2. Nf3 {[%clk 0:04:58.1]} 2... e6 {[%clk 0:04:57.9]} 3. Bf4 {[%clk 0:04:57.6]} 3... Bd6 {[%clk 0:04:56.7]} 4. Bg3 {[%clk 0:04:50.6]} 4... Bxg3 {[%clk 0:04:55.4]} 5. hxg3 {[%clk 0:04:49.9]} 5... Nf6 {[%clk 0:04:54.8]} 6. Nbd2 {[%clk 0:04:43.8]} 6... h6 {[%clk 0:04:53.5]} 7. g4 {[%clk 0:04:39.5]} 7... Nxg4 {[%clk 0:04:52]} 8. Nh2 {[%clk 0:04:32.7]} 8... Nxh2 {[%clk 0:04:50.6]} 9. Rxh2 {[%clk 0:04:32]} 9... O-O {[%clk 0:04:49.5]} 10. g4 {[%clk 0:04:28.6]} 10... Qd6 {[%clk 0:04:43.6]} 11. e4 {[%clk 0:04:24]} 11... Qxh2 {[%clk 0:04:42]} 12. Bg2 {[%clk 0:04:21.8]} 12... Qxg2 {[%clk 0:04:40.2]} 0-1
"
2025-11-07,1762520686,black,866,t_zyn,870,1.0,Win,Queens Pawn Opening Horwitz Defense 2.Bf4,A40,https://www.chess.com/openings/Queens-Pawn-Opening-Horwitz-Defense-2.Bf4,blitz,https://www.chess.com/game/live/145224427502,415,"[Event ""Live Chess""]
[Site ""Chess.com""]
[Date ""2025.11.07""]
[Round ""-""]
[White ""t_zyn""]
[Black ""RhysLWells""]
[Result ""0-1""]
[CurrentPosition ""6k1/8/8/4P1p1/6K1/5P2/p7/8 b - - 1 43""]
[Timezone ""UTC""]
[ECO ""A40""]
[ECOUrl ""https://www.chess.com/openings/Queens-Pawn-Opening-Horwitz-Defense-2.Bf4""]
[UTCDate ""2025.11.07""]
[UTCTime ""12:57:51""]
[WhiteElo ""870""]
[BlackElo ""866""]
[TimeControl ""300""]
[Termination ""RhysLWells won by resignation""]
[StartTime ""12:57:51""]
[EndDate ""2025.11.07""]
[EndTime ""13:04:46""]
[Link ""https://www.chess.com/game/live/145224427502""]

1. d4 {[%clk 0:04:58.1]} 1... e6 {[%clk 0:04:58.6]} 2. Bf4 {[%clk 0:04:57.4]} 2... Nc6 {[%clk 0:04:57.6]} 3. e3 {[%clk 0:04:56.9]} 3... d5 {[%clk 0:04:56.5]} 4. Nf3 {[%clk 0:04:56.1]} 4... Nf6 {[%clk 0:04:52.1]} 5. Bd3 {[%clk 0:04:54.1]} 5... Bd6 {[%clk 0:04:47.2]} 6. c3 {[%clk 0:04:53]} 6... Ne4 {[%clk 0:04:45.3]} 7. Bxe4 {[%clk 0:04:50.2]} 7... dxe4 {[%clk 0:04:44.2]} 8. Ne5 {[%clk 0:04:48.7]} 8... Nxe5 {[%clk 0:04:40.8]} 9. Bxe5 {[%clk 0:04:47.3]} 9... Bxe5 {[%clk 0:04:38.8]} 10. dxe5 {[%clk 0:04:46.4]} 10... Qxd1+ {[%clk 0:04:38.4]} 11. Kxd1 {[%clk 0:04:45.9]} 11... O-O {[%clk 0:04:37.2]} 12. Ke2 {[%clk 0:04:44.9]} 12... f5 {[%clk 0:04:31.6]} 13. exf6 {[%clk 0:04:41]} 13... Rxf6 {[%clk 0:04:29.7]} 14. Nd2 {[%clk 0:04:40.6]} 14... Bd7 {[%clk 0:04:28]} 15. Nxe4 {[%clk 0:04:39.6]} 15... Rh6 {[%clk 0:04:19.3]} 16. Rad1 {[%clk 0:04:38.1]} 16... Bc6 {[%clk 0:04:12.7]} 17. Ng5 {[%clk 0:04:31.2]} 17... Bxg2 {[%clk 0:04:08.5]} 18. Rhg1 {[%clk 0:04:27.7]} 18... Bd5 {[%clk 0:04:04.5]} 19. f3 {[%clk 0:04:23.3]} 19... Bxa2 {[%clk 0:03:57.2]} 20. e4 {[%clk 0:04:18.4]} 20... e5 {[%clk 0:03:54.5]} 21. Rd7 {[%clk 0:04:09.6]} 21... Rxh2+ {[%clk 0:03:44.4]} 22. Ke3 {[%clk 0:04:07.1]} 22... Rxb2 {[%clk 0:03:32.7]} 23. Rxc7 {[%clk 0:04:01.6]} 23... Rb3 {[%clk 0:03:27.7]} 24. Ne6 {[%clk 0:03:56.3]} 24... g6 {[%clk 0:03:02.6]} 25. Ng5 {[%clk 0:03:49.9]} 25... h6 {[%clk 0:02:40.9]} 26. Nh3 {[%clk 0:03:42.5]} 26... g5 {[%clk 0:02:32]} 27. Nf2 {[%clk 0:03:35.6]} 27... b5 {[%clk 0:02:25.9]} 28. Ng4 {[%clk 0:03:33.5]} 28... b4 {[%clk 0:02:20.5]} 29. Nxe5 {[%clk 0:03:28.9]} 29... bxc3 {[%clk 0:02:17.1]} 30. Nd3 {[%clk 0:03:12.3]} 30... c2 {[%clk 0:02:12.2]} 31. Rxc2 {[%clk 0:03:09.5]} 31... Rd8 {[%clk 0:01:58.5]} 32. Rd1 {[%clk 0:03:00.4]} 32... Rbxd3+ {[%clk 0:01:25.4]} 33. Rxd3 {[%clk 0:02:58.1]} 33... Rxd3+ {[%clk 0:01:11.1]} 34. Kxd3 {[%clk 0:02:56.3]} 34... Bb1 {[%clk 0:01:10.1]} 35. Kc3 {[%clk 0:02:46.3]} 35... Bxc2 {[%clk 0:01:08.7]} 36. Kxc2 {[%clk 0:02:45.6]} 36... h5 {[%clk 0:01:08.2]} 37. Kd3 {[%clk 0:02:44.3]} 37... h4 {[%clk 0:01:07.4]} 38. Ke3 {[%clk 0:02:43.5]} 38... h3 {[%clk 0:01:06.4]} 39. Kf2 {[%clk 0:02:42.8]} 39... a5 {[%clk 0:01:02.8]} 40. Kg3 {[%clk 0:02:41.7]} 40... a4 {[%clk 0:00:57.2]} 41. e5 {[%clk 0:02:40.8]} 41... a3 {[%clk 0:00:55.7]} 42. Kxh3 {[%clk 0:02:36.7]} 42... a2 {[%clk 0:00:54.6]} 43. Kg4 {[%clk 0:02:36]} 0-1
"
2025-11-07,1762508214,black,858,spotcheetah,897,0.0,Loss,Three Knights Opening 3...Bc5,C46,https://www.chess.com/openings/Three-Knights-Opening-3...Bc5,blitz,https://www.chess.com/game/live/145218117198,508,"[Event ""Live Chess""]
[Site ""Chess.com""]
[Date ""2025.11.07""]
[Round ""-""]
[White ""spotcheetah""]
[Black ""RhysLWells""]
[Result ""1-0""]
[CurrentPosition ""2r5/6Q1/p3bpk1/2NP4/KP4p1/5r2/P7/R7 b - - 0 39""]
[Timezone ""UTC""]
[ECO ""C46""]
[ECOUrl ""https://www.chess.com/openings/Three-Knights-Opening-3...Bc5""]
[UTCDate ""2025.11.07""]
[UTCTime ""09:28:26""]
[WhiteElo ""897""]
[BlackElo ""858""]
[TimeControl ""300""]
[Termination ""spotcheetah won on time""]
[StartTime ""09:28:26""]
[EndDate ""2025.11.07""]
[EndTime ""09:36:54""]
[Link ""https://www.chess.com/game/live/145218117198""]

1. e4 {[%clk 0:04:59.9]} 1... e5 {[%clk 0:04:57.1]} 2. Nc3 {[%clk 0:04:58.6]} 2... Nc6 {[%clk 0:04:55.8]} 3. Nf3 {[%clk 0:04:57.1]} 3... Bc5 {[%clk 0:04:54.1]} 4. Bb5 {[%clk 0:04:56.2]} 4... f6 {[%clk 0:04:49.4]} 5. d3 {[%clk 0:04:54.1]} 5... a6 {[%clk 0:04:48.3]} 6. Bxc6 {[%clk 0:04:53.1]} 6... bxc6 {[%clk 0:04:47.2]} 7. O-O {[%clk 0:04:51.6]} 7... d5 {[%clk 0:04:41.8]} 8. exd5 {[%clk 0:04:37.2]} 8... cxd5 {[%clk 0:04:30.7]} 9. d4 {[%clk 0:04:35.7]} 9... e4 {[%clk 0:04:02]} 10. Re1 {[%clk 0:04:33.5]} 10... Bb6 {[%clk 0:03:38.2]} 11. Bf4 {[%clk 0:04:11.1]} 11... Ne7 {[%clk 0:03:35.7]} 12. Nh4 {[%clk 0:03:59.3]} 12... Ng6 {[%clk 0:03:27.5]} 13. Nxg6 {[%clk 0:03:58]} 13... hxg6 {[%clk 0:03:19.4]} 14. Na4 {[%clk 0:03:45.7]} 14... Ba5 {[%clk 0:03:10.5]} 15. c3 {[%clk 0:03:41.6]} 15... c6 {[%clk 0:03:06.2]} 16. b4 {[%clk 0:03:37.4]} 16... Bc7 {[%clk 0:03:00.4]} 17. Bxc7 {[%clk 0:03:35.2]} 17... Qxc7 {[%clk 0:02:58.7]} 18. c4 {[%clk 0:03:34.4]} 18... Qxh2+ {[%clk 0:02:55.9]} 19. Kf1 {[%clk 0:03:33.5]} 19... Qh1+ {[%clk 0:02:47]} 20. Ke2 {[%clk 0:03:32.5]} 20... Bg4+ {[%clk 0:02:45.9]} 21. f3 {[%clk 0:03:29.7]} 21... exf3+ {[%clk 0:02:40.9]} 22. Kd3+ {[%clk 0:03:26]} 22... Qxe1 {[%clk 0:02:32]} 23. Qxe1+ {[%clk 0:03:24.6]} 23... Kf7 {[%clk 0:02:18.7]} 24. gxf3 {[%clk 0:03:23.5]} 24... Rh3 {[%clk 0:02:08.6]} 25. cxd5 {[%clk 0:03:20.2]} 25... cxd5 {[%clk 0:02:02.6]} 26. Kc3 {[%clk 0:03:04.2]} 26... Rxf3+ {[%clk 0:01:55.2]} 27. Kc2 {[%clk 0:03:02.3]} 27... Rc8+ {[%clk 0:01:44.5]} 28. Nc5 {[%clk 0:02:59.1]} 28... Bf5+ {[%clk 0:01:38.5]} 29. Kb2 {[%clk 0:02:54.2]} 29... g5 {[%clk 0:01:29.7]} 30. Qh1 {[%clk 0:02:38.9]} 30... Rf2+ {[%clk 0:01:16.5]} 31. Kb3 {[%clk 0:02:34.2]} 31... g4 {[%clk 0:00:37.6]} 32. Qxd5+ {[%clk 0:02:31.5]} 32... Kg6 {[%clk 0:00:30.9]} 33. Qb7 {[%clk 0:02:15.5]} 33... Rf3+ {[%clk 0:00:20.6]} 34. Kc4 {[%clk 0:02:14.1]} 34... Re8 {[%clk 0:00:17.3]} 35. Qc7 {[%clk 0:02:10.7]} 35... Be6+ {[%clk 0:00:10.1]} 36. d5 {[%clk 0:02:05.1]} 36... Rf4+ {[%clk 0:00:07.2]} 37. Kb3 {[%clk 0:02:02.9]} 37... Rf3+ {[%clk 0:00:05.2]} 38. Ka4 {[%clk 0:02:01.2]} 38... Rc8 {[%clk 0:00:00.4]} 39. Qxg7+ {[%clk 0:01:55.8]} 1-0
"
2025-11-06,1762460866,white,865,DalarnaDan,839,1.0,Win,London System 3...C5 4.C3 E6 5.E3,D02,https://www.chess.com/openings/London-System-3...c5-4.c3-e6-5.e3,blitz,https://www.chess.com/game/live/145200237852,443,"[Event ""Live Chess""]
[Site ""Chess.com""]
[Date ""2025.11.06""]
[Round ""-""]
[White ""RhysLWells""]
[Black ""DalarnaDan""]
[Result ""1-0""]
[CurrentPosition ""1k1r4/1p5p/p3p1p1/5p2/2P2P2/P4P1P/6P1/3BQ2K b - - 0 36""]
[Timezone ""UTC""]
[ECO ""D02""]
[ECOUrl ""https://www.chess.com/openings/London-System-3...c5-4.c3-e6-5.e3""]
[UTCDate ""2025.11.06""]
[UTCTime ""20:20:23""]
[WhiteElo ""865""]
[BlackElo ""839""]
[TimeControl ""300""]
[Termination ""RhysLWells won by resignation""]
[StartTime ""20:20:23""]
[EndDate ""2025.11.06""]
[EndTime ""20:27:46""]
[Link ""https://www.chess.com/game/live/145200237852""]

1. d4 {[%clk 0:04:57]} 1... d5 {[%clk 0:04:58.6]} 2. Nf3 {[%clk 0:04:54.4]} 2... e6 {[%clk 0:04:56.4]} 3. c3 {[%clk 0:04:51.5]} 3... c5 {[%clk 0:04:55.2]} 4. Bf4 {[%clk 0:04:45.6]} 4... Nf6 {[%clk 0:04:50.6]} 5. e3 {[%clk 0:04:38.9]} 5... c4 {[%clk 0:04:43.9]} 6. Nbd2 {[%clk 0:04:35]} 6... Bd6 {[%clk 0:04:39.5]} 7. Ne5 {[%clk 0:04:27.7]} 7... Ne4 {[%clk 0:04:35.4]} 8. Nxe4 {[%clk 0:04:20.3]} 8... dxe4 {[%clk 0:04:34.3]} 9. Nxc4 {[%clk 0:04:15.9]} 9... Bxf4 {[%clk 0:04:31.1]} 10. exf4 {[%clk 0:04:15.5]} 10... f5 {[%clk 0:04:29.8]} 11. Ne5 {[%clk 0:04:09.3]} 11... Nc6 {[%clk 0:04:28.4]} 12. Bb5 {[%clk 0:04:04.2]} 12... Bd7 {[%clk 0:04:23.2]} 13. Nxd7 {[%clk 0:04:02.2]} 13... Qxd7 {[%clk 0:04:22.3]} 14. Qh5+ {[%clk 0:03:54]} 14... g6 {[%clk 0:04:19.8]} 15. Qh6 {[%clk 0:03:41.9]} 15... O-O-O {[%clk 0:04:10.8]} 16. O-O {[%clk 0:03:36.1]} 16... a6 {[%clk 0:04:09.6]} 17. Be2 {[%clk 0:03:24.8]} 17... Ne7 {[%clk 0:04:03.2]} 18. f3 {[%clk 0:03:14.6]} 18... e3 {[%clk 0:03:59.8]} 19. Rfe1 {[%clk 0:03:09.9]} 19... Nd5 {[%clk 0:03:56.7]} 20. c4 {[%clk 0:02:41.7]} 20... Nb4 {[%clk 0:03:55.3]} 21. Red1 {[%clk 0:02:07.5]} 21... Kb8 {[%clk 0:03:44.2]} 22. a3 {[%clk 0:02:01.5]} 22... Nc2 {[%clk 0:03:42.6]} 23. Rac1 {[%clk 0:01:50.2]} 23... Nxd4 {[%clk 0:03:41.2]} 24. Bd3 {[%clk 0:01:38.5]} 24... Qc6 {[%clk 0:03:34.9]} 25. Re1 {[%clk 0:01:14.9]} 25... Nb3 {[%clk 0:03:30]} 26. Rcd1 {[%clk 0:01:05.8]} 26... Qb6 {[%clk 0:03:26]} 27. Bc2 {[%clk 0:00:59]} 27... e2+ {[%clk 0:03:24]} 28. Kh1 {[%clk 0:00:45.6]} 28... exd1=Q {[%clk 0:03:21.6]} 29. Bxd1 {[%clk 0:00:42.7]} 29... Nc5 {[%clk 0:03:06.9]} 30. Qg7 {[%clk 0:00:33.7]} 30... Qxb2 {[%clk 0:02:57.3]} 31. Qxb2 {[%clk 0:00:30.5]} 31... Nd3 {[%clk 0:02:54.7]} 32. Qe2 {[%clk 0:00:23.5]} 32... Nxe1 {[%clk 0:02:53.3]} 33. Qxe1 {[%clk 0:00:22.3]} 33... Rd6 {[%clk 0:02:40.8]} 34. Ba4 {[%clk 0:00:15.6]} 34... Rhd8 {[%clk 0:02:36.3]} 35. h3 {[%clk 0:00:15]} 35... Rd1 {[%clk 0:02:34.9]} 36. Bxd1 {[%clk 0:00:12.7]} 1-0
"
2025-11-06,1762460414,black,857,DalarnaDan,847,1.0,Win,Nimzowitsch Defense 2.D4 E6 3.Nf3 D5 4.E5,B00,https://www.chess.com/openings/Nimzowitsch-Defense-2.d4-e6-3.Nf3-d5-4.e5,blitz,https://www.chess.com/game/live/145200020178,402,"[Event ""Live Chess""]
[Site ""Chess.com""]
[Date ""2025.11.06""]
[Round ""-""]
[White ""DalarnaDan""]
[Black ""RhysLWells""]
[Result ""0-1""]
[CurrentPosition ""5rk1/2p2pp1/p3p2p/1p6/1P3P1P/n2P2P1/4K3/8 w - - 0 32""]
[Timezone ""UTC""]
[ECO ""B00""]
[ECOUrl ""https://www.chess.com/openings/Nimzowitsch-Defense-2.d4-e6-3.Nf3-d5-4.e5""]
[UTCDate ""2025.11.06""]
[UTCTime ""20:13:32""]
[WhiteElo ""847""]
[BlackElo ""857""]
[TimeControl ""300""]
[Termination ""RhysLWells won by resignation""]
[StartTime ""20:13:32""]
[EndDate ""2025.11.06""]
[EndTime ""20:20:14""]
[Link ""https://www.chess.com/game/live/145200020178""]

1. e4 {[%clk 0:04:59.7]} 1... e6 {[%clk 0:04:58.9]} 2. d4 {[%clk 0:04:58.6]} 2... d5 {[%clk 0:04:56.4]} 3. e5 {[%clk 0:04:57.4]} 3... Nc6 {[%clk 0:04:54.8]} 4. Nf3 {[%clk 0:04:55.9]} 4... h6 {[%clk 0:04:48.8]} 5. Nc3 {[%clk 0:04:50.3]} 5... Nge7 {[%clk 0:04:46.9]} 6. Be2 {[%clk 0:04:46.3]} 6... a6 {[%clk 0:04:44]} 7. Kf1 {[%clk 0:04:45]} 7... Nf5 {[%clk 0:04:38.9]} 8. Bd3 {[%clk 0:04:01]} 8... Nh4 {[%clk 0:04:28.6]} 9. Nxh4 {[%clk 0:03:57.4]} 9... Qxh4 {[%clk 0:04:26.2]} 10. g3 {[%clk 0:03:56.8]} 10... Qxd4 {[%clk 0:04:13.7]} 11. Be3 {[%clk 0:03:52.4]} 11... Qb4 {[%clk 0:04:02.5]} 12. Rb1 {[%clk 0:03:43.3]} 12... Nxe5 {[%clk 0:03:51.9]} 13. Kg2 {[%clk 0:03:33.5]} 13... d4 {[%clk 0:03:43.4]} 14. Bd2 {[%clk 0:03:25]} 14... dxc3 {[%clk 0:03:39.1]} 15. Bxc3 {[%clk 0:03:23.8]} 15... Qc5 {[%clk 0:03:30.5]} 16. b4 {[%clk 0:03:18.8]} 16... Qd5+ {[%clk 0:03:15]} 17. Kg1 {[%clk 0:03:14.7]} 17... Nf3+ {[%clk 0:03:08.8]} 18. Kf1 {[%clk 0:03:11.1]} 18... b5 {[%clk 0:02:54.6]} 19. Qe2 {[%clk 0:02:56.4]} 19... Bb7 {[%clk 0:02:42.2]} 20. Be4 {[%clk 0:02:50.5]} 20... Qxe4 {[%clk 0:02:19.7]} 21. Qxe4 {[%clk 0:02:47.8]} 21... Bxe4 {[%clk 0:02:18.9]} 22. Ke2 {[%clk 0:02:34.7]} 22... Ng5 {[%clk 0:02:08.2]} 23. h4 {[%clk 0:02:27.8]} 23... Bxh1 {[%clk 0:02:01.4]} 24. Rxh1 {[%clk 0:02:26.1]} 24... Ne4 {[%clk 0:01:58.8]} 25. Be5 {[%clk 0:02:22]} 25... Bd6 {[%clk 0:01:53.1]} 26. Bxd6 {[%clk 0:02:18.7]} 26... Nxd6 {[%clk 0:01:45.8]} 27. Rd1 {[%clk 0:02:14.9]} 27... Rd8 {[%clk 0:01:43]} 28. Rd3 {[%clk 0:02:12.4]} 28... O-O {[%clk 0:01:35]} 29. a3 {[%clk 0:02:07.9]} 29... Nc4 {[%clk 0:01:33.3]} 30. f4 {[%clk 0:02:02.2]} 30... Rxd3 {[%clk 0:01:30.2]} 31. cxd3 {[%clk 0:02:00.7]} 31... Nxa3 {[%clk 0:01:28]} 0-1
"
2025-11-06,1762460007,black,849,lllArthurlll,822,1.0,Win,Nimzowitsch Defense 2.D4 E6 3.Nf3 D5 4.E5,B00,https://www.chess.com/openings/Nimzowitsch-Defense-2.d4-e6-3.Nf3-d5-4.e5,blitz,https://www.chess.com/game/live/145199874888,268,"[Event ""Live Chess""]
[Site ""Chess.com""]
[Date ""2025.11.06""]
[Round ""-""]
[White ""lllArthurlll""]
[Black ""RhysLWells""]
[Result ""0-1""]
[CurrentPosition ""7r/3k3p/2p1p2p/r2pPp2/3P3q/b1P2B1P/Q4PP1/5bK1 w - - 0 22""]
[Timezone ""UTC""]
[ECO ""B00""]
[ECOUrl ""https://www.chess.com/openings/Nimzowitsch-Defense-2.d4-e6-3.Nf3-d5-4.e5""]
[UTCDate ""2025.11.06""]
[UTCTime ""20:08:59""]
[WhiteElo ""822""]
[BlackElo ""849""]
[TimeControl ""300""]
[Termination ""RhysLWells won by resignation""]
[StartTime ""20:08:59""]
[EndDate ""2025.11.06""]
[EndTime ""20:13:27""]
[Link ""https://www.chess.com/game/live/145199874888""]

1. e4 {[%clk 0:04:57.8]} 1... e6 {[%clk 0:04:59.1]} 2. d4 {[%clk 0:04:56]} 2... d5 {[%clk 0:04:58.5]} 3. e5 {[%clk 0:04:55.5]} 3... Nc6 {[%clk 0:04:56.6]} 4. Nf3 {[%clk 0:04:54.6]} 4... f6 {[%clk 0:04:55.1]} 5. Be2 {[%clk 0:04:44.3]} 5... a5 {[%clk 0:04:44.8]} 6. O-O {[%clk 0:04:43]} 6... Na7 {[%clk 0:04:40.1]} 7. c3 {[%clk 0:04:37.8]} 7... b5 {[%clk 0:04:38.1]} 8. Nbd2 {[%clk 0:04:13.4]} 8... b4 {[%clk 0:04:34.2]} 9. h3 {[%clk 0:04:01.5]} 9... Nh6 {[%clk 0:04:21.2]} 10. Nb3 {[%clk 0:03:58.6]} 10... c6 {[%clk 0:04:16.2]} 11. Bxh6 {[%clk 0:03:57.5]} 11... gxh6 {[%clk 0:04:13.2]} 12. Nh4 {[%clk 0:03:54.3]} 12... f5 {[%clk 0:04:05]} 13. Bh5+ {[%clk 0:03:53]} 13... Kd7 {[%clk 0:03:59.1]} 14. a3 {[%clk 0:03:45.1]} 14... Qxh4 {[%clk 0:03:52.2]} 15. Bf3 {[%clk 0:03:27.6]} 15... bxc3 {[%clk 0:03:39.9]} 16. bxc3 {[%clk 0:03:25.2]} 16... Nb5 {[%clk 0:03:36.4]} 17. Qd3 {[%clk 0:03:15.9]} 17... Ba6 {[%clk 0:03:31.3]} 18. Qd2 {[%clk 0:03:04]} 18... Nxa3 {[%clk 0:03:21.2]} 19. Nxa5 {[%clk 0:02:41]} 19... Bxf1 {[%clk 0:03:16.1]} 20. Rxa3 {[%clk 0:02:39.7]} 20... Bxa3 {[%clk 0:03:12.8]} 21. Qa2 {[%clk 0:02:33.6]} 21... Rxa5 {[%clk 0:03:09.4]} 0-1
"
2025-11-06,1762459168,white,841,newchessanalysis,840,0.0,Loss,Queens Pawn Opening Zukertort Chigorin Variation 3.E3,D02,https://www.chess.com/openings/Queens-Pawn-Opening-Zukertort-Chigorin-Variation-3.e3,blitz,https://www.chess.com/game/live/145199344004,413,"[Event ""Live Chess""]
[Site ""Chess.com""]
[Date ""2025.11.06""]
[Round ""-""]
[White ""RhysLWells""]
[Black ""newchessanalysis""]
[Result ""0-1""]
[CurrentPosition ""2k1r3/p1p1qp2/2Q5/8/2Nr4/4P2P/PP3KP1/R1B5 w - - 0 23""]
[Timezone ""UTC""]
[ECO ""D02""]
[ECOUrl ""https://www.chess.com/openings/Queens-Pawn-Opening-Zukertort-Chigorin-Variation-3.e3""]
[UTCDate ""2025.11.06""]
[UTCTime ""19:52:35""]
[WhiteElo ""841""]
[BlackElo ""840""]
[TimeControl ""300""]
[Termination ""newchessanalysis won - game abandoned""]
[StartTime ""19:52:35""]
[EndDate ""2025.11.06""]
[EndTime ""19:59:28""]
[Link ""https://www.chess.com/game/live/145199344004""]

1. d4 {[%clk 0:04:58.8]} 1... d5 {[%clk 0:04:59]} 2. Nf3 {[%clk 0:04:56.8]} 2... Nc6 {[%clk 0:04:58.5]} 3. e3 {[%clk 0:04:55.7]} 3... Nf6 {[%clk 0:04:57]} 4. c3 {[%clk 0:04:51.4]} 4... Bg4 {[%clk 0:04:48.7]} 5. h3 {[%clk 0:04:50.1]} 5... Bxf3 {[%clk 0:04:40.6]} 6. Qxf3 {[%clk 0:04:47.6]} 6... e5 {[%clk 0:04:34.4]} 7. Be2 {[%clk 0:04:31.2]} 7... e4 {[%clk 0:04:17.8]} 8. Qf4 {[%clk 0:04:21.5]} 8... Bd6 {[%clk 0:04:14.5]} 9. Qg5 {[%clk 0:04:18.3]} 9... h6 {[%clk 0:04:02.9]} 10. Qxg7 {[%clk 0:04:11.8]} 10... Rf8 {[%clk 0:04:01.5]} 11. f4 {[%clk 0:03:48.7]} 11... exf3 {[%clk 0:03:46.3]} 12. Bxf3 {[%clk 0:03:41.4]} 12... Rg8 {[%clk 0:03:31.1]} 13. Qxh6 {[%clk 0:03:30.8]} 13... Bg3+ {[%clk 0:03:29.3]} 14. Ke2 {[%clk 0:03:22.4]} 14... Ne4 {[%clk 0:03:07.7]} 15. Nd2 {[%clk 0:03:04.9]} 15... Nf2 {[%clk 0:02:41.5]} 16. Rf1 {[%clk 0:02:50.9]} 16... Qe7 {[%clk 0:02:28.1]} 17. Rxf2 {[%clk 0:02:46.1]} 17... Bxf2 {[%clk 0:02:27.1]} 18. Kxf2 {[%clk 0:02:43]} 18... O-O-O {[%clk 0:02:26.6]} 19. c4 {[%clk 0:02:32.6]} 19... dxc4 {[%clk 0:02:21.2]} 20. Nxc4 {[%clk 0:02:28.9]} 20... Rge8 {[%clk 0:02:03.7]} 21. Bxc6 {[%clk 0:02:22.5]} 21... bxc6 {[%clk 0:01:58.6]} 22. Qxc6 {[%clk 0:02:18.1]} 22... Rxd4 {[%clk 0:01:29.5]} 0-1
"
2025-11-06,1762456853,white,849,Jd7840,878,0.0,Loss,Englund Gambit 2.Dxe5 Nc6,A40,https://www.chess.com/openings/Englund-Gambit-2.dxe5-Nc6,blitz,https://www.chess.com/game/live/145198122700,303,"[Event ""Live Chess""]
[Site ""Chess.com""]
[Date ""2025.11.06""]
[Round ""-""]
[White ""RhysLWells""]
[Black ""Jd7840""]
[Result ""0-1""]
[CurrentPosition ""5k2/r4Bpp/2np1n2/8/4P3/KP3P1P/2r2P2/7R w - - 0 26""]
[Timezone ""UTC""]
[ECO ""A40""]
[ECOUrl ""https://www.chess.com/openings/Englund-Gambit-2.dxe5-Nc6""]
[UTCDate ""2025.11.06""]
[UTCTime ""19:15:50""]
[WhiteElo ""849""]
[BlackElo ""878""]
[TimeControl ""300""]
[Termination ""Jd7840 won by checkmate""]
[StartTime ""19:15:50""]
[EndDate ""2025.11.06""]
[EndTime ""19:20:53""]
[Link ""https://www.chess.com/game/live/145198122700""]

1. d4 {[%clk 0:04:59.4]} 1... e5 {[%clk 0:04:59.4]} 2. dxe5 {[%clk 0:04:53.8]} 2... Nc6 {[%clk 0:04:58.7]} 3. Bf4 {[%clk 0:04:46.5]} 3... d5 {[%clk 0:04:57.9]} 4. exd6 {[%clk 0:04:44.1]} 4... Bxd6 {[%clk 0:04:55.6]} 5. Bxd6 {[%clk 0:04:41.1]} 5... Qxd6 {[%clk 0:04:54.9]} 6. Qxd6 {[%clk 0:04:38.5]} 6... cxd6 {[%clk 0:04:54.2]} 7. Nc3 {[%clk 0:04:35.2]} 7... Nb4 {[%clk 0:04:53.4]} 8. O-O-O {[%clk 0:04:33]} 8... Be6 {[%clk 0:04:52.1]} 9. b3 {[%clk 0:04:30.2]} 9... Nf6 {[%clk 0:04:48]} 10. Nf3 {[%clk 0:04:24.9]} 10... a5 {[%clk 0:04:45.7]} 11. e3 {[%clk 0:04:17.3]} 11... a4 {[%clk 0:04:37.3]} 12. Bb5+ {[%clk 0:04:15.4]} 12... Ke7 {[%clk 0:04:33.3]} 13. Nxa4 {[%clk 0:04:13.3]} 13... Nxa2+ {[%clk 0:04:30.1]} 14. Kb2 {[%clk 0:04:03.9]} 14... Nb4 {[%clk 0:04:25.7]} 15. Nc3 {[%clk 0:03:49.2]} 15... Bg4 {[%clk 0:04:12.9]} 16. Ra1 {[%clk 0:03:40.7]} 16... Rac8 {[%clk 0:04:09.2]} 17. Ra7 {[%clk 0:03:01]} 17... Rc7 {[%clk 0:03:59.3]} 18. h3 {[%clk 0:02:47.8]} 18... Bxf3 {[%clk 0:03:56.6]} 19. gxf3 {[%clk 0:02:46.8]} 19... Rhc8 {[%clk 0:03:55.5]} 20. e4 {[%clk 0:02:35.2]} 20... Rxc3 {[%clk 0:03:51.9]} 21. Rxb7+ {[%clk 0:02:31.5]} 21... Kf8 {[%clk 0:03:50.3]} 22. Bc4 {[%clk 0:02:12.7]} 22... Rxc2+ {[%clk 0:03:46.3]} 23. Ka3 {[%clk 0:02:09.7]} 23... Nc6 {[%clk 0:03:31.8]} 24. Bxf7 {[%clk 0:02:02.9]} 24... Ra8+ {[%clk 0:03:26.1]} 25. Ra7 {[%clk 0:01:49.7]} 25... Rxa7# {[%clk 0:03:24.3]} 0-1
"
2025-11-06,1762454041,black,857,Rifff07,862,0.0,Loss,Kings Pawn Opening 1...E5,C20,https://www.chess.com/openings/Kings-Pawn-Opening-1...e5,blitz,https://www.chess.com/game/live/145196333244,606,"[Event ""Live Chess""]
[Site ""Chess.com""]
[Date ""2025.11.06""]
[Round ""-""]
[White ""Rifff07""]
[Black ""RhysLWells""]
[Result ""1-0""]
[CurrentPosition ""5rk1/8/p7/8/7P/P6Q/2P1RP2/4K3 b - - 0 47""]
[Timezone ""UTC""]
[ECO ""C20""]
[ECOUrl ""https://www.chess.com/openings/Kings-Pawn-Opening-1...e5""]
[UTCDate ""2025.11.06""]
[UTCTime ""18:23:55""]
[WhiteElo ""862""]
[BlackElo ""857""]
[TimeControl ""300""]
[Termination ""Rifff07 won on time""]
[StartTime ""18:23:55""]
[EndDate ""2025.11.06""]
[EndTime ""18:34:01""]
[Link ""https://www.chess.com/game/live/145196333244""]

1. e4 {[%clk 0:04:57.8]} 1... e5 {[%clk 0:04:58.9]} 2. Qh5 {[%clk 0:04:56.8]} 2... Nc6 {[%clk 0:04:56.8]} 3. Bc4 {[%clk 0:04:56]} 3... g6 {[%clk 0:04:51.1]} 4. Qf3 {[%clk 0:04:54.5]} 4... f6 {[%clk 0:04:48.4]} 5. Nc3 {[%clk 0:04:48.4]} 5... Nd4 {[%clk 0:04:43.8]} 6. Qd1 {[%clk 0:04:47.2]} 6... a6 {[%clk 0:04:41.1]} 7. Nf3 {[%clk 0:04:44.1]} 7... b5 {[%clk 0:04:32.2]} 8. Bd3 {[%clk 0:04:37.5]} 8... Ne6 {[%clk 0:04:26.6]} 9. Be2 {[%clk 0:04:26.6]} 9... Bb7 {[%clk 0:04:24]} 10. d3 {[%clk 0:04:23.9]} 10... Bc5 {[%clk 0:04:14.5]} 11. a3 {[%clk 0:04:14.5]} 11... d5 {[%clk 0:04:06.6]} 12. exd5 {[%clk 0:04:10.7]} 12... Nd4 {[%clk 0:03:51.8]} 13. Nxd4 {[%clk 0:04:06.9]} 13... Bxd4 {[%clk 0:03:49.5]} 14. Bd2 {[%clk 0:03:36.4]} 14... Bxc3 {[%clk 0:03:48.1]} 15. Bxc3 {[%clk 0:03:35.2]} 15... Bxd5 {[%clk 0:03:47]} 16. O-O {[%clk 0:03:30.9]} 16... Ne7 {[%clk 0:03:40.5]} 17. Bf3 {[%clk 0:03:29.3]} 17... O-O {[%clk 0:03:36.4]} 18. Bxd5+ {[%clk 0:03:24.1]} 18... Nxd5 {[%clk 0:03:34.4]} 19. Qf3 {[%clk 0:03:21.6]} 19... Nxc3 {[%clk 0:03:29.8]} 20. bxc3 {[%clk 0:03:20.5]} 20... Qd7 {[%clk 0:03:14.7]} 21. d4 {[%clk 0:03:17.7]} 21... Rae8 {[%clk 0:03:06.2]} 22. Rad1 {[%clk 0:03:13.3]} 22... e4 {[%clk 0:03:03.7]} 23. Qg3 {[%clk 0:03:09.7]} 23... Re7 {[%clk 0:02:56.3]} 24. d5 {[%clk 0:02:51.5]} 24... Rfe8 {[%clk 0:02:47]} 25. d6 {[%clk 0:02:47.2]} 25... cxd6 {[%clk 0:02:42.6]} 26. Rxd6 {[%clk 0:02:44.7]} 26... Qa7 {[%clk 0:02:29.1]} 27. Rxf6 {[%clk 0:02:40.3]} 27... e3 {[%clk 0:02:24.2]} 28. h3 {[%clk 0:02:06.4]} 28... e2 {[%clk 0:02:15]} 29. Re1 {[%clk 0:02:03.7]} 29... Rf7 {[%clk 0:02:06]} 30. Rxg6+ {[%clk 0:01:57.6]} 30... hxg6 {[%clk 0:02:01.7]} 31. Qxg6+ {[%clk 0:01:55.8]} 31... Rg7 {[%clk 0:01:58.3]} 32. Qd3 {[%clk 0:01:50.9]} 32... Qb7 {[%clk 0:01:49.1]} 33. g3 {[%clk 0:01:44]} 33... Qc8 {[%clk 0:01:31]} 34. h4 {[%clk 0:01:33.7]} 34... Qh3 {[%clk 0:01:10.8]} 35. Qd5+ {[%clk 0:01:31.5]} 35... Kh8 {[%clk 0:01:05.6]} 36. Qh5+ {[%clk 0:01:19.7]} 36... Kg8 {[%clk 0:00:51.7]} 37. Qd5+ {[%clk 0:01:17.7]} 37... Qe6 {[%clk 0:00:46.6]} 38. Qd3 {[%clk 0:01:13.4]} 38... Qf7 {[%clk 0:00:31]} 39. c4 {[%clk 0:01:08.9]} 39... bxc4 {[%clk 0:00:29.1]} 40. Qd2 {[%clk 0:00:57.1]} 40... c3 {[%clk 0:00:26.4]} 41. Qxc3 {[%clk 0:00:53.4]} 41... Rf8 {[%clk 0:00:25.8]} 42. Rxe2 {[%clk 0:00:48.4]} 42... Rxg3+ {[%clk 0:00:19.1]} 43. Qxg3+ {[%clk 0:00:41.5]} 43... Kh8 {[%clk 0:00:16.2]} 44. Qc3+ {[%clk 0:00:34.9]} 44... Kg8 {[%clk 0:00:12.7]} 45. Kf1 {[%clk 0:00:33.4]} 45... Qd7 {[%clk 0:00:05.3]} 46. Ke1 {[%clk 0:00:27.4]} 46... Qh3 {[%clk 0:00:01.6]} 47. Qxh3 {[%clk 0:00:22.6]} 1-0
"
2025-11-05,1762361124,white,865,KidVuk,887,0.0,Loss,Queens Pawn Opening Zukertort Variation 2...Bf5 3.Bf4 E6,D02,https://www.chess.com/openings/Queens-Pawn-Opening-Zukertort-Variation-2...Bf5-3.Bf4-e6,blitz,https://www.chess.com/game/live/145153108964,539,"[Event ""Live Chess""]
[Site ""Chess.com""]
[Date ""2025.11.05""]
[Round ""-""]
[White ""RhysLWells""]
[Black ""KidVuk""]
[Result ""0-1""]
[CurrentPosition ""6k1/6p1/8/p5R1/3p4/1P1K4/P6r/8 w - - 2 47""]
[Timezone ""UTC""]
[ECO ""D02""]
[ECOUrl ""https://www.chess.com/openings/Queens-Pawn-Opening-Zukertort-Variation-2...Bf5-3.Bf4-e6""]
[UTCDate ""2025.11.05""]
[UTCTime ""16:36:25""]
[WhiteElo ""865""]
[BlackElo ""887""]
[TimeControl ""300""]
[Termination ""KidVuk won on time""]
[StartTime ""16:36:25""]
[EndDate ""2025.11.05""]
[EndTime ""16:45:24""]
[Link ""https://www.chess.com/game/live/145153108964""]

1. d4 {[%clk 0:04:58.5]} 1... d5 {[%clk 0:04:57.9]} 2. Nf3 {[%clk 0:04:57]} 2... Bf5 {[%clk 0:04:55.7]} 3. Bf4 {[%clk 0:04:56]} 3... e6 {[%clk 0:04:51.8]} 4. h3 {[%clk 0:04:54.6]} 4... Nf6 {[%clk 0:04:50.1]} 5. e3 {[%clk 0:04:51.9]} 5... Bd6 {[%clk 0:04:46.5]} 6. g4 {[%clk 0:04:48.5]} 6... Be4 {[%clk 0:04:44.5]} 7. Bg5 {[%clk 0:04:41.1]} 7... h6 {[%clk 0:04:34.9]} 8. Bxf6 {[%clk 0:04:36]} 8... Qxf6 {[%clk 0:04:33.1]} 9. Be2 {[%clk 0:04:26.5]} 9... Nc6 {[%clk 0:04:29.8]} 10. Rg1 {[%clk 0:04:18]} 10... Nb4 {[%clk 0:04:27.6]} 11. Na3 {[%clk 0:03:57.8]} 11... Nc6 {[%clk 0:04:08.4]} 12. Nd2 {[%clk 0:03:32.5]} 12... Bg6 {[%clk 0:04:00.3]} 13. f4 {[%clk 0:03:27.8]} 13... Bxf4 {[%clk 0:03:46.7]} 14. exf4 {[%clk 0:03:20.5]} 14... Qxf4 {[%clk 0:03:45]} 15. Rf1 {[%clk 0:03:15.9]} 15... Qg3+ {[%clk 0:03:40.4]} 16. Rf2 {[%clk 0:03:13.6]} 16... Nxd4 {[%clk 0:03:34.1]} 17. Nf3 {[%clk 0:02:58.3]} 17... Nxe2 {[%clk 0:03:22]} 18. Qxe2 {[%clk 0:02:53.2]} 18... Qxh3 {[%clk 0:03:18.9]} 19. Ne5 {[%clk 0:02:41.1]} 19... Qh1+ {[%clk 0:03:05.4]} 20. Rf1 {[%clk 0:02:38.1]} 20... Qh4+ {[%clk 0:02:57.7]} 21. Rf2 {[%clk 0:02:25]} 21... Qg5 {[%clk 0:02:49.5]} 22. Nxg6 {[%clk 0:02:16.7]} 22... Qxg6 {[%clk 0:02:46.4]} 23. O-O-O {[%clk 0:02:03.2]} 23... O-O {[%clk 0:02:40.2]} 24. Rg1 {[%clk 0:01:46.8]} 24... c5 {[%clk 0:02:32.2]} 25. g5 {[%clk 0:01:34.7]} 25... hxg5 {[%clk 0:02:30.5]} 26. Rh2 {[%clk 0:01:24.8]} 26... f5 {[%clk 0:02:27.9]} 27. Qh5 {[%clk 0:01:18.3]} 27... Qxh5 {[%clk 0:02:24.7]} 28. Rxh5 {[%clk 0:01:17.4]} 28... a6 {[%clk 0:02:14.8]} 29. Rgxg5 {[%clk 0:01:14.3]} 29... b5 {[%clk 0:02:10.7]} 30. b3 {[%clk 0:01:10]} 30... b4 {[%clk 0:02:07.8]} 31. Nb1 {[%clk 0:01:08.2]} 31... a5 {[%clk 0:02:05.6]} 32. c3 {[%clk 0:00:59.9]} 32... bxc3 {[%clk 0:02:03.4]} 33. Nxc3 {[%clk 0:00:58.8]} 33... Rf6 {[%clk 0:02:02.4]} 34. Rg1 {[%clk 0:00:48.9]} 34... d4 {[%clk 0:01:56.8]} 35. Nb5 {[%clk 0:00:41.8]} 35... Raf8 {[%clk 0:01:51.4]} 36. Nd6 {[%clk 0:00:36]} 36... f4 {[%clk 0:01:46]} 37. Rxc5 {[%clk 0:00:31.5]} 37... f3 {[%clk 0:01:44.1]} 38. Ne4 {[%clk 0:00:24.7]} 38... Rf4 {[%clk 0:01:41.1]} 39. Nf2 {[%clk 0:00:16.4]} 39... Rh4 {[%clk 0:01:37.1]} 40. Rg4 {[%clk 0:00:11.5]} 40... Rh2 {[%clk 0:01:33.1]} 41. Rc2 {[%clk 0:00:08.2]} 41... e5 {[%clk 0:01:28.8]} 42. Rg5 {[%clk 0:00:05.2]} 42... e4 {[%clk 0:01:25]} 43. Nxe4 {[%clk 0:00:04]} 43... Rxc2+ {[%clk 0:01:23.1]} 44. Kxc2 {[%clk 0:00:03.1]} 44... f2 {[%clk 0:01:22.2]} 45. Nxf2 {[%clk 0:00:02.1]} 45... Rxf2+ {[%clk 0:01:21.4]} 46. Kd3 {[%clk 0:00:00.1]} 46... Rh2 {[%clk 0:01:17.1]} 0-1
"
2025-11-05,1762360583,black,873,noma0,895,0.0,Loss,Englund Gambit 2.Dxe5 Nc6 3.Nf3,A40,https://www.chess.com/openings/Englund-Gambit-2.dxe5-Nc6-3.Nf3,blitz,https://www.chess.com/game/live/145152922124,301,"[Event ""Live Chess""]
[Site ""Chess.com""]
[Date ""2025.11.05""]
[Round ""-""]
[White ""noma0""]
[Black ""RhysLWells""]
[Result ""1-0""]
[CurrentPosition ""8/8/8/8/6RB/6K1/6P1/1Q5k b - - 2 48""]
[Timezone ""UTC""]
[ECO ""A40""]
[ECOUrl ""https://www.chess.com/openings/Englund-Gambit-2.dxe5-Nc6-3.Nf3""]
[UTCDate ""2025.11.05""]
[UTCTime ""16:31:22""]
[WhiteElo ""895""]
[BlackElo ""873""]
[TimeControl ""300""]
[Termination ""noma0 won by checkmate""]
[StartTime ""16:31:22""]
[EndDate ""2025.11.05""]
[EndTime ""16:36:23""]
[Link ""https://www.chess.com/game/live/145152922124""]

1. d4 {[%clk 0:04:58.6]} 1... e5 {[%clk 0:04:59.4]} 2. dxe5 {[%clk 0:04:57.4]} 2... Nc6 {[%clk 0:04:58.7]} 3. Nf3 {[%clk 0:04:56.2]} 3... d6 {[%clk 0:04:55]} 4. exd6 {[%clk 0:04:54.6]} 4... Bxd6 {[%clk 0:04:53.6]} 5. Nc3 {[%clk 0:04:53.6]} 5... Bb4 {[%clk 0:04:47.3]} 6. Bd2 {[%clk 0:04:49.2]} 6... Bxc3 {[%clk 0:04:43]} 7. Bxc3 {[%clk 0:04:47.9]} 7... Qxd1+ {[%clk 0:04:41.5]} 8. Rxd1 {[%clk 0:04:47.8]} 8... Be6 {[%clk 0:04:38.2]} 9. e4 {[%clk 0:04:43.2]} 9... Bxa2 {[%clk 0:04:36.2]} 10. b3 {[%clk 0:04:41.8]} 10... Rd8 {[%clk 0:04:30.4]} 11. Be2 {[%clk 0:04:35.6]} 11... Rxd1+ {[%clk 0:04:28.4]} 12. Bxd1 {[%clk 0:04:34.5]} 12... Nge7 {[%clk 0:04:19.1]} 13. O-O {[%clk 0:04:33.1]} 13... O-O {[%clk 0:04:17.1]} 14. Be2 {[%clk 0:04:31]} 14... Ng6 {[%clk 0:04:07.2]} 15. Ra1 {[%clk 0:04:27.5]} 15... Bxb3 {[%clk 0:04:04]} 16. cxb3 {[%clk 0:04:26]} 16... Nf4 {[%clk 0:03:58.9]} 17. Kf1 {[%clk 0:04:21.9]} 17... a6 {[%clk 0:03:55.6]} 18. Ne5 {[%clk 0:04:17]} 18... Nxe5 {[%clk 0:03:48.9]} 19. Bxe5 {[%clk 0:04:15.5]} 19... c6 {[%clk 0:03:45.6]} 20. Bxf4 {[%clk 0:04:13.7]} 20... Re8 {[%clk 0:03:44]} 21. f3 {[%clk 0:04:09.5]} 21... h6 {[%clk 0:03:42]} 22. Rd1 {[%clk 0:04:04.4]} 22... g5 {[%clk 0:03:39.2]} 23. Be3 {[%clk 0:04:00.2]} 23... Kg7 {[%clk 0:03:33.3]} 24. Rd7 {[%clk 0:03:48.5]} 24... b5 {[%clk 0:03:29]} 25. Rc7 {[%clk 0:03:40.5]} 25... Re6 {[%clk 0:03:25.4]} 26. Ra7 {[%clk 0:03:38.3]} 26... a5 {[%clk 0:03:10.3]} 27. Rxa5 {[%clk 0:03:36.7]} 27... Kg6 {[%clk 0:03:05.6]} 28. h3 {[%clk 0:03:23.9]} 28... f5 {[%clk 0:03:04.3]} 29. Kf2 {[%clk 0:03:20.9]} 29... fxe4 {[%clk 0:03:03.1]} 30. fxe4 {[%clk 0:03:18.3]} 30... Rxe4 {[%clk 0:03:02.1]} 31. Bd3 {[%clk 0:03:12.8]} 31... Kf5 {[%clk 0:02:57.8]} 32. Bxe4+ {[%clk 0:03:11.4]} 32... Kxe4 {[%clk 0:02:56.7]} 33. Bc5 {[%clk 0:03:07.1]} 33... h5 {[%clk 0:02:52.8]} 34. Ra6 {[%clk 0:03:05]} 34... Kd5 {[%clk 0:02:46.6]} 35. Be7 {[%clk 0:03:02.2]} 35... g4 {[%clk 0:02:41.3]} 36. hxg4 {[%clk 0:03:02.1]} 36... hxg4 {[%clk 0:02:40.4]} 37. Kg3 {[%clk 0:03:00.8]} 37... Ke6 {[%clk 0:02:39.2]} 38. Bh4 {[%clk 0:02:57.7]} 38... Kf5 {[%clk 0:02:37]} 39. Rxc6 {[%clk 0:02:55.5]} 39... b4 {[%clk 0:02:34.5]} 40. Rb6 {[%clk 0:02:53.5]} 40... Ke4 {[%clk 0:02:32.3]} 41. Rxb4+ {[%clk 0:02:51.3]} 41... Kd3 {[%clk 0:02:30.9]} 42. Rxg4 {[%clk 0:02:51.2]} 42... Kc3 {[%clk 0:02:29.8]} 43. b4 {[%clk 0:02:50.5]} 43... Kd3 {[%clk 0:02:27.9]} 44. b5 {[%clk 0:02:49.8]} 44... Ke2 {[%clk 0:02:27.3]} 45. b6 {[%clk 0:02:48.2]} 45... Kf1 {[%clk 0:02:26.4]} 46. b7 {[%clk 0:02:48.1]} 46... Kg1 {[%clk 0:02:25.2]} 47. b8=Q {[%clk 0:02:48]} 47... Kh1 {[%clk 0:02:24.2]} 48. Qb1# {[%clk 0:02:45.5]} 1-0
"
2025-11-05,1762360274,white,881,yasssssslll,895,0.0,Loss,Colle System Anti Colle Variation 4.C4 E6,D04,https://www.chess.com/openings/Colle-System-Anti-Colle-Variation-4.c4-e6,blitz,https://www.chess.com/game/live/145152546418,613,"[Event ""Live Chess""]
[Site ""Chess.com""]
[Date ""2025.11.05""]
[Round ""-""]
[White ""RhysLWells""]
[Black ""yasssssslll""]
[Result ""0-1""]
[CurrentPosition ""8/p3k1p1/4P3/1p2rB2/2pK4/5N2/Pr6/8 w - - 0 48""]
[Timezone ""UTC""]
[ECO ""D04""]
[ECOUrl ""https://www.chess.com/openings/Colle-System-Anti-Colle-Variation-4.c4-e6""]
[UTCDate ""2025.11.05""]
[UTCTime ""16:21:01""]
[WhiteElo ""881""]
[BlackElo ""895""]
[TimeControl ""300""]
[Termination ""yasssssslll won on time""]
[StartTime ""16:21:01""]
[EndDate ""2025.11.05""]
[EndTime ""16:31:14""]
[Link ""https://www.chess.com/game/live/145152546418""]

1. d4 {[%clk 0:04:59.8]} 1... d5 {[%clk 0:04:56.5]} 2. Nf3 {[%clk 0:04:58.1]} 2... Nf6 {[%clk 0:04:54]} 3. e3 {[%clk 0:04:57]} 3... Bf5 {[%clk 0:04:52.8]} 4. c4 {[%clk 0:04:54.5]} 4... e6 {[%clk 0:04:47.5]} 5. h3 {[%clk 0:04:49.3]} 5... Ne4 {[%clk 0:04:46.3]} 6. Bd3 {[%clk 0:04:42.4]} 6... Bb4+ {[%clk 0:04:24.4]} 7. Bd2 {[%clk 0:04:33.4]} 7... Bxd2+ {[%clk 0:04:19.9]} 8. Nfxd2 {[%clk 0:04:32.1]} 8... Qh4 {[%clk 0:04:10.2]} 9. g3 {[%clk 0:04:22.7]} 9... Nxg3 {[%clk 0:04:00.6]} 10. fxg3 {[%clk 0:03:47.4]} 10... Qxg3+ {[%clk 0:03:58.9]} 11. Kf1 {[%clk 0:03:45.8]} 11... Bxh3+ {[%clk 0:03:55.3]} 12. Rxh3 {[%clk 0:03:38.5]} 12... Qxh3+ {[%clk 0:03:53.9]} 13. Ke1 {[%clk 0:03:37.4]} 13... Qh1+ {[%clk 0:03:50.7]} 14. Bf1 {[%clk 0:03:35.3]} 14... Qh4+ {[%clk 0:03:43.5]} 15. Ke2 {[%clk 0:03:31.5]} 15... Qh2+ {[%clk 0:03:28.3]} 16. Ke1 {[%clk 0:03:27.6]} 16... Qg3+ {[%clk 0:03:20.5]} 17. Ke2 {[%clk 0:03:25.1]} 17... dxc4 {[%clk 0:03:16.9]} 18. Qa4+ {[%clk 0:03:19.4]} 18... Nc6 {[%clk 0:03:10]} 19. Qxc4 {[%clk 0:03:12.1]} 19... Qh2+ {[%clk 0:02:43.1]} 20. Ke1 {[%clk 0:03:08.4]} 20... h5 {[%clk 0:02:32.7]} 21. Nc3 {[%clk 0:02:58.5]} 21... Rd8 {[%clk 0:02:22.7]} 22. d5 {[%clk 0:02:40.6]} 22... Qg3+ {[%clk 0:02:05.9]} 23. Kd1 {[%clk 0:02:33]} 23... Qg4+ {[%clk 0:01:36]} 24. Be2 {[%clk 0:02:27.1]} 24... Qxc4 {[%clk 0:01:34.5]} 25. Bxc4 {[%clk 0:02:25.2]} 25... exd5 {[%clk 0:01:21.6]} 26. Nxd5 {[%clk 0:02:20.4]} 26... Rd7 {[%clk 0:01:13.6]} 27. e4 {[%clk 0:02:10.1]} 27... Ne5 {[%clk 0:01:11.5]} 28. Bb3 {[%clk 0:02:00.7]} 28... h4 {[%clk 0:01:10]} 29. Kc2 {[%clk 0:01:56.7]} 29... h3 {[%clk 0:01:04.8]} 30. Nf4 {[%clk 0:01:54.8]} 30... Ng6 {[%clk 0:00:49.3]} 31. Nxg6 {[%clk 0:01:38.3]} 31... fxg6 {[%clk 0:00:47]} 32. Nf3 {[%clk 0:01:35.8]} 32... g5 {[%clk 0:00:42.5]} 33. Nxg5 {[%clk 0:01:32.4]} 33... Rd4 {[%clk 0:00:36.8]} 34. Bf7+ {[%clk 0:01:24.2]} 34... Kd7 {[%clk 0:00:28.5]} 35. Bg6 {[%clk 0:01:17]} 35... h2 {[%clk 0:00:18.6]} 36. Rh1 {[%clk 0:01:15.2]} 36... Rc4+ {[%clk 0:00:17.6]} 37. Kd1 {[%clk 0:01:02.6]} 37... b5 {[%clk 0:00:15.5]} 38. e5 {[%clk 0:00:57]} 38... Rd4+ {[%clk 0:00:14.6]} 39. Ke2 {[%clk 0:00:51.9]} 39... c5 {[%clk 0:00:13.9]} 40. e6+ {[%clk 0:00:47.9]} 40... Ke7 {[%clk 0:00:13.1]} 41. Bf5 {[%clk 0:00:38.4]} 41... Rd5 {[%clk 0:00:12.4]} 42. Rf1 {[%clk 0:00:24.9]} 42... Re5+ {[%clk 0:00:11.3]} 43. Kd2 {[%clk 0:00:19.6]} 43... h1=Q {[%clk 0:00:11.2]} 44. Rxh1 {[%clk 0:00:17.8]} 44... Rxh1 {[%clk 0:00:11.1]} 45. Kd3 {[%clk 0:00:10.5]} 45... Rh2 {[%clk 0:00:11]} 46. Nf3 {[%clk 0:00:03.9]} 46... c4+ {[%clk 0:00:10.9]} 47. Kd4 {[%clk 0:00:00.9]} 47... Rxb2 {[%clk 0:00:09.4]} 0-1
"
2025-11-05,1762349207,black,889,arisfal94,876,1.0,Win,Three Knights Opening 3...Bc5,C46,https://www.chess.com/openings/Three-Knights-Opening-3...Bc5,blitz,https://www.chess.com/game/live/145146118230,295,"[Event ""Live Chess""]
[Site ""Chess.com""]
[Date ""2025.11.05""]
[Round ""-""]
[White ""arisfal94""]
[Black ""RhysLWells""]
[Result ""0-1""]
[CurrentPosition ""6k1/2p1Q1pp/p7/2pP4/8/2N5/PPP3PP/5r1K w - - 0 26""]
[Timezone ""UTC""]
[ECO ""C46""]
[ECOUrl ""https://www.chess.com/openings/Three-Knights-Opening-3...Bc5""]
[UTCDate ""2025.11.05""]
[UTCTime ""13:21:52""]
[WhiteElo ""876""]
[BlackElo ""889""]
[TimeControl ""300""]
[Termination ""RhysLWells won by checkmate""]
[StartTime ""13:21:52""]
[EndDate ""2025.11.05""]
[EndTime ""13:26:47""]
[Link ""https://www.chess.com/game/live/145146118230""]

1. e4 {[%clk 0:04:59.6]} 1... e5 {[%clk 0:04:58.7]} 2. Nf3 {[%clk 0:04:59]} 2... Nc6 {[%clk 0:04:57.9]} 3. Nc3 {[%clk 0:04:58.5]} 3... Bc5 {[%clk 0:04:56.9]} 4. Bb5 {[%clk 0:04:52.7]} 4... a6 {[%clk 0:04:54.8]} 5. Bxc6 {[%clk 0:04:51.6]} 5... bxc6 {[%clk 0:04:54.1]} 6. d4 {[%clk 0:04:50.8]} 6... exd4 {[%clk 0:04:51.6]} 7. Nxd4 {[%clk 0:04:49.4]} 7... Qf6 {[%clk 0:04:48.3]} 8. Be3 {[%clk 0:04:45.6]} 8... d5 {[%clk 0:04:30.6]} 9. O-O {[%clk 0:04:42.3]} 9... Ne7 {[%clk 0:04:22.3]} 10. Nb3 {[%clk 0:04:25.3]} 10... Bxe3 {[%clk 0:04:18.1]} 11. fxe3 {[%clk 0:04:23.9]} 11... Qg6 {[%clk 0:04:15]} 12. exd5 {[%clk 0:04:20.7]} 12... Bh3 {[%clk 0:04:07.1]} 13. Qf3 {[%clk 0:04:16.1]} 13... Bf5 {[%clk 0:03:56.4]} 14. Nd4 {[%clk 0:04:11.5]} 14... c5 {[%clk 0:03:47.9]} 15. Nxf5 {[%clk 0:04:09.6]} 15... Nxf5 {[%clk 0:03:45.7]} 16. Qe4+ {[%clk 0:04:01.3]} 16... Ne7 {[%clk 0:03:38.6]} 17. Qf3 {[%clk 0:03:43.8]} 17... O-O {[%clk 0:03:34.3]} 18. e4 {[%clk 0:03:28.5]} 18... f5 {[%clk 0:03:20.4]} 19. Rae1 {[%clk 0:03:23.8]} 19... fxe4 {[%clk 0:03:16.4]} 20. Qxe4 {[%clk 0:03:15.9]} 20... Rxf1+ {[%clk 0:02:51.2]} 21. Kxf1 {[%clk 0:03:11.5]} 21... Rf8+ {[%clk 0:02:47.1]} 22. Kg1 {[%clk 0:03:09.8]} 22... Qf7 {[%clk 0:02:34.9]} 23. Qxe7 {[%clk 0:03:05.8]} 23... Qf2+ {[%clk 0:02:25.7]} 24. Kh1 {[%clk 0:03:00.9]} 24... Qf1+ {[%clk 0:02:23.5]} 25. Rxf1 {[%clk 0:02:59]} 25... Rxf1# {[%clk 0:02:23]} 0-1
"
2025-11-05,1762334308,white,881,babishag,853,1.0,Win,Englund Gambit,A40,https://www.chess.com/openings/Englund-Gambit,blitz,https://www.chess.com/game/live/145138598322,623,"[Event ""Live Chess""]
[Site ""Chess.com""]
[Date ""2025.11.05""]
[Round ""-""]
[White ""RhysLWells""]
[Black ""babishag""]
[Result ""1-0""]
[CurrentPosition ""1k3r2/p1p4p/1p1p3q/3P2P1/2PQ2B1/6K1/8/8 b - - 0 42""]
[Timezone ""UTC""]
[ECO ""A40""]
[ECOUrl ""https://www.chess.com/openings/Englund-Gambit""]
[UTCDate ""2025.11.05""]
[UTCTime ""09:08:05""]
[WhiteElo ""881""]
[BlackElo ""853""]
[TimeControl ""300""]
[Termination ""RhysLWells won on time""]
[StartTime ""09:08:05""]
[EndDate ""2025.11.05""]
[EndTime ""09:18:28""]
[Link ""https://www.chess.com/game/live/145138598322""]

1. d4 {[%clk 0:04:55.3]} 1... e5 {[%clk 0:04:59.8]} 2. Nf3 {[%clk 0:04:49.4]} 2... Nc6 {[%clk 0:04:56]} 3. d5 {[%clk 0:04:47.2]} 3... e4 {[%clk 0:04:48]} 4. Ng1 {[%clk 0:04:37.3]} 4... Nb8 {[%clk 0:04:32.3]} 5. Bf4 {[%clk 0:04:32]} 5... d6 {[%clk 0:04:22.7]} 6. f3 {[%clk 0:04:26.1]} 6... exf3 {[%clk 0:04:20.1]} 7. Nxf3 {[%clk 0:04:19.7]} 7... Bg4 {[%clk 0:04:18.7]} 8. e4 {[%clk 0:04:16.6]} 8... Qf6 {[%clk 0:04:12.2]} 9. Bg5 {[%clk 0:04:09.5]} 9... Qxb2 {[%clk 0:04:07.9]} 10. Nbd2 {[%clk 0:04:01.8]} 10... Qc3 {[%clk 0:03:55.5]} 11. h3 {[%clk 0:03:56.8]} 11... Bxf3 {[%clk 0:03:50.2]} 12. gxf3 {[%clk 0:03:45.1]} 12... f6 {[%clk 0:03:47.3]} 13. Bh4 {[%clk 0:03:36.9]} 13... Qe3+ {[%clk 0:03:44.2]} 14. Be2 {[%clk 0:03:27.6]} 14... Qh6 {[%clk 0:03:41.9]} 15. Bf2 {[%clk 0:03:25.7]} 15... Nd7 {[%clk 0:03:37]} 16. Nc4 {[%clk 0:03:12.4]} 16... O-O-O {[%clk 0:03:33.2]} 17. Rb1 {[%clk 0:03:03.8]} 17... b6 {[%clk 0:03:30.2]} 18. Be3 {[%clk 0:03:02.5]} 18... Qh4+ {[%clk 0:03:26]} 19. Bf2 {[%clk 0:02:59.3]} 19... Qf4 {[%clk 0:03:04]} 20. c3 {[%clk 0:02:46.6]} 20... Ne5 {[%clk 0:03:00]} 21. Ne3 {[%clk 0:02:34.5]} 21... Ne7 {[%clk 0:02:44.4]} 22. Ng2 {[%clk 0:02:27]} 22... Qg5 {[%clk 0:02:35.2]} 23. Rg1 {[%clk 0:02:22]} 23... f5 {[%clk 0:02:11.1]} 24. Ne3 {[%clk 0:02:20.1]} 24... Qf6 {[%clk 0:02:08.1]} 25. Ba6+ {[%clk 0:02:09.6]} 25... Kb8 {[%clk 0:02:03.5]} 26. exf5 {[%clk 0:02:02.6]} 26... Nxf5 {[%clk 0:01:56.7]} 27. Nxf5 {[%clk 0:01:55.2]} 27... Qxf5 {[%clk 0:01:54.9]} 28. Be2 {[%clk 0:01:36.8]} 28... g6 {[%clk 0:01:31.9]} 29. c4 {[%clk 0:01:35.2]} 29... Bg7 {[%clk 0:01:29.1]} 30. Bd4 {[%clk 0:01:08.6]} 30... Nxf3+ {[%clk 0:01:12.7]} 31. Bxf3 {[%clk 0:01:03.8]} 31... Bxd4 {[%clk 0:01:10.5]} 32. Qxd4 {[%clk 0:00:55.3]} 32... Qxb1+ {[%clk 0:01:08.2]} 33. Kf2 {[%clk 0:00:51.3]} 33... Qxa2+ {[%clk 0:01:05.1]} 34. Kg3 {[%clk 0:00:43.7]} 34... Qb3 {[%clk 0:00:55]} 35. Rg2 {[%clk 0:00:41.2]} 35... Rhf8 {[%clk 0:00:52.3]} 36. Rf2 {[%clk 0:00:34.1]} 36... Qb1 {[%clk 0:00:19.1]} 37. Kg2 {[%clk 0:00:31.7]} 37... Qf5 {[%clk 0:00:15.5]} 38. Bg4 {[%clk 0:00:22.9]} 38... Qg5 {[%clk 0:00:08.4]} 39. Rxf8 {[%clk 0:00:21.1]} 39... Rxf8 {[%clk 0:00:07]} 40. Kg3 {[%clk 0:00:11.8]} 40... Qh6 {[%clk 0:00:01.7]} 41. h4 {[%clk 0:00:10.2]} 41... g5 {[%clk 0:00:00.4]} 42. hxg5 {[%clk 0:00:06.4]} 1-0
"
2025-11-04,1762291281,white,873,ch3ckma83,892,0.0,Loss,Englund Gambit 2.Dxe5,A40,https://www.chess.com/openings/Englund-Gambit-2.dxe5,blitz,https://www.chess.com/game/live/145122869560,609,"[Event ""Live Chess""]
[Site ""Chess.com""]
[Date ""2025.11.04""]
[Round ""-""]
[White ""RhysLWells""]
[Black ""ch3ckma83""]
[Result ""0-1""]
[CurrentPosition ""8/8/3r1bkp/pp6/8/3K1n2/PP6/8 w - - 0 45""]
[Timezone ""UTC""]
[ECO ""A40""]
[ECOUrl ""https://www.chess.com/openings/Englund-Gambit-2.dxe5""]
[UTCDate ""2025.11.04""]
[UTCTime ""21:11:12""]
[WhiteElo ""873""]
[BlackElo ""892""]
[TimeControl ""300""]
[Termination ""ch3ckma83 won on time""]
[StartTime ""21:11:12""]
[EndDate ""2025.11.04""]
[EndTime ""21:21:21""]
[Link ""https://www.chess.com/game/live/145122869560""]

1. d4 {[%clk 0:04:55.9]} 1... e5 {[%clk 0:04:59.7]} 2. dxe5 {[%clk 0:04:51.7]} 2... f6 {[%clk 0:04:51.8]} 3. Nf3 {[%clk 0:04:45.2]} 3... fxe5 {[%clk 0:04:50.4]} 4. Nxe5 {[%clk 0:04:43.9]} 4... Qf6 {[%clk 0:04:50.1]} 5. Nd3 {[%clk 0:04:33.2]} 5... Nc6 {[%clk 0:04:39.2]} 6. Nd2 {[%clk 0:04:24.9]} 6... Nd4 {[%clk 0:03:51.7]} 7. c3 {[%clk 0:04:11.8]} 7... Nc6 {[%clk 0:03:49]} 8. Ne4 {[%clk 0:04:10.2]} 8... Qg6 {[%clk 0:03:43.8]} 9. f3 {[%clk 0:03:58.4]} 9... d5 {[%clk 0:03:34.6]} 10. Nf4 {[%clk 0:03:56.2]} 10... Qf5 {[%clk 0:03:29]} 11. g4 {[%clk 0:03:52.1]} 11... Qf7 {[%clk 0:03:22.9]} 12. Ng3 {[%clk 0:03:38.6]} 12... Bd6 {[%clk 0:03:16.5]} 13. e3 {[%clk 0:03:27.8]} 13... Nf6 {[%clk 0:03:06.6]} 14. Bd3 {[%clk 0:03:13.4]} 14... O-O {[%clk 0:02:57.6]} 15. Ngh5 {[%clk 0:03:02.1]} 15... Nxh5 {[%clk 0:02:53.6]} 16. Nxh5 {[%clk 0:03:00.8]} 16... Qxf3 {[%clk 0:02:29.5]} 17. Qxf3 {[%clk 0:02:58.1]} 17... Rxf3 {[%clk 0:02:29]} 18. Bd2 {[%clk 0:02:44.7]} 18... Bxg4 {[%clk 0:02:12.2]} 19. Ng3 {[%clk 0:02:21.3]} 19... Rff8 {[%clk 0:01:59.6]} 20. Ne2 {[%clk 0:02:11.2]} 20... Bf3 {[%clk 0:01:57.3]} 21. Rf1 {[%clk 0:02:03.7]} 21... Bxh2 {[%clk 0:01:54.4]} 22. O-O-O {[%clk 0:01:56.8]} 22... Ne5 {[%clk 0:01:41]} 23. Bb5 {[%clk 0:01:32]} 23... c6 {[%clk 0:01:38.6]} 24. Ba4 {[%clk 0:01:30.2]} 24... b5 {[%clk 0:01:37.6]} 25. Bc2 {[%clk 0:01:27.2]} 25... a5 {[%clk 0:01:35.5]} 26. Nd4 {[%clk 0:01:03]} 26... c5 {[%clk 0:01:26.8]} 27. Nxf3 {[%clk 0:01:01.2]} 27... Nxf3 {[%clk 0:01:23.7]} 28. Be1 {[%clk 0:00:50]} 28... Ne5 {[%clk 0:01:19.8]} 29. Rxf8+ {[%clk 0:00:42.4]} 29... Rxf8 {[%clk 0:01:17.3]} 30. e4 {[%clk 0:00:40.3]} 30... d4 {[%clk 0:01:12.9]} 31. cxd4 {[%clk 0:00:35.9]} 31... cxd4 {[%clk 0:01:02.6]} 32. Rxd4 {[%clk 0:00:31.6]} 32... Nf3 {[%clk 0:00:56.5]} 33. Bb3+ {[%clk 0:00:22.3]} 33... Kh8 {[%clk 0:00:51.4]} 34. Rd1 {[%clk 0:00:15.6]} 34... Bf4+ {[%clk 0:00:48.4]} 35. Kc2 {[%clk 0:00:12.4]} 35... Rc8+ {[%clk 0:00:38.5]} 36. Bc3 {[%clk 0:00:11]} 36... h6 {[%clk 0:00:25.8]} 37. Be6 {[%clk 0:00:09.4]} 37... Rc6 {[%clk 0:00:20.3]} 38. Rd8+ {[%clk 0:00:08.4]} 38... Kh7 {[%clk 0:00:18.8]} 39. e5 {[%clk 0:00:07.6]} 39... Bxe5 {[%clk 0:00:16.3]} 40. Bf5+ {[%clk 0:00:07.1]} 40... g6 {[%clk 0:00:13.5]} 41. Bxg6+ {[%clk 0:00:03.9]} 41... Kxg6 {[%clk 0:00:12.4]} 42. Rd7 {[%clk 0:00:03.5]} 42... Bxc3 {[%clk 0:00:10.7]} 43. Rd6+ {[%clk 0:00:02.6]} 43... Bf6+ {[%clk 0:00:09.5]} 44. Kd3 {[%clk 0:00:00.7]} 44... Rxd6+ {[%clk 0:00:09]} 0-1
"
2025-11-03,1762191996,black,881,Ahillezzz75,855,1.0,Win,Bishops Opening 2...Nc6,C23,https://www.chess.com/openings/Bishops-Opening-2...Nc6,blitz,https://www.chess.com/game/live/145076013692,450,"[Event ""Live Chess""]
[Site ""Chess.com""]
[Date ""2025.11.03""]
[Round ""-""]
[White ""Ahillezzz75""]
[Black ""RhysLWells""]
[Result ""0-1""]
[CurrentPosition ""8/5p1k/5Qp1/7p/7P/6PK/5P2/7q w - - 6 42""]
[Timezone ""UTC""]
[ECO ""C23""]
[ECOUrl ""https://www.chess.com/openings/Bishops-Opening-2...Nc6""]
[UTCDate ""2025.11.03""]
[UTCTime ""17:39:06""]
[WhiteElo ""855""]
[BlackElo ""881""]
[TimeControl ""300""]
[Termination ""RhysLWells won by checkmate""]
[StartTime ""17:39:06""]
[EndDate ""2025.11.03""]
[EndTime ""17:46:36""]
[Link ""https://www.chess.com/game/live/145076013692""]

1. e4 {[%clk 0:04:53.8]} 1... e5 {[%clk 0:04:59.2]} 2. Bc4 {[%clk 0:04:52.2]} 2... Nc6 {[%clk 0:04:57.2]} 3. c3 {[%clk 0:04:50.5]} 3... a6 {[%clk 0:04:54.7]} 4. d3 {[%clk 0:04:39.6]} 4... b5 {[%clk 0:04:52.3]} 5. Bd5 {[%clk 0:04:37.1]} 5... Qf6 {[%clk 0:04:49.5]} 6. Nf3 {[%clk 0:04:30.6]} 6... Bb7 {[%clk 0:04:44.4]} 7. Be3 {[%clk 0:04:24.7]} 7... Nge7 {[%clk 0:04:25.9]} 8. Nbd2 {[%clk 0:04:21.8]} 8... Nxd5 {[%clk 0:04:24.4]} 9. exd5 {[%clk 0:04:18.8]} 9... Ne7 {[%clk 0:04:23.4]} 10. O-O {[%clk 0:04:10.3]} 10... Bxd5 {[%clk 0:04:21.8]} 11. Re1 {[%clk 0:04:06.5]} 11... Bxf3 {[%clk 0:04:19]} 12. Nxf3 {[%clk 0:04:01.4]} 12... d5 {[%clk 0:04:15.1]} 13. Bc5 {[%clk 0:03:57.3]} 13... Nc6 {[%clk 0:04:08.4]} 14. d4 {[%clk 0:03:51]} 14... e4 {[%clk 0:04:04.2]} 15. a4 {[%clk 0:03:43.6]} 15... Bxc5 {[%clk 0:03:59.4]} 16. dxc5 {[%clk 0:03:41.2]} 16... O-O {[%clk 0:03:56.7]} 17. axb5 {[%clk 0:03:39]} 17... axb5 {[%clk 0:03:54.6]} 18. Rxa8 {[%clk 0:03:37.3]} 18... Rxa8 {[%clk 0:03:53.4]} 19. Qxd5 {[%clk 0:03:36]} 19... h6 {[%clk 0:03:32]} 20. Nd4 {[%clk 0:03:32.5]} 20... Nxd4 {[%clk 0:03:30]} 21. cxd4 {[%clk 0:03:30.2]} 21... Re8 {[%clk 0:03:20.3]} 22. Rxe4 {[%clk 0:03:24.5]} 22... Rxe4 {[%clk 0:03:18.3]} 23. Qxe4 {[%clk 0:03:22.2]} 23... b4 {[%clk 0:03:09]} 24. b3 {[%clk 0:03:19.6]} 24... c6 {[%clk 0:02:53.6]} 25. h3 {[%clk 0:03:15.9]} 25... g6 {[%clk 0:02:45.9]} 26. Qe1 {[%clk 0:02:53.8]} 26... Qxd4 {[%clk 0:02:40.3]} 27. Qe8+ {[%clk 0:02:48.7]} 27... Kg7 {[%clk 0:02:32.6]} 28. Qxc6 {[%clk 0:02:47.1]} 28... Qd1+ {[%clk 0:02:30.8]} 29. Kh2 {[%clk 0:02:44.9]} 29... Qxb3 {[%clk 0:02:27.9]} 30. Qc7 {[%clk 0:02:32]} 30... Qc3 {[%clk 0:02:11.6]} 31. c6 {[%clk 0:02:29.3]} 31... b3 {[%clk 0:02:10.2]} 32. Qb7 {[%clk 0:02:24.9]} 32... b2 {[%clk 0:02:01.4]} 33. c7 {[%clk 0:02:23.8]} 33... Qxc7+ {[%clk 0:01:48.1]} 34. Qxc7 {[%clk 0:02:14.2]} 34... b1=Q {[%clk 0:01:46.6]} 35. Qe5+ {[%clk 0:02:08.5]} 35... Kh7 {[%clk 0:01:41]} 36. Qf6 {[%clk 0:02:02.8]} 36... Qb8+ {[%clk 0:01:38.5]} 37. g3 {[%clk 0:02:00.2]} 37... Qa7 {[%clk 0:01:27.8]} 38. h4 {[%clk 0:01:52.6]} 38... h5 {[%clk 0:01:20.2]} 39. Kh3 {[%clk 0:01:49.6]} 39... Qd7+ {[%clk 0:01:16.3]} 40. Kg2 {[%clk 0:01:43]} 40... Qd5+ {[%clk 0:01:08.2]} 41. Kh3 {[%clk 0:01:39.7]} 41... Qh1# {[%clk 0:01:06.4]} 0-1
"
2025-11-02,1762114491,black,873,Zeekar,843,1.0,Win,Nimzowitsch Defense 2.D4 E6 3.Nf3 D5 4.E5,B00,https://www.chess.com/openings/Nimzowitsch-Defense-2.d4-e6-3.Nf3-d5-4.e5,blitz,https://www.chess.com/game/live/145042587288,478,"[Event ""Live Chess""]
[Site ""Chess.com""]
[Date ""2025.11.02""]
[Round ""-""]
[White ""Zeekar""]
[Black ""RhysLWells""]
[Result ""0-1""]
[CurrentPosition ""8/1kp5/1p5p/1pq4K/7P/8/8/6R1 w - - 4 42""]
[Timezone ""UTC""]
[ECO ""B00""]
[ECOUrl ""https://www.chess.com/openings/Nimzowitsch-Defense-2.d4-e6-3.Nf3-d5-4.e5""]
[UTCDate ""2025.11.02""]
[UTCTime ""20:06:53""]
[WhiteElo ""843""]
[BlackElo ""873""]
[TimeControl ""300""]
[Termination ""RhysLWells won by resignation""]
[StartTime ""20:06:53""]
[EndDate ""2025.11.02""]
[EndTime ""20:14:51""]
[Link ""https://www.chess.com/game/live/145042587288""]

1. e4 {[%clk 0:04:59.9]} 1... e6 {[%clk 0:04:59.2]} 2. d4 {[%clk 0:04:58.6]} 2... d5 {[%clk 0:04:57]} 3. e5 {[%clk 0:04:57.5]} 3... Nc6 {[%clk 0:04:56.1]} 4. Nf3 {[%clk 0:04:54.9]} 4... f6 {[%clk 0:04:53.7]} 5. Bb5 {[%clk 0:04:52.8]} 5... Bd7 {[%clk 0:04:49.6]} 6. Bf4 {[%clk 0:04:49.1]} 6... f5 {[%clk 0:04:46.8]} 7. Ng5 {[%clk 0:04:35.7]} 7... a6 {[%clk 0:04:40.6]} 8. Bxc6 {[%clk 0:04:26]} 8... Bxc6 {[%clk 0:04:38.5]} 9. Nxe6 {[%clk 0:04:24]} 9... Qe7 {[%clk 0:04:34.5]} 10. Nc5 {[%clk 0:04:15.1]} 10... b6 {[%clk 0:04:29.7]} 11. Nb3 {[%clk 0:03:59.2]} 11... h6 {[%clk 0:04:23.8]} 12. O-O {[%clk 0:03:57.2]} 12... g5 {[%clk 0:04:21.5]} 13. Qh5+ {[%clk 0:03:51.2]} 13... Kd7 {[%clk 0:04:11.9]} 14. Bxg5 {[%clk 0:03:46.7]} 14... Qxg5 {[%clk 0:04:07.3]} 15. Qf7+ {[%clk 0:03:39.2]} 15... Ne7 {[%clk 0:03:59.8]} 16. e6+ {[%clk 0:03:33.8]} 16... Kc8 {[%clk 0:03:38.5]} 17. Nc3 {[%clk 0:03:24.9]} 17... Rg8 {[%clk 0:03:31.8]} 18. g3 {[%clk 0:03:20.6]} 18... Bg7 {[%clk 0:03:16.6]} 19. h4 {[%clk 0:02:40]} 19... Qg4 {[%clk 0:03:10.2]} 20. Qxe7 {[%clk 0:02:27.3]} 20... f4 {[%clk 0:03:07.8]} 21. Qf7 {[%clk 0:02:11.4]} 21... fxg3 {[%clk 0:03:05]} 22. Qxg8+ {[%clk 0:02:09.3]} 22... Kb7 {[%clk 0:03:01.3]} 23. f3 {[%clk 0:01:48.6]} 23... Bxd4+ {[%clk 0:02:53.5]} 24. Kg2 {[%clk 0:01:41.7]} 24... Qxg8 {[%clk 0:02:46]} 25. Rae1 {[%clk 0:01:39.5]} 25... Bxc3 {[%clk 0:02:41.8]} 26. bxc3 {[%clk 0:01:38.2]} 26... Re8 {[%clk 0:02:37.2]} 27. Nd4 {[%clk 0:01:35.2]} 27... Bb5 {[%clk 0:02:33.1]} 28. Nxb5 {[%clk 0:01:10.7]} 28... axb5 {[%clk 0:02:31.8]} 29. f4 {[%clk 0:01:02.5]} 29... Rxe6 {[%clk 0:02:28]} 30. f5 {[%clk 0:00:58.5]} 30... Rxe1 {[%clk 0:02:25.6]} 31. Rxe1 {[%clk 0:00:57.4]} 31... d4 {[%clk 0:02:24.1]} 32. cxd4 {[%clk 0:00:54.6]} 32... Qd5+ {[%clk 0:02:22.8]} 33. Kxg3 {[%clk 0:00:51.9]} 33... Qxf5 {[%clk 0:02:21.7]} 34. c3 {[%clk 0:00:44.7]} 34... Qd3+ {[%clk 0:02:19.2]} 35. Kf2 {[%clk 0:00:39.6]} 35... Qxc3 {[%clk 0:02:17.9]} 36. d5 {[%clk 0:00:38.5]} 36... Qd4+ {[%clk 0:02:15.3]} 37. Kg3 {[%clk 0:00:34.4]} 37... Qxd5 {[%clk 0:02:13.1]} 38. a3 {[%clk 0:00:32.6]} 38... Qd6+ {[%clk 0:02:11.2]} 39. Kg4 {[%clk 0:00:30.7]} 39... Qxa3 {[%clk 0:02:05.9]} 40. Kh5 {[%clk 0:00:26.6]} 40... Qb4 {[%clk 0:02:04.3]} 41. Rg1 {[%clk 0:00:19]} 41... Qc5+ {[%clk 0:02:01.2]} 0-1
"
2025-11-02,1762113956,black,865,Deeslayor9,827,1.0,Win,Nimzowitsch Defense 2.D4 E6 3.Nf3 D5 4.E5,B00,https://www.chess.com/openings/Nimzowitsch-Defense-2.d4-e6-3.Nf3-d5-4.e5,blitz,https://www.chess.com/game/live/145042251092,588,"[Event ""Live Chess""]
[Site ""Chess.com""]
[Date ""2025.11.02""]
[Round ""-""]
[White ""Deeslayor9""]
[Black ""RhysLWells""]
[Result ""0-1""]
[CurrentPosition ""1k6/2p5/1p2p3/pP2P2b/P1P1N3/8/8/3q2K1 w - - 0 44""]
[Timezone ""UTC""]
[ECO ""B00""]
[ECOUrl ""https://www.chess.com/openings/Nimzowitsch-Defense-2.d4-e6-3.Nf3-d5-4.e5""]
[UTCDate ""2025.11.02""]
[UTCTime ""19:56:08""]
[WhiteElo ""827""]
[BlackElo ""865""]
[TimeControl ""300""]
[Termination ""RhysLWells won on time""]
[StartTime ""19:56:08""]
[EndDate ""2025.11.02""]
[EndTime ""20:05:56""]
[Link ""https://www.chess.com/game/live/145042251092""]

1. e4 {[%clk 0:04:59.3]} 1... e6 {[%clk 0:04:59.3]} 2. d4 {[%clk 0:04:58]} 2... d5 {[%clk 0:04:58.6]} 3. e5 {[%clk 0:04:56.9]} 3... Nc6 {[%clk 0:04:56.6]} 4. Nf3 {[%clk 0:04:55.6]} 4... f6 {[%clk 0:04:55.8]} 5. Bf4 {[%clk 0:04:51.5]} 5... f5 {[%clk 0:04:53.7]} 6. c3 {[%clk 0:04:38.8]} 6... Bd7 {[%clk 0:04:52]} 7. Bd3 {[%clk 0:04:36.3]} 7... Nge7 {[%clk 0:04:44.6]} 8. Bg5 {[%clk 0:04:11]} 8... h6 {[%clk 0:04:41.2]} 9. Bxe7 {[%clk 0:04:07.2]} 9... Qxe7 {[%clk 0:04:37.2]} 10. O-O {[%clk 0:04:04.6]} 10... O-O-O {[%clk 0:04:29.6]} 11. Qe2 {[%clk 0:03:57.9]} 11... Na5 {[%clk 0:04:11.2]} 12. b4 {[%clk 0:03:35]} 12... Nc4 {[%clk 0:04:08.5]} 13. Bxc4 {[%clk 0:03:33.8]} 13... dxc4 {[%clk 0:04:06.9]} 14. Qxc4 {[%clk 0:03:32.4]} 14... a6 {[%clk 0:04:04.3]} 15. a4 {[%clk 0:03:06.2]} 15... Kb8 {[%clk 0:03:29.6]} 16. b5 {[%clk 0:02:58.8]} 16... a5 {[%clk 0:03:25.3]} 17. Qd3 {[%clk 0:02:47.5]} 17... b6 {[%clk 0:03:13.3]} 18. c4 {[%clk 0:02:44.6]} 18... g5 {[%clk 0:03:02.8]} 19. Nc3 {[%clk 0:02:41.8]} 19... g4 {[%clk 0:03:00.5]} 20. Nd2 {[%clk 0:02:38.3]} 20... h5 {[%clk 0:02:57.1]} 21. f3 {[%clk 0:02:26.6]} 21... g3 {[%clk 0:02:51]} 22. hxg3 {[%clk 0:02:18.8]} 22... Rg8 {[%clk 0:02:46.1]} 23. Kf2 {[%clk 0:02:17.1]} 23... Qg5 {[%clk 0:02:37]} 24. g4 {[%clk 0:01:48.8]} 24... hxg4 {[%clk 0:02:34]} 25. fxg4 {[%clk 0:01:43.9]} 25... Qxg4 {[%clk 0:02:16.8]} 26. Ke1 {[%clk 0:01:31.2]} 26... Qh4+ {[%clk 0:02:05]} 27. Rf2 {[%clk 0:01:14.4]} 27... Bh6 {[%clk 0:01:55.3]} 28. Nf1 {[%clk 0:01:05.5]} 28... Be8 {[%clk 0:01:41.8]} 29. Ne2 {[%clk 0:00:55.3]} 29... Bg6 {[%clk 0:01:39.6]} 30. Qf3 {[%clk 0:00:46.5]} 30... f4 {[%clk 0:01:33.8]} 31. g3 {[%clk 0:00:40.2]} 31... fxg3 {[%clk 0:01:31.9]} 32. Qxg3 {[%clk 0:00:35.2]} 32... Qh5 {[%clk 0:01:12.4]} 33. Nf4 {[%clk 0:00:30.3]} 33... Bxf4 {[%clk 0:01:08.4]} 34. Rxf4 {[%clk 0:00:27.1]} 34... Rdf8 {[%clk 0:01:05.3]} 35. Rxf8+ {[%clk 0:00:25.2]} 35... Rxf8 {[%clk 0:01:03.5]} 36. Qg2 {[%clk 0:00:19.4]} 36... Qh4+ {[%clk 0:00:54.4]} 37. Ng3 {[%clk 0:00:16]} 37... Qxd4 {[%clk 0:00:51.8]} 38. Rd1 {[%clk 0:00:14.6]} 38... Qc3+ {[%clk 0:00:48]} 39. Ke2 {[%clk 0:00:11.5]} 39... Rg8 {[%clk 0:00:40.3]} 40. Ne4 {[%clk 0:00:07.2]} 40... Bh5+ {[%clk 0:00:37.4]} 41. Kf2 {[%clk 0:00:04.6]} 41... Rxg2+ {[%clk 0:00:34.1]} 42. Kxg2 {[%clk 0:00:03.8]} 42... Qf3+ {[%clk 0:00:30.9]} 43. Kg1 {[%clk 0:00:01.2]} 43... Qxd1+ {[%clk 0:00:28.9]} 0-1
"
2025-11-02,1762095965,white,858,Elea_srl,828,1.0,Win,Queens Pawn Opening Tartakower Variation 2...Nd7,A41,https://www.chess.com/openings/Queens-Pawn-Opening-Tartakower-Variation-2...Nd7,blitz,https://www.chess.com/game/live/145032159050,385,"[Event ""Live Chess""]
[Site ""Chess.com""]
[Date ""2025.11.02""]
[Round ""-""]
[White ""RhysLWells""]
[Black ""Elea_srl""]
[Result ""1-0""]
[CurrentPosition ""5Q1k/1p2r3/3p4/6N1/2P4p/1P1B3P/P5PK/7R b - - 1 35""]
[Timezone ""UTC""]
[ECO ""A41""]
[ECOUrl ""https://www.chess.com/openings/Queens-Pawn-Opening-Tartakower-Variation-2...Nd7""]
[UTCDate ""2025.11.02""]
[UTCTime ""14:59:40""]
[WhiteElo ""858""]
[BlackElo ""828""]
[TimeControl ""300""]
[Termination ""RhysLWells won by checkmate""]
[StartTime ""14:59:40""]
[EndDate ""2025.11.02""]
[EndTime ""15:06:05""]
[Link ""https://www.chess.com/game/live/145032159050""]

1. d4 {[%clk 0:04:58.8]} 1... d6 {[%clk 0:04:58]} 2. Nf3 {[%clk 0:04:56.7]} 2... Nd7 {[%clk 0:04:54.5]} 3. Bf4 {[%clk 0:04:54.6]} 3... Nb6 {[%clk 0:04:53]} 4. b3 {[%clk 0:04:52.4]} 4... Bf5 {[%clk 0:04:46.8]} 5. Nbd2 {[%clk 0:04:49.7]} 5... f6 {[%clk 0:04:41.5]} 6. h3 {[%clk 0:04:48.1]} 6... e5 {[%clk 0:04:40.4]} 7. dxe5 {[%clk 0:04:46.3]} 7... fxe5 {[%clk 0:04:40.3]} 8. Bg3 {[%clk 0:04:42.9]} 8... Nf6 {[%clk 0:04:37.8]} 9. e3 {[%clk 0:04:40.3]} 9... Nbd5 {[%clk 0:04:34.6]} 10. Nh4 {[%clk 0:04:36]} 10... Be6 {[%clk 0:04:29.5]} 11. f4 {[%clk 0:04:12.6]} 11... Nc3 {[%clk 0:04:26]} 12. Qf3 {[%clk 0:04:07.2]} 12... Bd5 {[%clk 0:04:21.3]} 13. e4 {[%clk 0:04:03.3]} 13... Ncxe4 {[%clk 0:04:13.8]} 14. Nxe4 {[%clk 0:03:57.3]} 14... Bxe4 {[%clk 0:04:12.8]} 15. Qe2 {[%clk 0:03:53.9]} 15... Be7 {[%clk 0:04:06.4]} 16. fxe5 {[%clk 0:03:51.3]} 16... dxe5 {[%clk 0:04:05.1]} 17. Rd1 {[%clk 0:03:47.5]} 17... Bd6 {[%clk 0:03:55.2]} 18. Bxe5 {[%clk 0:03:24.7]} 18... O-O {[%clk 0:03:52.7]} 19. Bxd6 {[%clk 0:03:19.9]} 19... cxd6 {[%clk 0:03:51.6]} 20. Qc4+ {[%clk 0:03:09.4]} 20... Bd5 {[%clk 0:03:48.6]} 21. Rxd5 {[%clk 0:02:51.3]} 21... Nxd5 {[%clk 0:03:46.9]} 22. Qxd5+ {[%clk 0:02:50.7]} 22... Kh8 {[%clk 0:03:46]} 23. Nf3 {[%clk 0:02:44.2]} 23... Re8+ {[%clk 0:03:44.6]} 24. Kf2 {[%clk 0:02:23.9]} 24... Qb6+ {[%clk 0:03:42.1]} 25. Nd4 {[%clk 0:02:17.2]} 25... Rac8 {[%clk 0:03:36.3]} 26. c4 {[%clk 0:02:14.8]} 26... Rf8+ {[%clk 0:03:33.2]} 27. Kg3 {[%clk 0:02:11.7]} 27... Qa5 {[%clk 0:03:18.4]} 28. Qxa5 {[%clk 0:02:06.1]} 28... Rce8 {[%clk 0:03:17.3]} 29. Qxa7 {[%clk 0:01:44.2]} 29... Re3+ {[%clk 0:03:15.6]} 30. Kh2 {[%clk 0:01:42.4]} 30... h5 {[%clk 0:03:02.7]} 31. Nf3 {[%clk 0:01:32.9]} 31... Re7 {[%clk 0:02:50.9]} 32. Bd3 {[%clk 0:01:23.4]} 32... g5 {[%clk 0:02:39.3]} 33. Nxg5 {[%clk 0:01:20.1]} 33... Rf2 {[%clk 0:02:37]} 34. Qxf2 {[%clk 0:01:16.4]} 34... h4 {[%clk 0:02:33.8]} 35. Qf8# {[%clk 0:01:12]} 1-0
"
2025-11-02,1762092814,black,850,Priyanshu_kr_05,843,1.0,Win,Italian Game,C50,https://www.chess.com/openings/Italian-Game,blitz,https://www.chess.com/game/live/145030291098,512,"[Event ""Live Chess""]
[Site ""Chess.com""]
[Date ""2025.11.02""]
[Round ""-""]
[White ""Priyanshu_kr_05""]
[Black ""RhysLWells""]
[Result ""0-1""]
[CurrentPosition ""8/8/2R5/1N1p1Q2/3Np1pp/4P1kP/6P1/6K1 w - - 0 47""]
[Timezone ""UTC""]
[ECO ""C50""]
[ECOUrl ""https://www.chess.com/openings/Italian-Game""]
[UTCDate ""2025.11.02""]
[UTCTime ""14:05:02""]
[WhiteElo ""843""]
[BlackElo ""850""]
[TimeControl ""300""]
[Termination ""RhysLWells won on time""]
[StartTime ""14:05:02""]
[EndDate ""2025.11.02""]
[EndTime ""14:13:34""]
[Link ""https://www.chess.com/game/live/145030291098""]

1. e4 {[%clk 0:04:57.9]} 1... e5 {[%clk 0:04:58.6]} 2. Nf3 {[%clk 0:04:57.5]} 2... Nc6 {[%clk 0:04:56.6]} 3. Bc4 {[%clk 0:04:56.8]} 3... f6 {[%clk 0:04:55.1]} 4. O-O {[%clk 0:04:54.4]} 4... Bc5 {[%clk 0:04:52.8]} 5. c3 {[%clk 0:04:51.6]} 5... a6 {[%clk 0:04:51.3]} 6. d4 {[%clk 0:04:50]} 6... Na5 {[%clk 0:04:48.5]} 7. Bxg8 {[%clk 0:04:30.2]} 7... Rxg8 {[%clk 0:04:32.3]} 8. dxc5 {[%clk 0:04:28.5]} 8... Qe7 {[%clk 0:04:24]} 9. Be3 {[%clk 0:04:23.3]} 9... b6 {[%clk 0:04:20.5]} 10. cxb6 {[%clk 0:04:10.3]} 10... c6 {[%clk 0:04:14.2]} 11. b4 {[%clk 0:04:01.1]} 11... Nc4 {[%clk 0:04:12.3]} 12. Bc5 {[%clk 0:03:52.2]} 12... d6 {[%clk 0:04:08.1]} 13. Be3 {[%clk 0:03:33.6]} 13... Bb7 {[%clk 0:04:04]} 14. Qb3 {[%clk 0:03:16]} 14... Nxe3 {[%clk 0:04:01.6]} 15. Qxg8+ {[%clk 0:02:33.2]} 15... Qf8 {[%clk 0:03:58.1]} 16. Qxf8+ {[%clk 0:02:25.9]} 16... Kxf8 {[%clk 0:03:56.8]} 17. fxe3 {[%clk 0:02:25.8]} 17... a5 {[%clk 0:03:52.2]} 18. Nbd2 {[%clk 0:02:18.2]} 18... axb4 {[%clk 0:03:48.8]} 19. cxb4 {[%clk 0:02:18.1]} 19... Rb8 {[%clk 0:03:38.7]} 20. Nc4 {[%clk 0:02:14.3]} 20... d5 {[%clk 0:03:34.2]} 21. exd5 {[%clk 0:02:09]} 21... cxd5 {[%clk 0:03:33.3]} 22. Nd6 {[%clk 0:02:07.3]} 22... Ba6 {[%clk 0:03:30.1]} 23. b5 {[%clk 0:02:02.5]} 23... Rxb6 {[%clk 0:03:14.3]} 24. bxa6 {[%clk 0:01:41]} 24... Rxa6 {[%clk 0:03:12.6]} 25. Nb5 {[%clk 0:01:23]} 25... e4 {[%clk 0:03:09.1]} 26. Nfd4 {[%clk 0:01:14.4]} 26... Kf7 {[%clk 0:03:05.6]} 27. a3 {[%clk 0:01:07]} 27... Kg6 {[%clk 0:03:00.6]} 28. Rac1 {[%clk 0:01:04.9]} 28... Rb6 {[%clk 0:02:54.9]} 29. Rc7 {[%clk 0:00:54.6]} 29... h5 {[%clk 0:02:51.9]} 30. Rfc1 {[%clk 0:00:38.8]} 30... Rb8 {[%clk 0:02:48.3]} 31. Rc8 {[%clk 0:00:34.6]} 31... Rb7 {[%clk 0:02:46.5]} 32. R1c7 {[%clk 0:00:32]} 32... Rb6 {[%clk 0:02:43.7]} 33. a4 {[%clk 0:00:22.2]} 33... Ra6 {[%clk 0:02:40.6]} 34. Ra7 {[%clk 0:00:20]} 34... Rb6 {[%clk 0:02:36.8]} 35. a5 {[%clk 0:00:17.1]} 35... Rb8 {[%clk 0:02:34.9]} 36. Rcc7 {[%clk 0:00:13.5]} 36... Kg5 {[%clk 0:02:29.9]} 37. a6 {[%clk 0:00:12.2]} 37... h4 {[%clk 0:02:26.9]} 38. Rab7 {[%clk 0:00:11.2]} 38... Rh8 {[%clk 0:02:20.9]} 39. a7 {[%clk 0:00:09.6]} 39... g6 {[%clk 0:02:17.6]} 40. Rb8 {[%clk 0:00:08.3]} 40... Rxb8 {[%clk 0:02:14.8]} 41. axb8=Q {[%clk 0:00:08.2]} 41... f5 {[%clk 0:02:12.4]} 42. Qg8 {[%clk 0:00:05.4]} 42... Kh5 {[%clk 0:02:09]} 43. Rc6 {[%clk 0:00:04.3]} 43... g5 {[%clk 0:02:07]} 44. Qh7+ {[%clk 0:00:02.9]} 44... Kg4 {[%clk 0:02:06]} 45. h3+ {[%clk 0:00:01.1]} 45... Kg3 {[%clk 0:02:05]} 46. Qxf5 {[%clk 0:00:00.3]} 46... g4 {[%clk 0:02:01.9]} 0-1
"
2025-11-02,1762092297,white,842,ma87th,840,1.0,Win,French Defense Advance Paulsen Attack 5...Qb6,C02,https://www.chess.com/openings/French-Defense-Advance-Paulsen-Attack-5...Qb6,blitz,https://www.chess.com/game/live/145030043286,436,"[Event ""Live Chess""]
[Site ""Chess.com""]
[Date ""2025.11.02""]
[Round ""-""]
[White ""RhysLWells""]
[Black ""ma87th""]
[Result ""1-0""]
[CurrentPosition ""8/6rk/7p/3p3Q/7N/5P1P/8/1R5K b - - 0 39""]
[Timezone ""UTC""]
[ECO ""C02""]
[ECOUrl ""https://www.chess.com/openings/French-Defense-Advance-Paulsen-Attack-5...Qb6""]
[UTCDate ""2025.11.02""]
[UTCTime ""13:57:41""]
[WhiteElo ""842""]
[BlackElo ""840""]
[TimeControl ""300""]
[Termination ""RhysLWells won by resignation""]
[StartTime ""13:57:41""]
[EndDate ""2025.11.02""]
[EndTime ""14:04:57""]
[Link ""https://www.chess.com/game/live/145030043286""]

1. e4 {[%clk 0:04:58.4]} 1... e6 {[%clk 0:04:57.6]} 2. Nf3 {[%clk 0:04:57.2]} 2... d5 {[%clk 0:04:56.8]} 3. e5 {[%clk 0:04:53.6]} 3... c5 {[%clk 0:04:54.9]} 4. d4 {[%clk 0:04:52.6]} 4... Nc6 {[%clk 0:04:51.6]} 5. c3 {[%clk 0:04:47.3]} 5... Qb6 {[%clk 0:04:49.3]} 6. dxc5 {[%clk 0:04:43.3]} 6... Bxc5 {[%clk 0:04:47]} 7. Nd4 {[%clk 0:04:35]} 7... Nxd4 {[%clk 0:04:43.6]} 8. cxd4 {[%clk 0:04:32.9]} 8... Bxd4 {[%clk 0:04:42.3]} 9. Bd3 {[%clk 0:04:12.1]} 9... Bxb2 {[%clk 0:04:39.8]} 10. Bxb2 {[%clk 0:04:05.5]} 10... Qxb2 {[%clk 0:04:37.8]} 11. Nd2 {[%clk 0:04:02.5]} 11... Qc3 {[%clk 0:04:34.3]} 12. Qe2 {[%clk 0:03:54.3]} 12... Qxa1+ {[%clk 0:04:31.8]} 13. Nb1 {[%clk 0:03:44.6]} 13... Bd7 {[%clk 0:04:20.9]} 14. O-O {[%clk 0:03:43.1]} 14... Ne7 {[%clk 0:04:15.8]} 15. Bb5 {[%clk 0:03:41]} 15... Nc6 {[%clk 0:04:11.6]} 16. Na3 {[%clk 0:03:33.2]} 16... Qd4 {[%clk 0:04:03.4]} 17. Rd1 {[%clk 0:03:23.4]} 17... Qb6 {[%clk 0:03:56.5]} 18. Rb1 {[%clk 0:03:16.1]} 18... Qa5 {[%clk 0:03:46.2]} 19. Bxc6 {[%clk 0:03:00.1]} 19... Bxc6 {[%clk 0:03:44]} 20. Nc2 {[%clk 0:02:55.7]} 20... Qxa2 {[%clk 0:03:40.9]} 21. Rb4 {[%clk 0:02:27.7]} 21... O-O {[%clk 0:03:35.6]} 22. Nd4 {[%clk 0:02:26.1]} 22... Rac8 {[%clk 0:03:30.4]} 23. Qxa2 {[%clk 0:02:22.3]} 23... h6 {[%clk 0:03:13.5]} 24. h3 {[%clk 0:02:21]} 24... b6 {[%clk 0:03:06.9]} 25. Qxa7 {[%clk 0:02:13.7]} 25... Ra8 {[%clk 0:03:01.7]} 26. Qxb6 {[%clk 0:02:09.8]} 26... Ra1+ {[%clk 0:02:58.7]} 27. Kh2 {[%clk 0:02:07.3]} 27... Be8 {[%clk 0:02:56.2]} 28. Rb1 {[%clk 0:01:57.1]} 28... Ra2 {[%clk 0:02:52.1]} 29. f3 {[%clk 0:01:46.4]} 29... f6 {[%clk 0:02:45.6]} 30. exf6 {[%clk 0:01:44.1]} 30... gxf6 {[%clk 0:02:44.3]} 31. Qxe6+ {[%clk 0:01:41.5]} 31... Bf7 {[%clk 0:02:42.3]} 32. Qg4+ {[%clk 0:01:35.6]} 32... Kh7 {[%clk 0:02:38.7]} 33. Nf5 {[%clk 0:01:34.2]} 33... Rg8 {[%clk 0:02:35.2]} 34. Qd4 {[%clk 0:01:13.3]} 34... Raxg2+ {[%clk 0:02:30.6]} 35. Kh1 {[%clk 0:01:10.2]} 35... R8g5 {[%clk 0:02:22]} 36. Nh4 {[%clk 0:01:06.9]} 36... R2g3 {[%clk 0:02:16.8]} 37. Qxf6 {[%clk 0:01:00.3]} 37... Rh5 {[%clk 0:02:09]} 38. Qxf7+ {[%clk 0:00:57.9]} 38... Rg7 {[%clk 0:02:05]} 39. Qxh5 {[%clk 0:00:53.6]} 1-0
"
2025-10-28,1761683489,white,834,waf68,804,1.0,Win,Queens Pawn Opening Zukertort Variation 2...Bf5 3.Bf4 E6,D02,https://www.chess.com/openings/Queens-Pawn-Opening-Zukertort-Variation-2...Bf5-3.Bf4-e6,blitz,https://www.chess.com/game/live/144847998236,447,"[Event ""Live Chess""]
[Site ""Chess.com""]
[Date ""2025.10.28""]
[Round ""-""]
[White ""RhysLWells""]
[Black ""waf68""]
[Result ""1-0""]
[CurrentPosition ""1k2q1bb/1Qp5/p7/8/3P2P1/8/PP2P3/R5KB b - - 0 35""]
[Timezone ""UTC""]
[ECO ""D02""]
[ECOUrl ""https://www.chess.com/openings/Queens-Pawn-Opening-Zukertort-Variation-2...Bf5-3.Bf4-e6""]
[UTCDate ""2025.10.28""]
[UTCTime ""20:24:02""]
[WhiteElo ""834""]
[BlackElo ""804""]
[TimeControl ""300""]
[Termination ""RhysLWells won by checkmate""]
[StartTime ""20:24:02""]
[EndDate ""2025.10.28""]
[EndTime ""20:31:29""]
[Link ""https://www.chess.com/game/live/144847998236""]

1. d4 {[%clk 0:04:59.6]} 1... d5 {[%clk 0:04:58]} 2. Nf3 {[%clk 0:04:59.1]} 2... Bf5 {[%clk 0:04:53.7]} 3. Bf4 {[%clk 0:04:58.2]} 3... e6 {[%clk 0:04:50.7]} 4. h3 {[%clk 0:04:56.2]} 4... Bd6 {[%clk 0:04:49.9]} 5. Bd2 {[%clk 0:04:50.6]} 5... Nc6 {[%clk 0:04:45.7]} 6. g4 {[%clk 0:04:47.9]} 6... Bg6 {[%clk 0:04:43.9]} 7. Bg2 {[%clk 0:04:45]} 7... Nge7 {[%clk 0:04:40.1]} 8. h4 {[%clk 0:04:43.8]} 8... h6 {[%clk 0:04:38.8]} 9. h5 {[%clk 0:04:42.5]} 9... Bh7 {[%clk 0:04:37.5]} 10. Na3 {[%clk 0:04:38]} 10... Qd7 {[%clk 0:04:31.1]} 11. c3 {[%clk 0:04:28.5]} 11... O-O-O {[%clk 0:04:29.2]} 12. O-O {[%clk 0:04:18.2]} 12... g6 {[%clk 0:04:26.6]} 13. hxg6 {[%clk 0:04:14.9]} 13... Bxg6 {[%clk 0:04:24.8]} 14. Nh4 {[%clk 0:04:13.1]} 14... Bh7 {[%clk 0:04:20.1]} 15. Bxh6 {[%clk 0:04:09.1]} 15... Bg8 {[%clk 0:04:17.1]} 16. Bg5 {[%clk 0:04:03.1]} 16... f6 {[%clk 0:04:14.2]} 17. Bxf6 {[%clk 0:03:59.9]} 17... Rh6 {[%clk 0:04:02.4]} 18. Bxe7 {[%clk 0:03:36]} 18... Bxe7 {[%clk 0:03:59.6]} 19. c4 {[%clk 0:03:10]} 19... Rxh4 {[%clk 0:03:49.5]} 20. cxd5 {[%clk 0:03:07]} 20... Qd6 {[%clk 0:03:35.9]} 21. f4 {[%clk 0:02:49.5]} 21... exd5 {[%clk 0:03:23.7]} 22. Nb5 {[%clk 0:02:41.1]} 22... Qg6 {[%clk 0:03:10.1]} 23. Bf3 {[%clk 0:02:23.5]} 23... Rf8 {[%clk 0:02:59.5]} 24. f5 {[%clk 0:02:10.2]} 24... Qh7 {[%clk 0:02:45.3]} 25. Rf2 {[%clk 0:02:03.5]} 25... Rh1+ {[%clk 0:02:40.7]} 26. Bxh1 {[%clk 0:02:01.9]} 26... a6 {[%clk 0:02:33.9]} 27. Nc3 {[%clk 0:01:57.7]} 27... Bf6 {[%clk 0:02:26.7]} 28. Nxd5 {[%clk 0:01:48.5]} 28... Bg7 {[%clk 0:02:14]} 29. f6 {[%clk 0:01:30.5]} 29... Bh8 {[%clk 0:02:08.3]} 30. Ne7+ {[%clk 0:01:07.9]} 30... Nxe7 {[%clk 0:02:02]} 31. fxe7 {[%clk 0:01:06.9]} 31... Qxe7 {[%clk 0:02:01.2]} 32. Rxf8+ {[%clk 0:01:05.3]} 32... Qxf8 {[%clk 0:02:00]} 33. Qf1 {[%clk 0:00:56.8]} 33... Qe8 {[%clk 0:01:55.9]} 34. Qf3 {[%clk 0:00:51.4]} 34... Kb8 {[%clk 0:01:54.1]} 35. Qxb7# {[%clk 0:00:49.8]} 1-0
"
2025-10-28,1761681007,black,826,ltk2023,864,0.0,Loss,Queens Pawn Opening Levitsky Attack 2...F6 3.Bh4,D00,https://www.chess.com/openings/Queens-Pawn-Opening-Levitsky-Attack-2...f6-3.Bh4,blitz,https://www.chess.com/game/live/144846632284,513,"[Event ""Live Chess""]
[Site ""Chess.com""]
[Date ""2025.10.28""]
[Round ""-""]
[White ""ltk2023""]
[Black ""RhysLWells""]
[Result ""1-0""]
[CurrentPosition ""3k2Q1/1pr5/p2b3p/4p1p1/8/8/PP3PPP/5K1R b - - 2 32""]
[Timezone ""UTC""]
[ECO ""D00""]
[ECOUrl ""https://www.chess.com/openings/Queens-Pawn-Opening-Levitsky-Attack-2...f6-3.Bh4""]
[UTCDate ""2025.10.28""]
[UTCTime ""19:41:34""]
[WhiteElo ""864""]
[BlackElo ""826""]
[TimeControl ""300""]
[Termination ""ltk2023 won on time""]
[StartTime ""19:41:34""]
[EndDate ""2025.10.28""]
[EndTime ""19:50:07""]
[Link ""https://www.chess.com/game/live/144846632284""]

1. d4 {[%clk 0:04:59.5]} 1... d5 {[%clk 0:04:48.5]} 2. Bg5 {[%clk 0:04:56.4]} 2... f6 {[%clk 0:04:46.3]} 3. Bh4 {[%clk 0:04:53.3]} 3... e6 {[%clk 0:04:43.9]} 4. e3 {[%clk 0:04:50.3]} 4... a6 {[%clk 0:04:41]} 5. Nc3 {[%clk 0:04:48.3]} 5... c6 {[%clk 0:04:38.2]} 6. Nf3 {[%clk 0:04:42.8]} 6... Nd7 {[%clk 0:04:35.8]} 7. Bd3 {[%clk 0:04:37.4]} 7... Ne7 {[%clk 0:04:30.3]} 8. Ne5 {[%clk 0:04:31.1]} 8... fxe5 {[%clk 0:04:24]} 9. dxe5 {[%clk 0:04:28.2]} 9... Nxe5 {[%clk 0:04:22.7]} 10. Qh5+ {[%clk 0:04:19.9]} 10... N5g6 {[%clk 0:04:16.2]} 11. Bxg6+ {[%clk 0:04:14.7]} 11... Kd7 {[%clk 0:03:48.5]} 12. e4 {[%clk 0:04:00.8]} 12... Nxg6 {[%clk 0:03:45.2]} 13. Bxd8 {[%clk 0:03:57.4]} 13... Kxd8 {[%clk 0:03:26.2]} 14. Qg5+ {[%clk 0:03:52.4]} 14... Be7 {[%clk 0:03:20.7]} 15. Qg3 {[%clk 0:03:48.9]} 15... Rf8 {[%clk 0:03:11.3]} 16. exd5 {[%clk 0:03:46.2]} 16... cxd5 {[%clk 0:03:08.3]} 17. Rd1 {[%clk 0:03:42.4]} 17... Bd7 {[%clk 0:02:38]} 18. Qh3 {[%clk 0:03:36.1]} 18... h6 {[%clk 0:02:31.1]} 19. Qh5 {[%clk 0:03:31.5]} 19... Nf4 {[%clk 0:02:23.4]} 20. Qg4 {[%clk 0:03:14]} 20... g5 {[%clk 0:02:13.7]} 21. Kf1 {[%clk 0:03:05.5]} 21... e5 {[%clk 0:01:50.1]} 22. Qf3 {[%clk 0:02:53.4]} 22... Bc6 {[%clk 0:01:37.4]} 23. Nxd5 {[%clk 0:02:36.6]} 23... Nxd5 {[%clk 0:01:32.2]} 24. Qh5 {[%clk 0:02:28.7]} 24... Rf6 {[%clk 0:01:03.1]} 25. c4 {[%clk 0:02:26.3]} 25... Rd6 {[%clk 0:00:28.2]} 26. cxd5 {[%clk 0:02:23]} 26... Bxd5 {[%clk 0:00:22]} 27. Qg4 {[%clk 0:02:07.4]} 27... Rc8 {[%clk 0:00:15.5]} 28. Qb4 {[%clk 0:01:59.7]} 28... Rd7 {[%clk 0:00:06.9]} 29. Qa5+ {[%clk 0:01:54.4]} 29... Rcc7 {[%clk 0:00:05]} 30. Rxd5 {[%clk 0:01:51.8]} 30... Rxd5 {[%clk 0:00:02.8]} 31. Qxd5+ {[%clk 0:01:50.1]} 31... Bd6 {[%clk 0:00:01]} 32. Qg8+ {[%clk 0:01:47.2]} 1-0
"
2025-10-27,1761598504,black,833,Drewser77,853,0.0,Loss,Kings Gambit Declined Queens Knight Defense 3.Nf3,C30,https://www.chess.com/openings/Kings-Gambit-Declined-Queens-Knight-Defense-3.Nf3,blitz,https://www.chess.com/game/live/144808314056,292,"[Event ""Live Chess""]
[Site ""Chess.com""]
[Date ""2025.10.27""]
[Round ""-""]
[White ""Drewser77""]
[Black ""RhysLWells""]
[Result ""1-0""]
[CurrentPosition ""r1bq1b1r/2k1nQp1/p2p3p/Bp6/3P4/1B6/PPP3PP/RN4K1 b - - 5 17""]
[Timezone ""UTC""]
[ECO ""C30""]
[ECOUrl ""https://www.chess.com/openings/Kings-Gambit-Declined-Queens-Knight-Defense-3.Nf3""]
[UTCDate ""2025.10.27""]
[UTCTime ""20:50:12""]
[WhiteElo ""853""]
[BlackElo ""833""]
[TimeControl ""300""]
[Termination ""Drewser77 won - game abandoned""]
[StartTime ""20:50:12""]
[EndDate ""2025.10.27""]
[EndTime ""20:55:04""]
[Link ""https://www.chess.com/game/live/144808314056""]

1. e4 {[%clk 0:04:58.7]} 1... e5 {[%clk 0:04:58.9]} 2. f4 {[%clk 0:04:56.8]} 2... Nc6 {[%clk 0:04:57.5]} 3. Nf3 {[%clk 0:04:56]} 3... exf4 {[%clk 0:04:55.2]} 4. d4 {[%clk 0:04:55]} 4... Nf6 {[%clk 0:04:48.5]} 5. e5 {[%clk 0:04:53.1]} 5... Nd5 {[%clk 0:04:46.7]} 6. Bc4 {[%clk 0:04:50.5]} 6... Nce7 {[%clk 0:04:41.5]} 7. O-O {[%clk 0:04:38.3]} 7... a6 {[%clk 0:04:39.5]} 8. Ng5 {[%clk 0:04:33.2]} 8... b5 {[%clk 0:04:32.6]} 9. Bb3 {[%clk 0:04:31.3]} 9... h6 {[%clk 0:04:23.6]} 10. Nxf7 {[%clk 0:04:28.6]} 10... Kxf7 {[%clk 0:04:22.1]} 11. Rxf4+ {[%clk 0:04:21]} 11... Ke8 {[%clk 0:03:58.5]} 12. Qf3 {[%clk 0:04:08.1]} 12... d6 {[%clk 0:03:47.1]} 13. exd6 {[%clk 0:03:47.8]} 13... Nxf4 {[%clk 0:03:29.7]} 14. Qxf4 {[%clk 0:03:35.5]} 14... cxd6 {[%clk 0:03:14.3]} 15. Qf7+ {[%clk 0:03:24]} 15... Kd7 {[%clk 0:03:04.4]} 16. Bd2 {[%clk 0:03:15.9]} 16... Kc7 {[%clk 0:02:44.2]} 17. Ba5+ {[%clk 0:03:12.7]} 1-0
"
2025-10-27,1761598210,white,841,Mahmad04,863,0.0,Loss,Queens Pawn Opening Zukertort Variation,D02,https://www.chess.com/openings/Queens-Pawn-Opening-Zukertort-Variation,blitz,https://www.chess.com/game/live/144808081050,442,"[Event ""Live Chess""]
[Site ""Chess.com""]
[Date ""2025.10.27""]
[Round ""-""]
[White ""RhysLWells""]
[Black ""Mahmad04""]
[Result ""0-1""]
[CurrentPosition ""r1r3k1/4qpnp/2p3p1/p3P3/Pp1R1PP1/1P3B1P/4P3/K6R b - - 0 29""]
[Timezone ""UTC""]
[ECO ""D02""]
[ECOUrl ""https://www.chess.com/openings/Queens-Pawn-Opening-Zukertort-Variation""]
[UTCDate ""2025.10.27""]
[UTCTime ""20:42:48""]
[WhiteElo ""841""]
[BlackElo ""863""]
[TimeControl ""300""]
[Termination ""Mahmad04 won by resignation""]
[StartTime ""20:42:48""]
[EndDate ""2025.10.27""]
[EndTime ""20:50:10""]
[Link ""https://www.chess.com/game/live/144808081050""]

1. d4 {[%clk 0:04:59]} 1... d5 {[%clk 0:04:58.4]} 2. Nf3 {[%clk 0:04:58.3]} 2... g6 {[%clk 0:04:56.4]} 3. Bf4 {[%clk 0:04:57.6]} 3... Bg7 {[%clk 0:04:55.6]} 4. Nc3 {[%clk 0:04:53]} 4... c6 {[%clk 0:04:50.3]} 5. g3 {[%clk 0:04:50.7]} 5... Na6 {[%clk 0:04:47.7]} 6. b3 {[%clk 0:04:48.5]} 6... Nf6 {[%clk 0:04:42.6]} 7. Bg2 {[%clk 0:04:45]} 7... O-O {[%clk 0:04:40.6]} 8. Qd2 {[%clk 0:04:35.7]} 8... Bf5 {[%clk 0:04:17.6]} 9. Nh4 {[%clk 0:04:28.2]} 9... Bd7 {[%clk 0:04:02.5]} 10. Bh6 {[%clk 0:04:21.4]} 10... Nh5 {[%clk 0:03:56.9]} 11. Bxg7 {[%clk 0:04:16.4]} 11... Nxg7 {[%clk 0:03:55]} 12. h3 {[%clk 0:04:14.7]} 12... e5 {[%clk 0:03:50.2]} 13. g4 {[%clk 0:04:07.7]} 13... Qxh4 {[%clk 0:03:46.5]} 14. dxe5 {[%clk 0:03:58.9]} 14... Nc5 {[%clk 0:03:30.4]} 15. b4 {[%clk 0:03:38.7]} 15... Na6 {[%clk 0:03:17.6]} 16. O-O-O {[%clk 0:03:34.3]} 16... Nxb4 {[%clk 0:02:48.1]} 17. Kb2 {[%clk 0:03:20.7]} 17... Be6 {[%clk 0:02:42.8]} 18. a3 {[%clk 0:03:16.4]} 18... Na6 {[%clk 0:02:38.4]} 19. f4 {[%clk 0:03:00.8]} 19... b5 {[%clk 0:02:27.5]} 20. Na2 {[%clk 0:02:49.2]} 20... Qg3 {[%clk 0:02:09.4]} 21. Bf3 {[%clk 0:02:47]} 21... Qh4 {[%clk 0:01:53.9]} 22. Nb4 {[%clk 0:02:28.1]} 22... Nxb4 {[%clk 0:01:50.6]} 23. Qxb4 {[%clk 0:02:26.7]} 23... a5 {[%clk 0:01:48.1]} 24. Qc3 {[%clk 0:02:19.9]} 24... Rfc8 {[%clk 0:01:43.4]} 25. Ka1 {[%clk 0:02:05.3]} 25... b4 {[%clk 0:01:41.3]} 26. Qb3 {[%clk 0:01:53.7]} 26... Qe7 {[%clk 0:01:35]} 27. a4 {[%clk 0:01:51.7]} 27... d4 {[%clk 0:01:12.7]} 28. Rxd4 {[%clk 0:01:43.3]} 28... Bxb3 {[%clk 0:01:10.5]} 29. cxb3 {[%clk 0:01:41.3]} 0-1
"
2025-10-26,1761487940,black,849,longl1hhh,813,1.0,Win,Italian Game,C50,https://www.chess.com/openings/Italian-Game,blitz,https://www.chess.com/game/live/144755504220,596,"[Event ""Live Chess""]
[Site ""Chess.com""]
[Date ""2025.10.26""]
[Round ""-""]
[White ""longl1hhh""]
[Black ""RhysLWells""]
[Result ""0-1""]
[CurrentPosition ""8/8/8/2kpQ3/3q4/6PR/6NK/8 w - - 1 44""]
[Timezone ""UTC""]
[ECO ""C50""]
[ECOUrl ""https://www.chess.com/openings/Italian-Game""]
[UTCDate ""2025.10.26""]
[UTCTime ""14:02:24""]
[WhiteElo ""813""]
[BlackElo ""849""]
[TimeControl ""300""]
[Termination ""RhysLWells won on time""]
[StartTime ""14:02:24""]
[EndDate ""2025.10.26""]
[EndTime ""14:12:20""]
[Link ""https://www.chess.com/game/live/144755504220""]

1. e4 {[%clk 0:04:55.7]} 1... e5 {[%clk 0:04:59.2]} 2. Nf3 {[%clk 0:04:54.6]} 2... Nc6 {[%clk 0:04:58.3]} 3. Bc4 {[%clk 0:04:53.5]} 3... f6 {[%clk 0:04:54.9]} 4. Nc3 {[%clk 0:04:50.5]} 4... Bb4 {[%clk 0:04:52.1]} 5. O-O {[%clk 0:04:46.8]} 5... a6 {[%clk 0:04:50.8]} 6. a3 {[%clk 0:04:44.8]} 6... Be7 {[%clk 0:04:49.4]} 7. d4 {[%clk 0:04:41.1]} 7... d6 {[%clk 0:04:43.1]} 8. d5 {[%clk 0:04:39.4]} 8... Na5 {[%clk 0:04:40]} 9. Be2 {[%clk 0:04:36.5]} 9... g5 {[%clk 0:04:34]} 10. b4 {[%clk 0:04:34.5]} 10... Nc6 {[%clk 0:04:18.9]} 11. Bd2 {[%clk 0:04:27.9]} 11... Nb8 {[%clk 0:04:13.7]} 12. a4 {[%clk 0:04:23.7]} 12... c6 {[%clk 0:04:01.4]} 13. b5 {[%clk 0:04:21.1]} 13... cxd5 {[%clk 0:03:59.5]} 14. Nxd5 {[%clk 0:04:17.4]} 14... Nd7 {[%clk 0:03:56.2]} 15. Nxe7 {[%clk 0:04:10.2]} 15... Qxe7 {[%clk 0:03:54.8]} 16. bxa6 {[%clk 0:04:07.6]} 16... bxa6 {[%clk 0:03:53.2]} 17. Rb1 {[%clk 0:03:50.2]} 17... Nh6 {[%clk 0:03:35.9]} 18. h4 {[%clk 0:03:44.2]} 18... O-O {[%clk 0:03:27.6]} 19. hxg5 {[%clk 0:03:42.4]} 19... fxg5 {[%clk 0:03:26.7]} 20. Bxg5 {[%clk 0:03:41.3]} 20... Qg7 {[%clk 0:03:16.5]} 21. Bxh6 {[%clk 0:03:24.8]} 21... Qxh6 {[%clk 0:03:14.3]} 22. g3 {[%clk 0:02:41.1]} 22... Nf6 {[%clk 0:03:10.1]} 23. Kg2 {[%clk 0:02:40.1]} 23... Nxe4 {[%clk 0:03:08.5]} 24. Rh1 {[%clk 0:02:37.9]} 24... Qg6 {[%clk 0:02:58.3]} 25. Bd3 {[%clk 0:02:33.9]} 25... Bf5 {[%clk 0:02:52.1]} 26. Nh4 {[%clk 0:02:30.4]} 26... Bh3+ {[%clk 0:02:30.3]} 27. Rxh3 {[%clk 0:02:25.5]} 27... Rxf2+ {[%clk 0:02:24.3]} 28. Kg1 {[%clk 0:02:16.1]} 28... Qf7 {[%clk 0:01:38.9]} 29. Bxe4 {[%clk 0:01:11.1]} 29... Rf8 {[%clk 0:01:32]} 30. Bd5 {[%clk 0:00:39.7]} 30... Rf1+ {[%clk 0:01:20.4]} 31. Qxf1 {[%clk 0:00:33.8]} 31... Qxd5 {[%clk 0:01:17]} 32. Qxa6 {[%clk 0:00:24.1]} 32... Qd4+ {[%clk 0:01:11.3]} 33. Kh1 {[%clk 0:00:14.9]} 33... Qe4+ {[%clk 0:01:05.3]} 34. Ng2 {[%clk 0:00:11.5]} 34... Qxc2 {[%clk 0:00:57.3]} 35. Rf1 {[%clk 0:00:08.4]} 35... Rxf1+ {[%clk 0:00:53.2]} 36. Qxf1 {[%clk 0:00:06.8]} 36... Qxa4 {[%clk 0:00:47.6]} 37. Qf5 {[%clk 0:00:05]} 37... Qd1+ {[%clk 0:00:43]} 38. Kh2 {[%clk 0:00:04.1]} 38... d5 {[%clk 0:00:39.2]} 39. Qxh7+ {[%clk 0:00:02.9]} 39... Kf8 {[%clk 0:00:36.9]} 40. Qh8+ {[%clk 0:00:02.3]} 40... Ke7 {[%clk 0:00:35.8]} 41. Qg7+ {[%clk 0:00:01.6]} 41... Kd6 {[%clk 0:00:35]} 42. Qf6+ {[%clk 0:00:00.7]} 42... Kc5 {[%clk 0:00:34.5]} 43. Qxe5 {[%clk 0:00:00.1]} 43... Qd4 {[%clk 0:00:32.6]} 0-1
"
2025-10-26,1761487338,white,842,BJJNEMESIS,818,1.0,Win,Queens Pawn Opening Zukertort Chigorin Variation,D02,https://www.chess.com/openings/Queens-Pawn-Opening-Zukertort-Chigorin-Variation,blitz,https://www.chess.com/game/live/144755360388,241,"[Event ""Live Chess""]
[Site ""Chess.com""]
[Date ""2025.10.26""]
[Round ""-""]
[White ""RhysLWells""]
[Black ""BJJNEMESIS""]
[Result ""1-0""]
[CurrentPosition ""3R1rk1/pp4pp/8/1qpQ4/8/1P5P/P4PP1/6K1 b - - 3 25""]
[Timezone ""UTC""]
[ECO ""D02""]
[ECOUrl ""https://www.chess.com/openings/Queens-Pawn-Opening-Zukertort-Chigorin-Variation""]
[UTCDate ""2025.10.26""]
[UTCTime ""13:58:17""]
[WhiteElo ""842""]
[BlackElo ""818""]
[TimeControl ""300""]
[Termination ""RhysLWells won by resignation""]
[StartTime ""13:58:17""]
[EndDate ""2025.10.26""]
[EndTime ""14:02:18""]
[Link ""https://www.chess.com/game/live/144755360388""]

1. d4 {[%clk 0:04:58.8]} 1... d5 {[%clk 0:04:58.7]} 2. Nf3 {[%clk 0:04:57.8]} 2... Nc6 {[%clk 0:04:58]} 3. Nbd2 {[%clk 0:04:53.6]} 3... e6 {[%clk 0:04:57.2]} 4. c4 {[%clk 0:04:52.6]} 4... dxc4 {[%clk 0:04:55.9]} 5. Nxc4 {[%clk 0:04:51.3]} 5... Nf6 {[%clk 0:04:54.5]} 6. Bg5 {[%clk 0:04:45.9]} 6... Be7 {[%clk 0:04:52.9]} 7. e4 {[%clk 0:04:38.4]} 7... Nxe4 {[%clk 0:04:47]} 8. Bxe7 {[%clk 0:04:36.5]} 8... Qxe7 {[%clk 0:04:45.8]} 9. Bd3 {[%clk 0:04:23.4]} 9... Nd6 {[%clk 0:04:43.8]} 10. Nce5 {[%clk 0:04:18.3]} 10... Nxe5 {[%clk 0:04:41.5]} 11. dxe5 {[%clk 0:04:16.7]} 11... Nf5 {[%clk 0:04:36.9]} 12. O-O {[%clk 0:04:09.2]} 12... O-O {[%clk 0:04:35.3]} 13. Bxf5 {[%clk 0:04:05.8]} 13... exf5 {[%clk 0:04:33.2]} 14. Re1 {[%clk 0:03:58.6]} 14... f4 {[%clk 0:04:31.2]} 15. Qd2 {[%clk 0:03:54.3]} 15... Bg4 {[%clk 0:04:29.8]} 16. Qxf4 {[%clk 0:03:49.5]} 16... Bxf3 {[%clk 0:04:28.6]} 17. Qxf3 {[%clk 0:03:47.7]} 17... Qb4 {[%clk 0:04:18.2]} 18. b3 {[%clk 0:03:40.9]} 18... c5 {[%clk 0:04:13.3]} 19. h3 {[%clk 0:03:37]} 19... Rae8 {[%clk 0:04:11.5]} 20. Re4 {[%clk 0:03:30.3]} 20... Qb5 {[%clk 0:03:48.6]} 21. Rd1 {[%clk 0:03:16.6]} 21... f6 {[%clk 0:03:44.6]} 22. exf6 {[%clk 0:02:58.7]} 22... Rxe4 {[%clk 0:03:41.9]} 23. Qxe4 {[%clk 0:02:54.1]} 23... Rxf6 {[%clk 0:03:36.9]} 24. Rd8+ {[%clk 0:02:51]} 24... Rf8 {[%clk 0:03:35]} 25. Qd5+ {[%clk 0:02:42.5]} 1-0
"
2025-10-25,1761416344,white,834,vinhtuquy,838,0.0,Loss,Ponziani Opening 3...D6 4.D4,C44,https://www.chess.com/openings/Ponziani-Opening-3...d6-4.d4,blitz,https://www.chess.com/game/live/144725750410,443,"[Event ""Live Chess""]
[Site ""Chess.com""]
[Date ""2025.10.25""]
[Round ""-""]
[White ""RhysLWells""]
[Black ""vinhtuquy""]
[Result ""0-1""]
[CurrentPosition ""2k2r2/1pp4p/1p1pN3/6p1/4P1P1/4n2P/PP4r1/R5KR w - - 6 32""]
[Timezone ""UTC""]
[ECO ""C44""]
[ECOUrl ""https://www.chess.com/openings/Ponziani-Opening-3...d6-4.d4""]
[UTCDate ""2025.10.25""]
[UTCTime ""18:11:41""]
[WhiteElo ""834""]
[BlackElo ""838""]
[TimeControl ""300""]
[Termination ""vinhtuquy won by checkmate""]
[StartTime ""18:11:41""]
[EndDate ""2025.10.25""]
[EndTime ""18:19:04""]
[Link ""https://www.chess.com/game/live/144725750410""]

1. e4 {[%clk 0:04:59.7]} 1... d6 {[%clk 0:04:59.4]} 2. d4 {[%clk 0:04:56.8]} 2... Nc6 {[%clk 0:04:58.8]} 3. Nf3 {[%clk 0:04:55.5]} 3... e5 {[%clk 0:04:57.2]} 4. c3 {[%clk 0:04:53.3]} 4... exd4 {[%clk 0:04:55.6]} 5. cxd4 {[%clk 0:04:52.4]} 5... Nf6 {[%clk 0:04:54]} 6. Nc3 {[%clk 0:04:49.4]} 6... Bg4 {[%clk 0:04:53.6]} 7. Be2 {[%clk 0:04:48]} 7... Qe7 {[%clk 0:04:51.1]} 8. h3 {[%clk 0:04:46.3]} 8... Bh5 {[%clk 0:04:49.6]} 9. g4 {[%clk 0:04:44.7]} 9... Bg6 {[%clk 0:04:46.1]} 10. Nd2 {[%clk 0:04:42]} 10... Nxd4 {[%clk 0:04:43.3]} 11. Bc4 {[%clk 0:04:27.2]} 11... Nc6 {[%clk 0:04:06.7]} 12. f3 {[%clk 0:04:25.7]} 12... O-O-O {[%clk 0:04:02.8]} 13. Qe2 {[%clk 0:04:13.1]} 13... Nd7 {[%clk 0:03:45.7]} 14. Nd5 {[%clk 0:04:05.5]} 14... Qe5 {[%clk 0:03:37]} 15. f4 {[%clk 0:03:41.1]} 15... Qd4 {[%clk 0:03:26.2]} 16. f5 {[%clk 0:03:22.8]} 16... Nb6 {[%clk 0:03:12.6]} 17. Nxb6+ {[%clk 0:03:18.9]} 17... axb6 {[%clk 0:03:08.5]} 18. fxg6 {[%clk 0:03:17.9]} 18... Ne5 {[%clk 0:03:07.3]} 19. gxf7 {[%clk 0:03:04.2]} 19... Be7 {[%clk 0:02:56.6]} 20. Nb3 {[%clk 0:02:54.4]} 20... Bh4+ {[%clk 0:02:44.6]} 21. Kf1 {[%clk 0:02:38.2]} 21... Qxc4 {[%clk 0:02:14.5]} 22. Qxc4 {[%clk 0:02:33.9]} 22... Nxc4 {[%clk 0:02:13.1]} 23. Bf4 {[%clk 0:02:22]} 23... Rhf8 {[%clk 0:02:09.4]} 24. Kg2 {[%clk 0:02:02.1]} 24... Rxf7 {[%clk 0:02:07.5]} 25. Bg3 {[%clk 0:02:01.2]} 25... Ne3+ {[%clk 0:01:58.9]} 26. Kh2 {[%clk 0:01:56.8]} 26... Bxg3+ {[%clk 0:01:49.7]} 27. Kxg3 {[%clk 0:01:55.5]} 27... Rdf8 {[%clk 0:01:48.7]} 28. Nd4 {[%clk 0:01:41.1]} 28... g5 {[%clk 0:01:43.2]} 29. Ne6 {[%clk 0:01:37.1]} 29... Rf3+ {[%clk 0:01:31.9]} 30. Kh2 {[%clk 0:01:33.2]} 30... Rf2+ {[%clk 0:01:29.1]} 31. Kg1 {[%clk 0:01:26]} 31... Rg2# {[%clk 0:01:21.3]} 0-1
"
2025-10-25,1761411467,black,842,Bielxmns,876,0.0,Loss,Reti Opening Queens Gambit Invitation,A04,https://www.chess.com/openings/Reti-Opening-Queens-Gambit-Invitation,blitz,https://www.chess.com/game/live/144723123884,166,"[Event ""Live Chess""]
[Site ""Chess.com""]
[Date ""2025.10.25""]
[Round ""-""]
[White ""Bielxmns""]
[Black ""RhysLWells""]
[Result ""1-0""]
[CurrentPosition ""r2qk1nr/1b1p2Rp/p3pp2/1p5Q/3N4/1PN1P3/PBP2P1b/R3K3 b Qkq - 1 16""]
[Timezone ""UTC""]
[ECO ""A04""]
[ECOUrl ""https://www.chess.com/openings/Reti-Opening-Queens-Gambit-Invitation""]
[UTCDate ""2025.10.25""]
[UTCTime ""16:55:01""]
[WhiteElo ""876""]
[BlackElo ""842""]
[TimeControl ""300""]
[Termination ""Bielxmns won by resignation""]
[StartTime ""16:55:01""]
[EndDate ""2025.10.25""]
[EndTime ""16:57:47""]
[Link ""https://www.chess.com/game/live/144723123884""]

1. Nf3 {[%clk 0:04:59.7]} 1... e6 {[%clk 0:04:58.7]} 2. e3 {[%clk 0:04:58]} 2... Bc5 {[%clk 0:04:57.1]} 3. Nc3 {[%clk 0:04:55.6]} 3... Nc6 {[%clk 0:04:55.6]} 4. Na4 {[%clk 0:04:53.4]} 4... Bd6 {[%clk 0:04:52.9]} 5. b3 {[%clk 0:04:45]} 5... a6 {[%clk 0:04:51.4]} 6. Bb2 {[%clk 0:04:44]} 6... f6 {[%clk 0:04:48.5]} 7. Bd3 {[%clk 0:04:35.6]} 7... Nb4 {[%clk 0:04:45.9]} 8. Qe2 {[%clk 0:04:28.8]} 8... Nxd3+ {[%clk 0:04:42.4]} 9. Qxd3 {[%clk 0:04:27.2]} 9... b5 {[%clk 0:04:38.5]} 10. Nc3 {[%clk 0:04:22.4]} 10... Bb7 {[%clk 0:04:36.9]} 11. Qe2 {[%clk 0:04:14.8]} 11... c5 {[%clk 0:04:34.1]} 12. d4 {[%clk 0:04:01.9]} 12... cxd4 {[%clk 0:04:30.4]} 13. Nxd4 {[%clk 0:03:55.6]} 13... Bxg2 {[%clk 0:04:28.8]} 14. Rg1 {[%clk 0:03:51.5]} 14... Bb7 {[%clk 0:03:59.9]} 15. Rxg7 {[%clk 0:03:49.4]} 15... Bxh2 {[%clk 0:03:55.7]} 16. Qh5+ {[%clk 0:03:41.1]} 1-0
"
2025-10-25,1761411294,black,850,ErnieQuinch,886,0.0,Loss,French Defense Knight Variation,C00,https://www.chess.com/openings/French-Defense-Knight-Variation,blitz,https://www.chess.com/game/live/144722766048,607,"[Event ""Live Chess""]
[Site ""Chess.com""]
[Date ""2025.10.25""]
[Round ""-""]
[White ""ErnieQuinch""]
[Black ""RhysLWells""]
[Result ""1-0""]
[CurrentPosition ""4N2Q/8/7K/p7/P4R2/8/5P2/5k2 b - - 0 58""]
[Timezone ""UTC""]
[ECO ""C00""]
[ECOUrl ""https://www.chess.com/openings/French-Defense-Knight-Variation""]
[UTCDate ""2025.10.25""]
[UTCTime ""16:44:47""]
[WhiteElo ""886""]
[BlackElo ""850""]
[TimeControl ""300""]
[Termination ""ErnieQuinch won on time""]
[StartTime ""16:44:47""]
[EndDate ""2025.10.25""]
[EndTime ""16:54:54""]
[Link ""https://www.chess.com/game/live/144722766048""]

1. e4 {[%clk 0:04:58]} 1... e6 {[%clk 0:04:59.4]} 2. Nf3 {[%clk 0:04:55.7]} 2... Nc6 {[%clk 0:04:58.7]} 3. Nc3 {[%clk 0:04:53.4]} 3... Bc5 {[%clk 0:04:57.7]} 4. d4 {[%clk 0:04:50]} 4... Bb6 {[%clk 0:04:55.8]} 5. Bb5 {[%clk 0:04:43.8]} 5... a6 {[%clk 0:04:51.7]} 6. Bxc6 {[%clk 0:04:41.5]} 6... bxc6 {[%clk 0:04:50.9]} 7. O-O {[%clk 0:04:38.1]} 7... Ne7 {[%clk 0:04:47]} 8. Be3 {[%clk 0:04:34.2]} 8... Bb7 {[%clk 0:04:41.9]} 9. b4 {[%clk 0:04:30.7]} 9... O-O {[%clk 0:04:37.1]} 10. a4 {[%clk 0:04:28.6]} 10... a5 {[%clk 0:04:31.5]} 11. b5 {[%clk 0:04:22.3]} 11... h6 {[%clk 0:04:17.7]} 12. bxc6 {[%clk 0:04:18.1]} 12... Nxc6 {[%clk 0:04:14.6]} 13. Nb5 {[%clk 0:04:13.3]} 13... Nb4 {[%clk 0:04:08.8]} 14. c3 {[%clk 0:04:01.9]} 14... Na6 {[%clk 0:04:04.8]} 15. Qd3 {[%clk 0:03:50.1]} 15... c6 {[%clk 0:04:01.3]} 16. Na3 {[%clk 0:03:42.2]} 16... Nc7 {[%clk 0:03:55.5]} 17. Nc4 {[%clk 0:03:40]} 17... Ne8 {[%clk 0:03:47.6]} 18. Rab1 {[%clk 0:03:32]} 18... Ba6 {[%clk 0:03:30.6]} 19. Rxb6 {[%clk 0:03:05]} 19... Bxc4 {[%clk 0:03:28.3]} 20. Qxc4 {[%clk 0:02:49.4]} 20... Qxb6 {[%clk 0:03:27.4]} 21. d5 {[%clk 0:02:44.3]} 21... Qc7 {[%clk 0:03:14]} 22. Bc5 {[%clk 0:02:31.1]} 22... Nd6 {[%clk 0:03:06.5]} 23. Qd4 {[%clk 0:02:21.8]} 23... cxd5 {[%clk 0:02:54.5]} 24. e5 {[%clk 0:02:10.5]} 24... Rfb8 {[%clk 0:02:51.5]} 25. Bxd6 {[%clk 0:01:47.5]} 25... Qa7 {[%clk 0:02:47.5]} 26. Bxb8 {[%clk 0:01:43.6]} 26... Qxd4 {[%clk 0:02:45.2]} 27. cxd4 {[%clk 0:01:41.2]} 27... Rxb8 {[%clk 0:02:44.2]} 28. h3 {[%clk 0:01:37.2]} 28... Rb4 {[%clk 0:02:38.1]} 29. Ra1 {[%clk 0:01:34]} 29... g6 {[%clk 0:02:32.5]} 30. g4 {[%clk 0:01:29.1]} 30... Kg7 {[%clk 0:02:31.3]} 31. Kg2 {[%clk 0:01:27.4]} 31... f6 {[%clk 0:02:29.9]} 32. Ra2 {[%clk 0:01:25.5]} 32... f5 {[%clk 0:02:22.3]} 33. gxf5 {[%clk 0:01:21.6]} 33... gxf5 {[%clk 0:02:20.3]} 34. Kg3 {[%clk 0:01:13.3]} 34... Kg6 {[%clk 0:02:18.3]} 35. Kf4 {[%clk 0:01:08.5]} 35... h5 {[%clk 0:02:15.3]} 36. h4 {[%clk 0:01:05.6]} 36... Kf7 {[%clk 0:02:09.1]} 37. Kg5 {[%clk 0:01:01.3]} 37... Ke7 {[%clk 0:02:03.4]} 38. Kxh5 {[%clk 0:00:59.7]} 38... d6 {[%clk 0:02:02.7]} 39. Kg5 {[%clk 0:00:52.8]} 39... dxe5 {[%clk 0:01:56.8]} 40. dxe5 {[%clk 0:00:51.1]} 40... d4 {[%clk 0:01:54]} 41. h5 {[%clk 0:00:48.6]} 41... d3 {[%clk 0:01:50.4]} 42. h6 {[%clk 0:00:46.6]} 42... Rg4+ {[%clk 0:01:46.8]} 43. Kh5 {[%clk 0:00:40.3]} 43... Rg8 {[%clk 0:01:17.6]} 44. h7 {[%clk 0:00:35.9]} 44... Rh8 {[%clk 0:01:15]} 45. Ng5 {[%clk 0:00:33.8]} 45... f4 {[%clk 0:01:10]} 46. Rb2 {[%clk 0:00:30.8]} 46... Kd7 {[%clk 0:00:48.5]} 47. Rd2 {[%clk 0:00:29.1]} 47... Kc6 {[%clk 0:00:31.3]} 48. Rxd3 {[%clk 0:00:27.6]} 48... Kc5 {[%clk 0:00:29.3]} 49. Rf3 {[%clk 0:00:23.7]} 49... Kb4 {[%clk 0:00:23.2]} 50. Rxf4+ {[%clk 0:00:22.4]} 50... Kb3 {[%clk 0:00:21.4]} 51. Kh6 {[%clk 0:00:19.2]} 51... Kc3 {[%clk 0:00:19.2]} 52. Nxe6 {[%clk 0:00:17.9]} 52... Kd3 {[%clk 0:00:15.3]} 53. Ng7 {[%clk 0:00:15.9]} 53... Kc3 {[%clk 0:00:12.1]} 54. e6 {[%clk 0:00:14.2]} 54... Kd2 {[%clk 0:00:06.1]} 55. e7 {[%clk 0:00:14.1]} 55... Ke2 {[%clk 0:00:03.8]} 56. e8=Q+ {[%clk 0:00:12.5]} 56... Rxe8 {[%clk 0:00:03.2]} 57. Nxe8 {[%clk 0:00:11.3]} 57... Kf1 {[%clk 0:00:01.7]} 58. h8=Q {[%clk 0:00:11.1]} 1-0
"
2025-10-22,1761137629,white,857,fatty100kg,869,0.0,Loss,Queens Pawn Opening Anti Torre Attack,D02,https://www.chess.com/openings/Queens-Pawn-Opening-Anti-Torre-Attack,blitz,https://www.chess.com/game/live/144594838698,542,"[Event ""Live Chess""]
[Site ""Chess.com""]
[Date ""2025.10.22""]
[Round ""-""]
[White ""RhysLWells""]
[Black ""fatty100kg""]
[Result ""0-1""]
[CurrentPosition ""1k5r/6p1/4r3/3p4/PPpP3P/5p2/5P2/7K w - - 1 46""]
[Timezone ""UTC""]
[ECO ""D02""]
[ECOUrl ""https://www.chess.com/openings/Queens-Pawn-Opening-Anti-Torre-Attack""]
[UTCDate ""2025.10.22""]
[UTCTime ""12:44:47""]
[WhiteElo ""857""]
[BlackElo ""869""]
[TimeControl ""300""]
[Termination ""fatty100kg won on time""]
[StartTime ""12:44:47""]
[EndDate ""2025.10.22""]
[EndTime ""12:53:49""]
[Link ""https://www.chess.com/game/live/144594838698""]

1. d4 {[%clk 0:04:56.6]} 1... d5 {[%clk 0:04:57.9]} 2. Nf3 {[%clk 0:04:55.2]} 2... Bg4 {[%clk 0:04:55.7]} 3. Qd3 {[%clk 0:04:44.1]} 3... Bxf3 {[%clk 0:04:53.1]} 4. Qxf3 {[%clk 0:04:41.2]} 4... Nc6 {[%clk 0:04:51.8]} 5. e3 {[%clk 0:04:39.5]} 5... f6 {[%clk 0:04:49.5]} 6. Bd3 {[%clk 0:04:26.8]} 6... e5 {[%clk 0:04:47.9]} 7. Bd2 {[%clk 0:04:20.7]} 7... exd4 {[%clk 0:04:46]} 8. exd4 {[%clk 0:04:18.6]} 8... Nxd4 {[%clk 0:04:45]} 9. Qd1 {[%clk 0:04:16.3]} 9... Qe7+ {[%clk 0:04:38.8]} 10. Kf1 {[%clk 0:04:14.8]} 10... O-O-O {[%clk 0:04:35.9]} 11. c3 {[%clk 0:04:10.7]} 11... Ne6 {[%clk 0:04:29.2]} 12. Be3 {[%clk 0:04:09.4]} 12... c6 {[%clk 0:04:27.6]} 13. Bxa7 {[%clk 0:04:06.6]} 13... Qd6 {[%clk 0:04:16.4]} 14. Nd2 {[%clk 0:03:51.7]} 14... Nh6 {[%clk 0:04:13.9]} 15. Bb6 {[%clk 0:03:45.6]} 15... Rd7 {[%clk 0:04:10.7]} 16. Qa4 {[%clk 0:03:33]} 16... Nf4 {[%clk 0:03:51.4]} 17. Qa8+ {[%clk 0:03:28.4]} 17... Qb8 {[%clk 0:03:49.4]} 18. Qxb8+ {[%clk 0:03:08.2]} 18... Kxb8 {[%clk 0:03:47.9]} 19. Bc2 {[%clk 0:02:57]} 19... c5 {[%clk 0:03:45.1]} 20. g3 {[%clk 0:02:52]} 20... Ne6 {[%clk 0:03:41.7]} 21. Kg2 {[%clk 0:02:50.2]} 21... Rd6 {[%clk 0:03:38.9]} 22. Ba5 {[%clk 0:02:27.3]} 22... b6 {[%clk 0:03:37.4]} 23. Bxb6 {[%clk 0:02:16]} 23... Rxb6 {[%clk 0:03:36]} 24. b3 {[%clk 0:02:12.6]} 24... Bd6 {[%clk 0:03:25.1]} 25. Rhe1 {[%clk 0:02:09.8]} 25... Bc7 {[%clk 0:03:19.1]} 26. Rxe6 {[%clk 0:02:07.7]} 26... Rxe6 {[%clk 0:03:17.5]} 27. Nf3 {[%clk 0:02:04]} 27... Re2 {[%clk 0:03:05.2]} 28. Bd3 {[%clk 0:01:59]} 28... Re6 {[%clk 0:02:57.2]} 29. Rd1 {[%clk 0:01:55.3]} 29... Rd8 {[%clk 0:02:53.3]} 30. Bxh7 {[%clk 0:01:50]} 30... f5 {[%clk 0:02:47]} 31. Ng5 {[%clk 0:01:45]} 31... Re7 {[%clk 0:02:40.4]} 32. b4 {[%clk 0:01:14.5]} 32... c4 {[%clk 0:02:37.4]} 33. g4 {[%clk 0:00:55.1]} 33... fxg4 {[%clk 0:02:32]} 34. Bc2 {[%clk 0:00:45.1]} 34... Nf7 {[%clk 0:02:26.5]} 35. Nh7 {[%clk 0:00:34.9]} 35... Re6 {[%clk 0:02:08.5]} 36. Rd4 {[%clk 0:00:23.5]} 36... Ne5 {[%clk 0:01:56.7]} 37. Ng5 {[%clk 0:00:20.9]} 37... Rf6 {[%clk 0:01:46.3]} 38. h3 {[%clk 0:00:14.8]} 38... Nf3 {[%clk 0:01:39.4]} 39. Nxf3 {[%clk 0:00:13.4]} 39... gxf3+ {[%clk 0:01:37.7]} 40. Kh1 {[%clk 0:00:07.4]} 40... Rh6 {[%clk 0:01:31.9]} 41. Bf5 {[%clk 0:00:05.8]} 41... Be5 {[%clk 0:01:21.8]} 42. a4 {[%clk 0:00:04.7]} 42... Bxd4 {[%clk 0:01:20.2]} 43. cxd4 {[%clk 0:00:04.3]} 43... Rf8 {[%clk 0:01:18.6]} 44. Be6 {[%clk 0:00:02]} 44... Rxe6 {[%clk 0:01:16.2]} 45. h4 {[%clk 0:00:00.5]} 45... Rh8 {[%clk 0:01:14.4]} 0-1
"
2025-10-22,1761137080,white,865,kitedice,867,1.0,Win,Indian Game Knights Variation East Indian Defense 3.Nc3 Bg7,A48,https://www.chess.com/openings/Indian-Game-Knights-Variation-East-Indian-Defense-3.Nc3-Bg7,blitz,https://www.chess.com/game/live/144594485144,613,"[Event ""Live Chess""]
[Site ""Chess.com""]
[Date ""2025.10.22""]
[Round ""-""]
[White ""RhysLWells""]
[Black ""kitedice""]
[Result ""1-0""]
[CurrentPosition ""8/R1k1q3/4p3/3p1p2/B1nP4/2P1P3/1PK2P2/8 b - - 4 42""]
[Timezone ""UTC""]
[ECO ""A48""]
[ECOUrl ""https://www.chess.com/openings/Indian-Game-Knights-Variation-East-Indian-Defense-3.Nc3-Bg7""]
[UTCDate ""2025.10.22""]
[UTCTime ""12:34:27""]
[WhiteElo ""865""]
[BlackElo ""867""]
[TimeControl ""300""]
[Termination ""RhysLWells won on time""]
[StartTime ""12:34:27""]
[EndDate ""2025.10.22""]
[EndTime ""12:44:40""]
[Link ""https://www.chess.com/game/live/144594485144""]

1. d4 {[%clk 0:04:59.4]} 1... Nf6 {[%clk 0:04:58]} 2. Nc3 {[%clk 0:04:56.2]} 2... g6 {[%clk 0:04:57.1]} 3. Nf3 {[%clk 0:04:54.8]} 3... Bg7 {[%clk 0:04:56.6]} 4. g3 {[%clk 0:04:49.8]} 4... c6 {[%clk 0:04:55.1]} 5. Bg2 {[%clk 0:04:48.7]} 5... b5 {[%clk 0:04:50.1]} 6. Be3 {[%clk 0:04:41.7]} 6... Bb7 {[%clk 0:04:49.3]} 7. Qd2 {[%clk 0:04:27.7]} 7... Ng4 {[%clk 0:04:43.4]} 8. h3 {[%clk 0:04:20]} 8... Nxe3 {[%clk 0:04:41.9]} 9. Qxe3 {[%clk 0:04:19.4]} 9... O-O {[%clk 0:04:41.5]} 10. O-O-O {[%clk 0:04:17.5]} 10... e6 {[%clk 0:04:17.7]} 11. Ne5 {[%clk 0:04:15.4]} 11... d5 {[%clk 0:03:32.6]} 12. h4 {[%clk 0:04:07.2]} 12... h5 {[%clk 0:03:30.7]} 13. Bf3 {[%clk 0:04:03.6]} 13... Kh7 {[%clk 0:03:26.6]} 14. g4 {[%clk 0:04:00.6]} 14... hxg4 {[%clk 0:03:18.1]} 15. Nxg4 {[%clk 0:03:55.5]} 15... f5 {[%clk 0:03:11.3]} 16. Ne5 {[%clk 0:03:50.8]} 16... Bh6 {[%clk 0:03:07.2]} 17. Qxh6+ {[%clk 0:02:52.6]} 17... Kxh6 {[%clk 0:03:04.9]} 18. h5 {[%clk 0:02:37.4]} 18... gxh5 {[%clk 0:02:46.3]} 19. Rxh5+ {[%clk 0:02:29.9]} 19... Kg7 {[%clk 0:02:41.9]} 20. Rg1+ {[%clk 0:02:26.8]} 20... Kf6 {[%clk 0:02:31.2]} 21. Rh6+ {[%clk 0:02:17]} 21... Ke7 {[%clk 0:02:29.5]} 22. Ng6+ {[%clk 0:02:13]} 22... Kd6 {[%clk 0:02:22.6]} 23. Nxf8 {[%clk 0:01:58.9]} 23... Qxf8 {[%clk 0:02:21.1]} 24. Rgg6 {[%clk 0:01:40]} 24... Bc8 {[%clk 0:02:07.1]} 25. a4 {[%clk 0:01:36.2]} 25... Na6 {[%clk 0:01:49.6]} 26. axb5 {[%clk 0:01:34.4]} 26... Nb4 {[%clk 0:01:11.5]} 27. bxc6 {[%clk 0:01:24.5]} 27... Kxc6 {[%clk 0:01:08.1]} 28. Kb1 {[%clk 0:01:12.1]} 28... Rb8 {[%clk 0:00:53]} 29. e3 {[%clk 0:01:10.5]} 29... a5 {[%clk 0:00:45]} 30. Be2 {[%clk 0:01:06.5]} 30... Bd7 {[%clk 0:00:28.2]} 31. Na4 {[%clk 0:00:59.3]} 31... Kd6 {[%clk 0:00:19.5]} 32. Nc5 {[%clk 0:00:50.8]} 32... Re8 {[%clk 0:00:15.8]} 33. Nxd7 {[%clk 0:00:48.3]} 33... Kxd7 {[%clk 0:00:14.4]} 34. Rh7+ {[%clk 0:00:44.8]} 34... Kd8 {[%clk 0:00:12.5]} 35. Bb5 {[%clk 0:00:40.3]} 35... Re7 {[%clk 0:00:10.2]} 36. Rxe7 {[%clk 0:00:27.6]} 36... Qxe7 {[%clk 0:00:09.1]} 37. Rg8+ {[%clk 0:00:26.2]} 37... Kc7 {[%clk 0:00:07.5]} 38. c3 {[%clk 0:00:19.8]} 38... Nc6 {[%clk 0:00:05.5]} 39. Kc2 {[%clk 0:00:16.1]} 39... a4 {[%clk 0:00:04.6]} 40. Bxa4 {[%clk 0:00:13.8]} 40... Na5 {[%clk 0:00:02.2]} 41. Ra8 {[%clk 0:00:10.9]} 41... Nc4 {[%clk 0:00:01.1]} 42. Ra7+ {[%clk 0:00:09.5]} 1-0
"
2025-10-21,1761061991,black,857,rendi1234567899,869,0.0,Loss,Three Knights Opening Steinitz Defense 4.Bc4,C46,https://www.chess.com/openings/Three-Knights-Opening-Steinitz-Defense-4.Bc4,blitz,https://www.chess.com/game/live/144561427760,590,"[Event ""Live Chess""]
[Site ""Chess.com""]
[Date ""2025.10.21""]
[Round ""-""]
[White ""rendi1234567899""]
[Black ""RhysLWells""]
[Result ""1-0""]
[CurrentPosition ""8/5b2/3k4/4b3/7P/1Bn3P1/p4PK1/8 b - - 1 48""]
[Timezone ""UTC""]
[ECO ""C46""]
[ECOUrl ""https://www.chess.com/openings/Three-Knights-Opening-Steinitz-Defense-4.Bc4""]
[UTCDate ""2025.10.21""]
[UTCTime ""15:43:21""]
[WhiteElo ""869""]
[BlackElo ""857""]
[TimeControl ""300""]
[Termination ""rendi1234567899 won on time""]
[StartTime ""15:43:21""]
[EndDate ""2025.10.21""]
[EndTime ""15:53:11""]
[Link ""https://www.chess.com/game/live/144561427760""]

1. e4 {[%clk 0:04:59.7]} 1... e5 {[%clk 0:04:57.6]} 2. Nf3 {[%clk 0:04:59.2]} 2... Nc6 {[%clk 0:04:56.9]} 3. Bc4 {[%clk 0:04:58.5]} 3... g6 {[%clk 0:04:54.8]} 4. Nc3 {[%clk 0:04:57.9]} 4... Nge7 {[%clk 0:04:51.6]} 5. O-O {[%clk 0:04:57.2]} 5... Bg7 {[%clk 0:04:49.1]} 6. a3 {[%clk 0:04:55.3]} 6... Na5 {[%clk 0:04:47.6]} 7. Ba2 {[%clk 0:04:53.4]} 7... c6 {[%clk 0:04:38.6]} 8. d4 {[%clk 0:04:50.1]} 8... b5 {[%clk 0:04:36.1]} 9. dxe5 {[%clk 0:04:48.7]} 9... Ba6 {[%clk 0:04:19.5]} 10. Ne2 {[%clk 0:04:37.9]} 10... c5 {[%clk 0:04:11.4]} 11. c3 {[%clk 0:04:30.8]} 11... Nec6 {[%clk 0:04:05.8]} 12. b3 {[%clk 0:04:29.4]} 12... Nxe5 {[%clk 0:04:01.7]} 13. Nxe5 {[%clk 0:04:20.1]} 13... Bxe5 {[%clk 0:03:59.5]} 14. Bd2 {[%clk 0:04:18.8]} 14... c4 {[%clk 0:03:49.6]} 15. bxc4 {[%clk 0:04:07.9]} 15... bxc4 {[%clk 0:03:45.8]} 16. Rb1 {[%clk 0:04:05.6]} 16... O-O {[%clk 0:03:37.1]} 17. Bh6 {[%clk 0:03:59.7]} 17... Re8 {[%clk 0:03:33.1]} 18. Nd4 {[%clk 0:03:50.7]} 18... Bg7 {[%clk 0:03:22.1]} 19. Qf3 {[%clk 0:03:48.7]} 19... Bxh6 {[%clk 0:03:15.9]} 20. Rfe1 {[%clk 0:03:45.2]} 20... Rb8 {[%clk 0:02:55.5]} 21. Rxb8 {[%clk 0:03:42.4]} 21... Qxb8 {[%clk 0:02:53.2]} 22. Rb1 {[%clk 0:03:30.5]} 22... Qe5 {[%clk 0:02:33.8]} 23. Qh3 {[%clk 0:03:17.9]} 23... Bg7 {[%clk 0:02:26.4]} 24. Qxd7 {[%clk 0:03:13.1]} 24... Qxe4 {[%clk 0:02:10.9]} 25. Nf3 {[%clk 0:02:57.9]} 25... Bxc3 {[%clk 0:01:59.9]} 26. h3 {[%clk 0:02:45.4]} 26... Bc8 {[%clk 0:01:52.2]} 27. Qc7 {[%clk 0:02:26.1]} 27... Nb3 {[%clk 0:01:44.8]} 28. Ng5 {[%clk 0:02:22.9]} 28... Qe7 {[%clk 0:01:19.3]} 29. Qg3 {[%clk 0:02:14]} 29... Be5 {[%clk 0:01:05.2]} 30. Qh4 {[%clk 0:02:04.3]} 30... h5 {[%clk 0:00:52.3]} 31. Qxc4 {[%clk 0:01:47.5]} 31... Nd2 {[%clk 0:00:47.7]} 32. Qxf7+ {[%clk 0:01:14.7]} 32... Qxf7 {[%clk 0:00:45.7]} 33. Bxf7+ {[%clk 0:01:13.2]} 33... Kf8 {[%clk 0:00:43.3]} 34. Bxe8 {[%clk 0:01:12]} 34... Nxb1 {[%clk 0:00:38.6]} 35. Bxg6 {[%clk 0:01:04.4]} 35... Nxa3 {[%clk 0:00:33.9]} 36. Bxh5 {[%clk 0:01:03]} 36... a5 {[%clk 0:00:24.4]} 37. Bd1 {[%clk 0:00:58.6]} 37... Nc4 {[%clk 0:00:20]} 38. Ne6+ {[%clk 0:00:54.2]} 38... Bxe6 {[%clk 0:00:16.1]} 39. g3 {[%clk 0:00:51.7]} 39... Nb2 {[%clk 0:00:15.6]} 40. Bc2 {[%clk 0:00:50.5]} 40... Ke7 {[%clk 0:00:12.9]} 41. Kg2 {[%clk 0:00:49.4]} 41... Kd6 {[%clk 0:00:11.3]} 42. h4 {[%clk 0:00:48.7]} 42... Bf7 {[%clk 0:00:09]} 43. Bh7 {[%clk 0:00:46.9]} 43... a4 {[%clk 0:00:06.9]} 44. Bb1 {[%clk 0:00:43.1]} 44... a3 {[%clk 0:00:04.9]} 45. Kh3 {[%clk 0:00:41.4]} 45... Nd1 {[%clk 0:00:03.1]} 46. Kg2 {[%clk 0:00:39.2]} 46... Nc3 {[%clk 0:00:01.7]} 47. Bc2 {[%clk 0:00:36.6]} 47... a2 {[%clk 0:00:00.3]} 48. Bb3 {[%clk 0:00:33.6]} 1-0
"
2025-10-19,1760903223,white,865,Radisa12321,834,1.0,Win,Owens Defense 2.D4 Bb7 3.Nc3,B00,https://www.chess.com/openings/Owens-Defense-2.d4-Bb7-3.Nc3,blitz,https://www.chess.com/game/live/144490548828,266,"[Event ""Live Chess""]
[Site ""Chess.com""]
[Date ""2025.10.19""]
[Round ""-""]
[White ""RhysLWells""]
[Black ""Radisa12321""]
[Result ""1-0""]
[CurrentPosition ""3r3r/pb3k1B/1p1p1p1Q/3p3p/3P4/7P/PPP2P2/2KRR3 b - - 3 22""]
[Timezone ""UTC""]
[ECO ""B00""]
[ECOUrl ""https://www.chess.com/openings/Owens-Defense-2.d4-Bb7-3.Nc3""]
[UTCDate ""2025.10.19""]
[UTCTime ""19:42:37""]
[WhiteElo ""865""]
[BlackElo ""834""]
[TimeControl ""300""]
[Termination ""RhysLWells won by resignation""]
[StartTime ""19:42:37""]
[EndDate ""2025.10.19""]
[EndTime ""19:47:03""]
[Link ""https://www.chess.com/game/live/144490548828""]

1. d4 {[%clk 0:04:59.3]} 1... b6 {[%clk 0:04:56.9]} 2. e4 {[%clk 0:04:56.8]} 2... Bb7 {[%clk 0:04:55.9]} 3. Nc3 {[%clk 0:04:54]} 3... g6 {[%clk 0:04:54.9]} 4. Bf4 {[%clk 0:04:50.5]} 4... Bg7 {[%clk 0:04:54]} 5. Nf3 {[%clk 0:04:49.7]} 5... h6 {[%clk 0:04:46.3]} 6. Bd3 {[%clk 0:04:48.3]} 6... c6 {[%clk 0:04:43.9]} 7. h3 {[%clk 0:04:45.1]} 7... d6 {[%clk 0:04:36]} 8. Qd2 {[%clk 0:04:41.8]} 8... Nf6 {[%clk 0:04:33]} 9. e5 {[%clk 0:04:38.2]} 9... Nd5 {[%clk 0:04:30.2]} 10. exd6 {[%clk 0:04:34.3]} 10... exd6 {[%clk 0:04:24.8]} 11. Nxd5 {[%clk 0:04:28.9]} 11... cxd5 {[%clk 0:04:23]} 12. O-O-O {[%clk 0:04:23]} 12... O-O {[%clk 0:04:20.4]} 13. Bxh6 {[%clk 0:04:11.3]} 13... Nd7 {[%clk 0:03:58.4]} 14. Bxg7 {[%clk 0:04:03.4]} 14... Kxg7 {[%clk 0:03:55.6]} 15. Rhe1 {[%clk 0:03:52.9]} 15... Nf6 {[%clk 0:03:40.1]} 16. Ng5 {[%clk 0:03:43.2]} 16... Nh5 {[%clk 0:03:22.6]} 17. g4 {[%clk 0:03:21.9]} 17... f6 {[%clk 0:03:14.4]} 18. Ne6+ {[%clk 0:03:19.1]} 18... Kf7 {[%clk 0:03:01.6]} 19. Nxd8+ {[%clk 0:03:17.9]} 19... Raxd8 {[%clk 0:03:00.3]} 20. gxh5 {[%clk 0:03:13.4]} 20... gxh5 {[%clk 0:02:57.2]} 21. Qh6 {[%clk 0:03:11.9]} 21... Rh8 {[%clk 0:02:53.8]} 22. Bh7 {[%clk 0:03:06.5]} 1-0
"
2025-10-18,1760806177,black,857,Chewy322,831,1.0,Win,Scotch Game,C45,https://www.chess.com/openings/Scotch-Game,blitz,https://www.chess.com/game/live/144446361324,370,"[Event ""Live Chess""]
[Site ""Chess.com""]
[Date ""2025.10.18""]
[Round ""-""]
[White ""Chewy322""]
[Black ""RhysLWells""]
[Result ""0-1""]
[CurrentPosition ""6k1/1p4p1/p4p1p/Kq2p3/4Q2P/2r5/5P2/6R1 w - - 12 38""]
[Timezone ""UTC""]
[ECO ""C45""]
[ECOUrl ""https://www.chess.com/openings/Scotch-Game""]
[UTCDate ""2025.10.18""]
[UTCTime ""16:43:27""]
[WhiteElo ""831""]
[BlackElo ""857""]
[TimeControl ""300""]
[Termination ""RhysLWells won by checkmate""]
[StartTime ""16:43:27""]
[EndDate ""2025.10.18""]
[EndTime ""16:49:37""]
[Link ""https://www.chess.com/game/live/144446361324""]

1. e4 {[%clk 0:04:59.9]} 1... e5 {[%clk 0:04:58.1]} 2. Nf3 {[%clk 0:04:59.6]} 2... Nc6 {[%clk 0:04:56.6]} 3. d4 {[%clk 0:04:58.9]} 3... f6 {[%clk 0:04:51.1]} 4. d5 {[%clk 0:04:57.1]} 4... Nce7 {[%clk 0:04:41.6]} 5. Nc3 {[%clk 0:04:55.5]} 5... c6 {[%clk 0:04:38.7]} 6. Be3 {[%clk 0:04:53.7]} 6... cxd5 {[%clk 0:04:36.7]} 7. Nxd5 {[%clk 0:04:52.5]} 7... Nxd5 {[%clk 0:04:34.7]} 8. Qxd5 {[%clk 0:04:51.2]} 8... Ne7 {[%clk 0:04:26.6]} 9. Qb5 {[%clk 0:04:41]} 9... a6 {[%clk 0:04:19.1]} 10. Qd3 {[%clk 0:04:37.2]} 10... h6 {[%clk 0:04:10.3]} 11. O-O-O {[%clk 0:04:33.4]} 11... Qa5 {[%clk 0:03:59.7]} 12. a3 {[%clk 0:04:31.1]} 12... Nc6 {[%clk 0:03:47.8]} 13. Bd2 {[%clk 0:04:28.6]} 13... Qc7 {[%clk 0:03:39.3]} 14. h4 {[%clk 0:04:17.4]} 14... d6 {[%clk 0:03:37.7]} 15. g4 {[%clk 0:04:12.3]} 15... Bxg4 {[%clk 0:03:36.1]} 16. Be2 {[%clk 0:04:09.4]} 16... Rc8 {[%clk 0:03:26]} 17. Rhg1 {[%clk 0:04:07.4]} 17... Bxf3 {[%clk 0:03:10]} 18. Bxf3 {[%clk 0:04:07.2]} 18... Nd4 {[%clk 0:03:08.1]} 19. c3 {[%clk 0:04:01.6]} 19... Nb3+ {[%clk 0:03:02.1]} 20. Kb1 {[%clk 0:03:57.2]} 20... Nxd2+ {[%clk 0:02:37.4]} 21. Rxd2 {[%clk 0:03:57.1]} 21... Be7 {[%clk 0:02:35.7]} 22. Rgd1 {[%clk 0:03:49.1]} 22... O-O {[%clk 0:02:31]} 23. Be2 {[%clk 0:03:46.3]} 23... Rfd8 {[%clk 0:02:13.8]} 24. Rg1 {[%clk 0:03:43.2]} 24... d5 {[%clk 0:02:07.5]} 25. Bd1 {[%clk 0:03:41.1]} 25... dxe4 {[%clk 0:01:53.6]} 26. Qxe4 {[%clk 0:03:40.1]} 26... Rxd2 {[%clk 0:01:52.4]} 27. Bc2 {[%clk 0:03:39.3]} 27... Rxc2 {[%clk 0:01:43.1]} 28. Kxc2 {[%clk 0:03:37.8]} 28... Bxa3 {[%clk 0:01:38.8]} 29. bxa3 {[%clk 0:03:36.4]} 29... Qxc3+ {[%clk 0:01:37]} 30. Kb1 {[%clk 0:03:34.9]} 30... Qb3+ {[%clk 0:01:32.7]} 31. Ka1 {[%clk 0:03:33.1]} 31... Qxa3+ {[%clk 0:01:29.3]} 32. Kb1 {[%clk 0:03:31.8]} 32... Qb3+ {[%clk 0:01:16.2]} 33. Ka1 {[%clk 0:03:29.3]} 33... Qc3+ {[%clk 0:01:04.9]} 34. Ka2 {[%clk 0:03:25.4]} 34... Qd2+ {[%clk 0:00:59.9]} 35. Ka3 {[%clk 0:03:22.2]} 35... Rc3+ {[%clk 0:00:55.4]} 36. Kb4 {[%clk 0:03:17.7]} 36... Qb2+ {[%clk 0:00:48.3]} 37. Ka5 {[%clk 0:03:13.4]} 37... Qb5# {[%clk 0:00:43.7]} 0-1
"
2025-10-18,1760805801,black,849,dunielh,828,1.0,Win,Ruy Lopez Opening Cozio Defense 4.O O A6 5.Ba4,C60,https://www.chess.com/openings/Ruy-Lopez-Opening-Cozio-Defense-4.O-O-a6-5.Ba4,blitz,https://www.chess.com/game/live/144446100094,443,"[Event ""Live Chess""]
[Site ""Chess.com""]
[Date ""2025.10.18""]
[Round ""-""]
[White ""dunielh""]
[Black ""RhysLWells""]
[Result ""0-1""]
[CurrentPosition ""8/5P2/1k5p/6p1/1b2K1P1/2p2P1P/8/3r4 w - - 0 49""]
[Timezone ""UTC""]
[ECO ""C60""]
[ECOUrl ""https://www.chess.com/openings/Ruy-Lopez-Opening-Cozio-Defense-4.O-O-a6-5.Ba4""]
[UTCDate ""2025.10.18""]
[UTCTime ""16:35:58""]
[WhiteElo ""828""]
[BlackElo ""849""]
[TimeControl ""300""]
[Termination ""RhysLWells won by resignation""]
[StartTime ""16:35:58""]
[EndDate ""2025.10.18""]
[EndTime ""16:43:21""]
[Link ""https://www.chess.com/game/live/144446100094""]

1. e4 {[%clk 0:04:59.8]} 1... e5 {[%clk 0:04:59]} 2. Nf3 {[%clk 0:04:58.7]} 2... Nc6 {[%clk 0:04:57.6]} 3. Bb5 {[%clk 0:04:56.9]} 3... Nge7 {[%clk 0:04:49.2]} 4. O-O {[%clk 0:04:55.4]} 4... a6 {[%clk 0:04:47.8]} 5. Ba4 {[%clk 0:04:54.1]} 5... b5 {[%clk 0:04:46.6]} 6. Bb3 {[%clk 0:04:53.3]} 6... d6 {[%clk 0:04:41.7]} 7. d3 {[%clk 0:04:52]} 7... Ng6 {[%clk 0:04:32.4]} 8. Ng5 {[%clk 0:04:49.8]} 8... Be6 {[%clk 0:04:16.9]} 9. Nxe6 {[%clk 0:04:45.9]} 9... fxe6 {[%clk 0:04:14.7]} 10. Bxe6 {[%clk 0:04:45.2]} 10... Qe7 {[%clk 0:04:12.7]} 11. Bd5 {[%clk 0:04:44.2]} 11... Qd7 {[%clk 0:04:08.2]} 12. Nd2 {[%clk 0:04:43.2]} 12... Nge7 {[%clk 0:04:06.9]} 13. Bb3 {[%clk 0:04:33.9]} 13... a5 {[%clk 0:04:04.1]} 14. a3 {[%clk 0:04:31.2]} 14... a4 {[%clk 0:04:03]} 15. Ba2 {[%clk 0:04:29.9]} 15... Nd4 {[%clk 0:04:02.3]} 16. c3 {[%clk 0:04:20]} 16... Ndc6 {[%clk 0:03:54]} 17. Nf3 {[%clk 0:04:18.6]} 17... h6 {[%clk 0:03:50.5]} 18. Nh4 {[%clk 0:04:15]} 18... O-O-O {[%clk 0:03:44.9]} 19. b3 {[%clk 0:04:05.7]} 19... d5 {[%clk 0:03:36.2]} 20. bxa4 {[%clk 0:03:57.9]} 20... dxe4 {[%clk 0:03:30.2]} 21. axb5 {[%clk 0:03:56.8]} 21... Na7 {[%clk 0:03:27.5]} 22. Bc4 {[%clk 0:03:22.8]} 22... Nxb5 {[%clk 0:03:19.3]} 23. dxe4 {[%clk 0:03:18]} 23... Qxd1 {[%clk 0:03:03.6]} 24. Rxd1 {[%clk 0:03:16.5]} 24... Rxd1+ {[%clk 0:03:03.2]} 25. Bf1 {[%clk 0:03:16]} 25... Nxc3 {[%clk 0:03:01.6]} 26. Bb2 {[%clk 0:03:11.2]} 26... Ne2+ {[%clk 0:02:52.3]} 27. Kh1 {[%clk 0:03:06.8]} 27... Rxa1 {[%clk 0:02:34.1]} 28. Bxa1 {[%clk 0:03:06.7]} 28... Nd4 {[%clk 0:02:22.3]} 29. Bxd4 {[%clk 0:02:56]} 29... exd4 {[%clk 0:02:20.7]} 30. Bb5 {[%clk 0:02:55.9]} 30... g5 {[%clk 0:02:12.6]} 31. Nf5 {[%clk 0:02:53.9]} 31... Nxf5 {[%clk 0:02:11.8]} 32. exf5 {[%clk 0:02:53.7]} 32... Bxa3 {[%clk 0:02:09.2]} 33. f3 {[%clk 0:02:52.1]} 33... Rd8 {[%clk 0:02:00.2]} 34. Kg1 {[%clk 0:02:50.7]} 34... d3 {[%clk 0:01:59.6]} 35. Kf2 {[%clk 0:02:50.1]} 35... d2 {[%clk 0:01:58.7]} 36. Ba4 {[%clk 0:02:46.1]} 36... Bd6 {[%clk 0:01:51.6]} 37. g3 {[%clk 0:02:44.2]} 37... Kb7 {[%clk 0:01:46.3]} 38. Ke2 {[%clk 0:02:40.6]} 38... Bb4 {[%clk 0:01:40.5]} 39. Bb3 {[%clk 0:02:32.8]} 39... Rf8 {[%clk 0:01:33.6]} 40. g4 {[%clk 0:02:26.3]} 40... c5 {[%clk 0:01:31.4]} 41. h3 {[%clk 0:02:25.4]} 41... Kb6 {[%clk 0:01:28.1]} 42. Kd3 {[%clk 0:02:21]} 42... Kb5 {[%clk 0:01:26.8]} 43. Bc4+ {[%clk 0:02:19.5]} 43... Kb6 {[%clk 0:01:20.2]} 44. Bb3 {[%clk 0:02:18.6]} 44... Rd8+ {[%clk 0:01:16.6]} 45. Ke4 {[%clk 0:02:11]} 45... d1=Q {[%clk 0:01:10.8]} 46. Bxd1 {[%clk 0:02:09.4]} 46... Rxd1 {[%clk 0:01:10.4]} 47. f6 {[%clk 0:02:07.5]} 47... c4 {[%clk 0:01:03.6]} 48. f7 {[%clk 0:02:06.3]} 48... c3 {[%clk 0:01:02.6]} 0-1
"
2025-10-18,1760805352,white,841,ApiitNeverFold,840,0.0,Loss,Giuoco Piano Game 4.Nc3 D6,C50,https://www.chess.com/openings/Giuoco-Piano-Game-4.Nc3-d6,blitz,https://www.chess.com/game/live/144446037860,100,"[Event ""Live Chess""]
[Site ""Chess.com""]
[Date ""2025.10.18""]
[Round ""-""]
[White ""RhysLWells""]
[Black ""ApiitNeverFold""]
[Result ""0-1""]
[CurrentPosition ""r3k2r/p1p3pp/3pp3/1p2p1B1/3bP3/2PP3P/PP3qP1/R2QK2R w KQkq - 0 14""]
[Timezone ""UTC""]
[ECO ""C50""]
[ECOUrl ""https://www.chess.com/openings/Giuoco-Piano-Game-4.Nc3-d6""]
[UTCDate ""2025.10.18""]
[UTCTime ""16:34:12""]
[WhiteElo ""841""]
[BlackElo ""840""]
[TimeControl ""300""]
[Termination ""ApiitNeverFold won by checkmate""]
[StartTime ""16:34:12""]
[EndDate ""2025.10.18""]
[EndTime ""16:35:52""]
[Link ""https://www.chess.com/game/live/144446037860""]

1. e4 {[%clk 0:04:59.9]} 1... Nc6 {[%clk 0:04:55.2]} 2. Nf3 {[%clk 0:04:59.1]} 2... e5 {[%clk 0:04:53.6]} 3. Nc3 {[%clk 0:04:55.6]} 3... Bc5 {[%clk 0:04:51.3]} 4. Bc4 {[%clk 0:04:53.5]} 4... d6 {[%clk 0:04:48.7]} 5. h3 {[%clk 0:04:53]} 5... Be6 {[%clk 0:04:47]} 6. Nd5 {[%clk 0:04:49.4]} 6... Nf6 {[%clk 0:04:42.1]} 7. Nxf6+ {[%clk 0:04:46.7]} 7... Qxf6 {[%clk 0:04:40.8]} 8. Bb3 {[%clk 0:04:28.6]} 8... b5 {[%clk 0:04:38.1]} 9. d3 {[%clk 0:04:23.5]} 9... Nd4 {[%clk 0:04:31.5]} 10. Bxe6 {[%clk 0:04:21.3]} 10... fxe6 {[%clk 0:04:30.1]} 11. Bg5 {[%clk 0:04:15.5]} 11... Qf7 {[%clk 0:04:22.9]} 12. Nxd4 {[%clk 0:04:08.8]} 12... Bxd4 {[%clk 0:04:21.2]} 13. c3 {[%clk 0:04:08.4]} 13... Qxf2# {[%clk 0:04:19.5]} 0-1
"
2025-10-18,1760805202,black,849,C83551,810,1.0,Win,French Defense Queens Knight Variation,C00,https://www.chess.com/openings/French-Defense-Queens-Knight-Variation,blitz,https://www.chess.com/game/live/144445768618,411,"[Event ""Live Chess""]
[Site ""Chess.com""]
[Date ""2025.10.18""]
[Round ""-""]
[White ""C83551""]
[Black ""RhysLWells""]
[Result ""0-1""]
[CurrentPosition ""2k4r/1pp2p2/p5p1/Q3P3/P2P4/2P2P1K/7R/6q1 w - - 1 43""]
[Timezone ""UTC""]
[ECO ""C00""]
[ECOUrl ""https://www.chess.com/openings/French-Defense-Queens-Knight-Variation""]
[UTCDate ""2025.10.18""]
[UTCTime ""16:26:31""]
[WhiteElo ""810""]
[BlackElo ""849""]
[TimeControl ""300""]
[Termination ""RhysLWells won by checkmate""]
[StartTime ""16:26:31""]
[EndDate ""2025.10.18""]
[EndTime ""16:33:22""]
[Link ""https://www.chess.com/game/live/144445768618""]

1. e4 {[%clk 0:04:58.6]} 1... e6 {[%clk 0:04:58.8]} 2. Nc3 {[%clk 0:04:53.7]} 2... Nf6 {[%clk 0:04:56.3]} 3. Nf3 {[%clk 0:04:52.1]} 3... Bb4 {[%clk 0:04:55.3]} 4. e5 {[%clk 0:04:50.9]} 4... Ng8 {[%clk 0:04:50.1]} 5. Bc4 {[%clk 0:04:49.2]} 5... Bxc3 {[%clk 0:04:47.9]} 6. bxc3 {[%clk 0:04:48.4]} 6... Nc6 {[%clk 0:04:43]} 7. d4 {[%clk 0:04:47]} 7... a6 {[%clk 0:04:38.9]} 8. a4 {[%clk 0:04:45.3]} 8... d6 {[%clk 0:04:36.1]} 9. h3 {[%clk 0:04:42.3]} 9... d5 {[%clk 0:04:30.6]} 10. Bb3 {[%clk 0:04:38.5]} 10... Bd7 {[%clk 0:04:27.7]} 11. O-O {[%clk 0:04:37.3]} 11... Na5 {[%clk 0:04:23.3]} 12. Bg5 {[%clk 0:04:35.5]} 12... Ne7 {[%clk 0:04:17.6]} 13. Bxd5 {[%clk 0:04:23.1]} 13... exd5 {[%clk 0:04:13.7]} 14. Nh4 {[%clk 0:04:12.2]} 14... h6 {[%clk 0:04:07.5]} 15. Bxe7 {[%clk 0:04:09.9]} 15... Qxe7 {[%clk 0:04:05.7]} 16. Qf3 {[%clk 0:04:08.9]} 16... Qxh4 {[%clk 0:03:55.7]} 17. Rae1 {[%clk 0:04:04.6]} 17... O-O-O {[%clk 0:03:48.3]} 18. Qxd5 {[%clk 0:04:01.7]} 18... Bxh3 {[%clk 0:03:35.7]} 19. Qxa5 {[%clk 0:04:00.4]} 19... Bxg2 {[%clk 0:03:29.5]} 20. Kxg2 {[%clk 0:03:59.3]} 20... Qg4+ {[%clk 0:03:21.2]} 21. Kh2 {[%clk 0:03:58.4]} 21... Qh4+ {[%clk 0:03:18.5]} 22. Kg2 {[%clk 0:03:57.5]} 22... Qg5+ {[%clk 0:03:17]} 23. Kh2 {[%clk 0:03:56.6]} 23... h5 {[%clk 0:03:02.6]} 24. Rg1 {[%clk 0:03:55.1]} 24... Qh4+ {[%clk 0:02:58.9]} 25. Kg2 {[%clk 0:03:53.8]} 25... Qg4+ {[%clk 0:02:52.4]} 26. Kh2 {[%clk 0:03:52.8]} 26... Qf4+ {[%clk 0:02:51.8]} 27. Kg2 {[%clk 0:03:51.7]} 27... g6 {[%clk 0:02:49.5]} 28. f3 {[%clk 0:03:42.8]} 28... h4 {[%clk 0:02:39.1]} 29. Kf2 {[%clk 0:03:32.6]} 29... h3 {[%clk 0:02:28.6]} 30. Re4 {[%clk 0:03:31]} 30... Qh2+ {[%clk 0:02:22.7]} 31. Kf1 {[%clk 0:03:29.5]} 31... Qxc2 {[%clk 0:02:09.6]} 32. Re1 {[%clk 0:03:24.1]} 32... h2 {[%clk 0:02:01.3]} 33. Rh1 {[%clk 0:03:23.1]} 33... Qd3+ {[%clk 0:01:54.4]} 34. Kg2 {[%clk 0:03:20.2]} 34... Qd2+ {[%clk 0:01:49.8]} 35. Kf1 {[%clk 0:03:17.8]} 35... Qd3+ {[%clk 0:01:42.9]} 36. Kg2 {[%clk 0:03:16.6]} 36... Qf5 {[%clk 0:01:31.2]} 37. Kf2 {[%clk 0:02:54.5]} 37... Qc2+ {[%clk 0:01:28.2]} 38. Kf1 {[%clk 0:02:52.8]} 38... Rh3 {[%clk 0:01:19.3]} 39. Re3 {[%clk 0:02:44.2]} 39... Qc1+ {[%clk 0:01:09.4]} 40. Kg2 {[%clk 0:02:43.4]} 40... Qxe3 {[%clk 0:00:57.5]} 41. Kxh3 {[%clk 0:02:42.1]} 41... Qg1 {[%clk 0:00:49.6]} 42. Rxh2 {[%clk 0:02:39]} 42... Rh8# {[%clk 0:00:43.3]} 0-1
"
2025-10-18,1760804782,white,841,sabrysabry1234,833,1.0,Win,French Defense St George Defense 3.Nf3,C00,https://www.chess.com/openings/French-Defense-St-George-Defense-3.Nf3,blitz,https://www.chess.com/game/live/144445557530,349,"[Event ""Live Chess""]
[Site ""Chess.com""]
[Date ""2025.10.18""]
[Round ""-""]
[White ""RhysLWells""]
[Black ""sabrysabry1234""]
[Result ""1-0""]
[CurrentPosition ""r6r/k5p1/pQp1N3/P3P1pp/8/1P3qPK/5P1P/8 b - - 8 34""]
[Timezone ""UTC""]
[ECO ""C00""]
[ECOUrl ""https://www.chess.com/openings/French-Defense-St-George-Defense-3.Nf3""]
[UTCDate ""2025.10.18""]
[UTCTime ""16:20:33""]
[WhiteElo ""841""]
[BlackElo ""833""]
[TimeControl ""300""]
[Termination ""RhysLWells won by checkmate""]
[StartTime ""16:20:33""]
[EndDate ""2025.10.18""]
[EndTime ""16:26:22""]
[Link ""https://www.chess.com/game/live/144445557530""]

1. d4 {[%clk 0:04:57.4]} 1... e6 {[%clk 0:04:59.2]} 2. Nf3 {[%clk 0:04:56.4]} 2... a6 {[%clk 0:04:58.4]} 3. e4 {[%clk 0:04:55.8]} 3... h6 {[%clk 0:04:56.8]} 4. e5 {[%clk 0:04:52.5]} 4... d5 {[%clk 0:04:55.3]} 5. Nc3 {[%clk 0:04:43.3]} 5... Nd7 {[%clk 0:04:53.5]} 6. Bd3 {[%clk 0:04:36]} 6... Be7 {[%clk 0:04:52.5]} 7. g3 {[%clk 0:04:31.4]} 7... Nf8 {[%clk 0:04:43.8]} 8. Be3 {[%clk 0:04:29.7]} 8... Bd7 {[%clk 0:04:42.9]} 9. b3 {[%clk 0:04:25.3]} 9... Ba3 {[%clk 0:04:40]} 10. Nb1 {[%clk 0:04:21.7]} 10... Bb2 {[%clk 0:04:38]} 11. Nbd2 {[%clk 0:04:02.9]} 11... Bxa1 {[%clk 0:04:32.5]} 12. Qxa1 {[%clk 0:04:02.4]} 12... Ne7 {[%clk 0:04:30.8]} 13. c4 {[%clk 0:04:00.7]} 13... Nfg6 {[%clk 0:04:28]} 14. cxd5 {[%clk 0:03:56.5]} 14... Nxd5 {[%clk 0:04:26.3]} 15. Bxg6 {[%clk 0:03:51]} 15... fxg6 {[%clk 0:04:25.1]} 16. Nc4 {[%clk 0:03:32.6]} 16... Nxe3 {[%clk 0:04:22.6]} 17. Nxe3 {[%clk 0:03:31.6]} 17... Bb5 {[%clk 0:04:20.9]} 18. a4 {[%clk 0:03:26.6]} 18... Bd3 {[%clk 0:04:17.1]} 19. Qa3 {[%clk 0:03:21.1]} 19... Be4 {[%clk 0:04:12]} 20. Ke2 {[%clk 0:03:14]} 20... Bxf3+ {[%clk 0:04:05.5]} 21. Kxf3 {[%clk 0:03:12.7]} 21... Qxd4 {[%clk 0:04:04.2]} 22. Nc4 {[%clk 0:02:46]} 22... Qd5+ {[%clk 0:04:00.7]} 23. Kg4 {[%clk 0:02:32.8]} 23... h5+ {[%clk 0:03:57.9]} 24. Kh3 {[%clk 0:02:31.1]} 24... Qxh1 {[%clk 0:03:55.2]} 25. a5 {[%clk 0:02:20.2]} 25... Qf3 {[%clk 0:03:51.2]} 26. Qa4+ {[%clk 0:02:17.1]} 26... c6 {[%clk 0:03:46.6]} 27. Nd6+ {[%clk 0:02:11.5]} 27... Kd7 {[%clk 0:03:44.2]} 28. Nxb7 {[%clk 0:02:04.6]} 28... g5 {[%clk 0:03:38]} 29. Nc5+ {[%clk 0:01:47.5]} 29... Kc7 {[%clk 0:03:34.2]} 30. Nxe6+ {[%clk 0:01:44.1]} 30... Kd7 {[%clk 0:03:21]} 31. Nc5+ {[%clk 0:01:34.6]} 31... Kc7 {[%clk 0:03:17.4]} 32. Ne6+ {[%clk 0:01:24.7]} 32... Kb7 {[%clk 0:03:14.6]} 33. Qb4+ {[%clk 0:01:16.1]} 33... Ka7 {[%clk 0:03:08.8]} 34. Qb6# {[%clk 0:01:14.1]} 1-0
"
2025-10-17,1760711801,white,833,joe_crosson,839,0.0,Loss,Bishops Opening Berlin Vienna Hybrid Variation 4...Bb4 5.Nf3,C28,https://www.chess.com/openings/Bishops-Opening-Berlin-Vienna-Hybrid-Variation-4...Bb4-5.Nf3,blitz,https://www.chess.com/game/live/144402618220,593,"[Event ""Live Chess""]
[Site ""Chess.com""]
[Date ""2025.10.17""]
[Round ""-""]
[White ""RhysLWells""]
[Black ""joe_crosson""]
[Result ""0-1""]
[CurrentPosition ""6rk/5Qp1/7p/5N1q/4p3/3b3P/6PK/8 w - - 1 48""]
[Timezone ""UTC""]
[ECO ""C28""]
[ECOUrl ""https://www.chess.com/openings/Bishops-Opening-Berlin-Vienna-Hybrid-Variation-4...Bb4-5.Nf3""]
[UTCDate ""2025.10.17""]
[UTCTime ""14:26:48""]
[WhiteElo ""833""]
[BlackElo ""839""]
[TimeControl ""300""]
[Termination ""joe_crosson won on time""]
[StartTime ""14:26:48""]
[EndDate ""2025.10.17""]
[EndTime ""14:36:41""]
[Link ""https://www.chess.com/game/live/144402618220""]

1. e4 {[%clk 0:04:59.2]} 1... e5 {[%clk 0:04:58]} 2. Nf3 {[%clk 0:04:58.6]} 2... Nc6 {[%clk 0:04:56.9]} 3. Bc4 {[%clk 0:04:57.9]} 3... Nf6 {[%clk 0:04:55.6]} 4. Nc3 {[%clk 0:04:55.9]} 4... Bb4 {[%clk 0:04:53]} 5. d3 {[%clk 0:04:54.4]} 5... Bxc3+ {[%clk 0:04:51]} 6. bxc3 {[%clk 0:04:52.8]} 6... O-O {[%clk 0:04:50.5]} 7. Rb1 {[%clk 0:04:48.4]} 7... b6 {[%clk 0:04:49]} 8. Qe2 {[%clk 0:04:38.7]} 8... Bb7 {[%clk 0:04:47.6]} 9. d4 {[%clk 0:04:37.6]} 9... Re8 {[%clk 0:04:39.6]} 10. d5 {[%clk 0:04:36.2]} 10... Na5 {[%clk 0:04:36.1]} 11. Bb5 {[%clk 0:04:31.1]} 11... c6 {[%clk 0:04:32.8]} 12. dxc6 {[%clk 0:04:28.4]} 12... dxc6 {[%clk 0:04:31.5]} 13. Ba4 {[%clk 0:04:17.7]} 13... b5 {[%clk 0:04:25.5]} 14. Bb3 {[%clk 0:04:14.9]} 14... Ba6 {[%clk 0:04:21]} 15. Qe3 {[%clk 0:03:51.2]} 15... Qc8 {[%clk 0:04:13.4]} 16. Bd2 {[%clk 0:03:46.8]} 16... c5 {[%clk 0:04:09.4]} 17. O-O {[%clk 0:03:37.5]} 17... c4 {[%clk 0:04:07]} 18. Bxc4 {[%clk 0:03:16.2]} 18... Nxc4 {[%clk 0:04:05.8]} 19. Qe2 {[%clk 0:03:06.3]} 19... Nxd2 {[%clk 0:04:01.7]} 20. Qxd2 {[%clk 0:03:04.8]} 20... Nxe4 {[%clk 0:03:58.7]} 21. Qe3 {[%clk 0:02:55.7]} 21... Nxc3 {[%clk 0:03:55.5]} 22. Rb3 {[%clk 0:02:49.4]} 22... Nxa2 {[%clk 0:03:52.3]} 23. Re1 {[%clk 0:02:39.1]} 23... Qxc2 {[%clk 0:03:42.1]} 24. Rbb1 {[%clk 0:02:14.6]} 24... Nc3 {[%clk 0:03:37.2]} 25. Rbc1 {[%clk 0:02:10.7]} 25... Ne2+ {[%clk 0:02:44.1]} 26. Rxe2 {[%clk 0:02:05.6]} 26... Qf5 {[%clk 0:02:34.1]} 27. h3 {[%clk 0:01:53.4]} 27... b4 {[%clk 0:02:32.5]} 28. Rb2 {[%clk 0:01:49.2]} 28... e4 {[%clk 0:02:25]} 29. Nd4 {[%clk 0:01:44]} 29... Qe5 {[%clk 0:02:15.9]} 30. Nc6 {[%clk 0:01:41.4]} 30... Qxb2 {[%clk 0:02:13.9]} 31. Rd1 {[%clk 0:01:21.9]} 31... Rac8 {[%clk 0:02:07.3]} 32. Nxa7 {[%clk 0:01:17.2]} 32... Rc3 {[%clk 0:01:57.8]} 33. Qb6 {[%clk 0:01:08.2]} 33... Bd3 {[%clk 0:01:26.5]} 34. Nb5 {[%clk 0:00:50.7]} 34... Rc2 {[%clk 0:01:19.4]} 35. Nd6 {[%clk 0:00:39.8]} 35... Rf8 {[%clk 0:01:14.1]} 36. Nc4 {[%clk 0:00:23.6]} 36... Qa2 {[%clk 0:01:07.8]} 37. Ne3 {[%clk 0:00:18.5]} 37... Rxf2 {[%clk 0:01:04.8]} 38. Kh2 {[%clk 0:00:13.4]} 38... Rf6 {[%clk 0:01:00.5]} 39. Qxb4 {[%clk 0:00:10.4]} 39... h6 {[%clk 0:00:50.4]} 40. Rc1 {[%clk 0:00:08.6]} 40... Re6 {[%clk 0:00:47.6]} 41. Nd5 {[%clk 0:00:07]} 41... Rd6 {[%clk 0:00:46.3]} 42. Ne7+ {[%clk 0:00:05.8]} 42... Kh8 {[%clk 0:00:44.4]} 43. Qxd6 {[%clk 0:00:05.2]} 43... Rg8 {[%clk 0:00:43.5]} 44. Nf5 {[%clk 0:00:04.3]} 44... Qb2 {[%clk 0:00:42.2]} 45. Rd1 {[%clk 0:00:03]} 45... Qc2 {[%clk 0:00:40.8]} 46. Qe7 {[%clk 0:00:02.4]} 46... Qxd1 {[%clk 0:00:39.7]} 47. Qxf7 {[%clk 0:00:01.2]} 47... Qh5 {[%clk 0:00:37.7]} 0-1
"
2025-10-17,1760711205,black,841,KaravlaD,862,0.0,Loss,Kings Fianchetto Opening 1...E5 2.Bg2 D5,A00,https://www.chess.com/openings/Kings-Fianchetto-Opening-1...e5-2.Bg2-d5,blitz,https://www.chess.com/game/live/144402493760,197,"[Event ""Live Chess""]
[Site ""Chess.com""]
[Date ""2025.10.17""]
[Round ""-""]
[White ""KaravlaD""]
[Black ""RhysLWells""]
[Result ""1-0""]
[CurrentPosition ""Qn1q3k/p3r1pp/5n2/3p4/1P2p3/2P3P1/P2PPbBP/RNB2RK1 w - - 0 16""]
[Timezone ""UTC""]
[ECO ""A00""]
[ECOUrl ""https://www.chess.com/openings/Kings-Fianchetto-Opening-1...e5-2.Bg2-d5""]
[UTCDate ""2025.10.17""]
[UTCTime ""14:23:28""]
[WhiteElo ""862""]
[BlackElo ""841""]
[TimeControl ""300""]
[Termination ""KaravlaD won by resignation""]
[StartTime ""14:23:28""]
[EndDate ""2025.10.17""]
[EndTime ""14:26:45""]
[Link ""https://www.chess.com/game/live/144402493760""]

1. g3 {[%clk 0:04:59.6]} 1... e5 {[%clk 0:04:58]} 2. Bg2 {[%clk 0:04:59.5]} 2... d5 {[%clk 0:04:55.5]} 3. c3 {[%clk 0:04:59.4]} 3... Nf6 {[%clk 0:04:51.4]} 4. Qb3 {[%clk 0:04:59.3]} 4... c6 {[%clk 0:04:45]} 5. Nh3 {[%clk 0:04:55]} 5... Be6 {[%clk 0:04:43]} 6. Qxb7 {[%clk 0:04:52.8]} 6... Nbd7 {[%clk 0:04:18.2]} 7. Qxc6 {[%clk 0:04:50.9]} 7... Bc5 {[%clk 0:04:02.5]} 8. Ng5 {[%clk 0:04:47.3]} 8... O-O {[%clk 0:03:59.5]} 9. Nxe6 {[%clk 0:04:45.1]} 9... fxe6 {[%clk 0:03:56.7]} 10. Qxe6+ {[%clk 0:04:41.5]} 10... Kh8 {[%clk 0:03:49.2]} 11. O-O {[%clk 0:04:35]} 11... e4 {[%clk 0:03:37]} 12. b4 {[%clk 0:04:16]} 12... Re8 {[%clk 0:03:19.8]} 13. Qa6 {[%clk 0:04:06]} 13... Nb8 {[%clk 0:03:11.2]} 14. Qb7 {[%clk 0:03:58]} 14... Re7 {[%clk 0:03:00.2]} 15. Qxa8 {[%clk 0:03:54.9]} 15... Bxf2+ {[%clk 0:02:56]} 1-0
"
2025-10-15,1760538483,white,849,Lilikame,843,0.0,Loss,Queens Pawn Opening Anti Torre Attack,D02,https://www.chess.com/openings/Queens-Pawn-Opening-Anti-Torre-Attack,blitz,https://www.chess.com/game/live/144323118870,602,"[Event ""Live Chess""]
[Site ""Chess.com""]
[Date ""2025.10.15""]
[Round ""-""]
[White ""RhysLWells""]
[Black ""Lilikame""]
[Result ""0-1""]
[CurrentPosition ""7k/2p3p1/4P2p/8/3P4/4n2r/2P2q2/7K w - - 4 44""]
[Timezone ""UTC""]
[ECO ""D02""]
[ECOUrl ""https://www.chess.com/openings/Queens-Pawn-Opening-Anti-Torre-Attack""]
[UTCDate ""2025.10.15""]
[UTCTime ""14:18:01""]
[WhiteElo ""849""]
[BlackElo ""843""]
[TimeControl ""300""]
[Termination ""Lilikame won by checkmate""]
[StartTime ""14:18:01""]
[EndDate ""2025.10.15""]
[EndTime ""14:28:03""]
[Link ""https://www.chess.com/game/live/144323118870""]

1. d4 {[%clk 0:04:57.3]} 1... d5 {[%clk 0:04:58.1]} 2. Nf3 {[%clk 0:04:56.8]} 2... Bg4 {[%clk 0:04:52]} 3. h3 {[%clk 0:04:52.1]} 3... Bxf3 {[%clk 0:04:49.9]} 4. gxf3 {[%clk 0:04:42.6]} 4... Nf6 {[%clk 0:04:47.2]} 5. Nc3 {[%clk 0:04:38.4]} 5... h6 {[%clk 0:04:45.7]} 6. e4 {[%clk 0:04:37.7]} 6... e6 {[%clk 0:04:39.4]} 7. e5 {[%clk 0:04:34.4]} 7... Nfd7 {[%clk 0:04:31.5]} 8. Bb5 {[%clk 0:04:30]} 8... a6 {[%clk 0:04:29.4]} 9. Ba4 {[%clk 0:04:28.8]} 9... b5 {[%clk 0:04:27.9]} 10. Bb3 {[%clk 0:04:27.3]} 10... Nb6 {[%clk 0:04:19]} 11. a3 {[%clk 0:04:22.9]} 11... Nc6 {[%clk 0:04:06.7]} 12. Be3 {[%clk 0:04:16.6]} 12... Na5 {[%clk 0:03:52.8]} 13. a4 {[%clk 0:04:10.2]} 13... Nac4 {[%clk 0:03:48.1]} 14. axb5 {[%clk 0:03:59.7]} 14... axb5 {[%clk 0:03:44.9]} 15. Rxa8 {[%clk 0:03:58.8]} 15... Qxa8 {[%clk 0:03:42.8]} 16. Nxb5 {[%clk 0:03:55.6]} 16... Qb7 {[%clk 0:03:32.7]} 17. Bxc4 {[%clk 0:03:39.7]} 17... Nxc4 {[%clk 0:03:29.9]} 18. Nc3 {[%clk 0:03:27.6]} 18... Qxb2 {[%clk 0:03:26.4]} 19. Bd2 {[%clk 0:03:11.2]} 19... Bb4 {[%clk 0:03:13.2]} 20. O-O {[%clk 0:02:57.5]} 20... Bxc3 {[%clk 0:02:54.3]} 21. Bxc3 {[%clk 0:02:48.2]} 21... Qxc3 {[%clk 0:02:52.2]} 22. Qb1 {[%clk 0:02:34.4]} 22... Nb6 {[%clk 0:02:46.6]} 23. Rd1 {[%clk 0:02:28.3]} 23... O-O {[%clk 0:02:42.9]} 24. Rd3 {[%clk 0:02:26.7]} 24... Qc6 {[%clk 0:02:34.9]} 25. f4 {[%clk 0:02:18.3]} 25... f6 {[%clk 0:02:12.2]} 26. Qa1 {[%clk 0:02:04.5]} 26... fxe5 {[%clk 0:02:06.6]} 27. Rc3 {[%clk 0:01:45.7]} 27... Qd7 {[%clk 0:01:55.9]} 28. fxe5 {[%clk 0:01:26.2]} 28... Nc4 {[%clk 0:01:39.3]} 29. Kg2 {[%clk 0:01:11.9]} 29... Qf7 {[%clk 0:01:34]} 30. f3 {[%clk 0:01:03.9]} 30... Qg6+ {[%clk 0:01:24.5]} 31. Kf2 {[%clk 0:00:58.4]} 31... Qh5 {[%clk 0:01:10.8]} 32. Qa6 {[%clk 0:00:52.9]} 32... Qxh3 {[%clk 0:01:04.1]} 33. Ke2 {[%clk 0:00:38.5]} 33... Qg2+ {[%clk 0:00:54.9]} 34. Ke1 {[%clk 0:00:29]} 34... Qd2+ {[%clk 0:00:48.4]} 35. Kf1 {[%clk 0:00:26.4]} 35... Qxc3 {[%clk 0:00:39.6]} 36. Qxe6+ {[%clk 0:00:23.6]} 36... Kh8 {[%clk 0:00:35.9]} 37. Qxd5 {[%clk 0:00:16.9]} 37... Ne3+ {[%clk 0:00:22.9]} 38. Kg1 {[%clk 0:00:15.2]} 38... Nxd5 {[%clk 0:00:21.2]} 39. e6 {[%clk 0:00:14.8]} 39... Qe1+ {[%clk 0:00:17.4]} 40. Kg2 {[%clk 0:00:13.4]} 40... Ne3+ {[%clk 0:00:14.7]} 41. Kh3 {[%clk 0:00:11.9]} 41... Rxf3+ {[%clk 0:00:12]} 42. Kh2 {[%clk 0:00:10.2]} 42... Qf2+ {[%clk 0:00:07.6]} 43. Kh1 {[%clk 0:00:08.9]} 43... Rh3# {[%clk 0:00:05]} 0-1
"
2025-10-14,1760460744,black,858,elpelagabriel,884,0.0,Loss,French Defense Advance Variation,C02,https://www.chess.com/openings/French-Defense-Advance-Variation,blitz,https://www.chess.com/game/live/144289230258,494,"[Event ""Live Chess""]
[Site ""Chess.com""]
[Date ""2025.10.14""]
[Round ""-""]
[White ""elpelagabriel""]
[Black ""RhysLWells""]
[Result ""1-0""]
[CurrentPosition ""8/2R4k/7p/1p1p2p1/3r2P1/1P5B/P5KP/8 b - - 2 47""]
[Timezone ""UTC""]
[ECO ""C02""]
[ECOUrl ""https://www.chess.com/openings/French-Defense-Advance-Variation""]
[UTCDate ""2025.10.14""]
[UTCTime ""16:44:10""]
[WhiteElo ""884""]
[BlackElo ""858""]
[TimeControl ""300""]
[Termination ""elpelagabriel won on time""]
[StartTime ""16:44:10""]
[EndDate ""2025.10.14""]
[EndTime ""16:52:24""]
[Link ""https://www.chess.com/game/live/144289230258""]

1. e4 {[%clk 0:04:59.8]} 1... e6 {[%clk 0:04:59.5]} 2. d4 {[%clk 0:04:59.2]} 2... d5 {[%clk 0:04:57.6]} 3. e5 {[%clk 0:04:58.4]} 3... Nc6 {[%clk 0:04:56.2]} 4. c3 {[%clk 0:04:56.8]} 4... a6 {[%clk 0:04:53.7]} 5. Nf3 {[%clk 0:04:55.6]} 5... f6 {[%clk 0:04:52.6]} 6. Be3 {[%clk 0:04:51.4]} 6... fxe5 {[%clk 0:04:48.5]} 7. dxe5 {[%clk 0:04:49.1]} 7... Nge7 {[%clk 0:04:44.5]} 8. Qd3 {[%clk 0:04:39.7]} 8... h6 {[%clk 0:04:37.4]} 9. Nbd2 {[%clk 0:04:38.8]} 9... Ng6 {[%clk 0:04:36.2]} 10. Nb3 {[%clk 0:04:36.6]} 10... Ncxe5 {[%clk 0:04:25.1]} 11. Nxe5 {[%clk 0:04:35.1]} 11... Nxe5 {[%clk 0:04:24.2]} 12. Qd4 {[%clk 0:04:34.6]} 12... Bd6 {[%clk 0:04:20.3]} 13. f4 {[%clk 0:04:32.7]} 13... c5 {[%clk 0:04:06.3]} 14. Nxc5 {[%clk 0:04:30.7]} 14... Bxc5 {[%clk 0:04:01.7]} 15. Qxc5 {[%clk 0:04:29.5]} 15... Nd7 {[%clk 0:03:51.2]} 16. Qd4 {[%clk 0:04:28.1]} 16... O-O {[%clk 0:03:43.5]} 17. Bd3 {[%clk 0:04:24.1]} 17... b5 {[%clk 0:03:32.9]} 18. O-O {[%clk 0:04:22.9]} 18... Nf6 {[%clk 0:03:25]} 19. g3 {[%clk 0:04:17.2]} 19... Ng4 {[%clk 0:03:15.7]} 20. Bf2 {[%clk 0:04:15.9]} 20... Qc7 {[%clk 0:02:41.2]} 21. Be2 {[%clk 0:04:12.3]} 21... Nxf2 {[%clk 0:02:37.7]} 22. Rxf2 {[%clk 0:04:11.4]} 22... e5 {[%clk 0:02:21.1]} 23. fxe5 {[%clk 0:04:08.6]} 23... Rxf2 {[%clk 0:02:19.3]} 24. Kxf2 {[%clk 0:04:08.2]} 24... Qf7+ {[%clk 0:02:14.3]} 25. Kg1 {[%clk 0:04:01.7]} 25... Bb7 {[%clk 0:02:01]} 26. Rf1 {[%clk 0:03:55]} 26... Qe6 {[%clk 0:01:46.1]} 27. Rf4 {[%clk 0:03:45.2]} 27... Re8 {[%clk 0:01:26.8]} 28. Bg4 {[%clk 0:03:43.1]} 28... Qxe5 {[%clk 0:01:20.9]} 29. Bd7 {[%clk 0:03:24.8]} 29... Qe3+ {[%clk 0:01:04.9]} 30. Kg2 {[%clk 0:03:15.5]} 30... Qe2+ {[%clk 0:00:55.7]} 31. Rf2 {[%clk 0:03:10.4]} 31... Qe4+ {[%clk 0:00:44.6]} 32. Kh3 {[%clk 0:02:56.3]} 32... Qxd4 {[%clk 0:00:39.7]} 33. cxd4 {[%clk 0:02:55.1]} 33... Re4 {[%clk 0:00:35.7]} 34. Rd2 {[%clk 0:02:48.6]} 34... Kf7 {[%clk 0:00:33.4]} 35. Kg2 {[%clk 0:02:39.8]} 35... Ke7 {[%clk 0:00:31.9]} 36. Bh3 {[%clk 0:02:38.8]} 36... g5 {[%clk 0:00:29.8]} 37. g4 {[%clk 0:02:37.7]} 37... Kf6 {[%clk 0:00:23]} 38. Kg3 {[%clk 0:02:30.6]} 38... Re3+ {[%clk 0:00:21.8]} 39. Kg2 {[%clk 0:02:28.3]} 39... Re4 {[%clk 0:00:20.2]} 40. Rf2+ {[%clk 0:02:25.6]} 40... Kg6 {[%clk 0:00:19.2]} 41. b3 {[%clk 0:02:22.3]} 41... Rxd4 {[%clk 0:00:18]} 42. Rc2 {[%clk 0:02:19.8]} 42... Rb4 {[%clk 0:00:16.7]} 43. Rc7 {[%clk 0:02:18.5]} 43... Ba8 {[%clk 0:00:14]} 44. Ra7 {[%clk 0:02:17]} 44... Bc6 {[%clk 0:00:10.5]} 45. Rxa6 {[%clk 0:02:15.8]} 45... Rd4 {[%clk 0:00:02.1]} 46. Rxc6+ {[%clk 0:02:14.4]} 46... Kh7 {[%clk 0:00:00.4]} 47. Rc7+ {[%clk 0:02:13.1]} 1-0
"
2025-10-14,1760443259,white,866,Mrnagu,877,0.0,Loss,Englund Gambit,A40,https://www.chess.com/openings/Englund-Gambit,blitz,https://www.chess.com/game/live/144278814104,499,"[Event ""Live Chess""]
[Site ""Chess.com""]
[Date ""2025.10.14""]
[Round ""-""]
[White ""RhysLWells""]
[Black ""Mrnagu""]
[Result ""0-1""]
[CurrentPosition ""3Qnk1r/5p1p/7b/2p2q2/8/1PP4P/PK3p2/4B2R w - - 1 32""]
[Timezone ""UTC""]
[ECO ""A40""]
[ECOUrl ""https://www.chess.com/openings/Englund-Gambit""]
[UTCDate ""2025.10.14""]
[UTCTime ""11:52:40""]
[WhiteElo ""866""]
[BlackElo ""877""]
[TimeControl ""300""]
[Termination ""Mrnagu won on time""]
[StartTime ""11:52:40""]
[EndDate ""2025.10.14""]
[EndTime ""12:00:59""]
[Link ""https://www.chess.com/game/live/144278814104""]

1. d4 {[%clk 0:04:55.5]} 1... e5 {[%clk 0:04:58.8]} 2. Nf3 {[%clk 0:04:55]} 2... Nc6 {[%clk 0:04:55.9]} 3. d5 {[%clk 0:04:52]} 3... Nb4 {[%clk 0:04:49.7]} 4. c3 {[%clk 0:04:48.6]} 4... Qe7 {[%clk 0:04:47.2]} 5. Bd2 {[%clk 0:04:40.7]} 5... e4 {[%clk 0:04:27]} 6. Nd4 {[%clk 0:04:37.4]} 6... Nxd5 {[%clk 0:04:24.6]} 7. e3 {[%clk 0:04:23]} 7... d6 {[%clk 0:04:22.5]} 8. Na3 {[%clk 0:04:19.1]} 8... Ngf6 {[%clk 0:04:17.4]} 9. h3 {[%clk 0:04:14.9]} 9... c5 {[%clk 0:04:05.9]} 10. Bb5+ {[%clk 0:04:08.2]} 10... Bd7 {[%clk 0:04:03.6]} 11. Nf5 {[%clk 0:04:02]} 11... Qe5 {[%clk 0:03:48]} 12. Bxd7+ {[%clk 0:03:54.1]} 12... Nxd7 {[%clk 0:03:46.3]} 13. g4 {[%clk 0:03:38.5]} 13... O-O-O {[%clk 0:03:44]} 14. Nc4 {[%clk 0:03:36.5]} 14... Qf6 {[%clk 0:03:34.3]} 15. Qa4 {[%clk 0:03:23.3]} 15... N5b6 {[%clk 0:03:27.3]} 16. Nxb6+ {[%clk 0:03:15.7]} 16... Nxb6 {[%clk 0:03:25.6]} 17. Qxa7 {[%clk 0:03:04.6]} 17... Nc4 {[%clk 0:03:24.3]} 18. O-O-O {[%clk 0:02:31.9]} 18... g6 {[%clk 0:03:17.6]} 19. Qa8+ {[%clk 0:01:52]} 19... Kc7 {[%clk 0:03:15.7]} 20. Qa7 {[%clk 0:01:16.9]} 20... gxf5 {[%clk 0:03:12.5]} 21. gxf5 {[%clk 0:01:09]} 21... Qxf5 {[%clk 0:03:04.1]} 22. Be1 {[%clk 0:01:07.7]} 22... Bh6 {[%clk 0:02:47.8]} 23. b3 {[%clk 0:00:59.8]} 23... Nxe3 {[%clk 0:02:31.5]} 24. Qa5+ {[%clk 0:00:54.3]} 24... Kd7 {[%clk 0:02:25.4]} 25. Qb5+ {[%clk 0:00:44.4]} 25... Ke7 {[%clk 0:02:23.3]} 26. Qxb7+ {[%clk 0:00:39.2]} 26... Kf8 {[%clk 0:02:22]} 27. Rxd6 {[%clk 0:00:30.2]} 27... Nc4+ {[%clk 0:02:13.9]} 28. Kb1 {[%clk 0:00:20.8]} 28... Nxd6 {[%clk 0:02:11.7]} 29. Qb6 {[%clk 0:00:09.3]} 29... e3+ {[%clk 0:02:09.9]} 30. Kb2 {[%clk 0:00:05.1]} 30... exf2 {[%clk 0:02:07.4]} 31. Qxd8+ {[%clk 0:00:01.5]} 31... Ne8 {[%clk 0:02:04.8]} 0-1
"
2025-10-13,1760373767,white,874,AllegedBee,899,1.0,Win,Queens Pawn Opening Symmetrical Variation,D02,https://www.chess.com/openings/Queens-Pawn-Opening-Symmetrical-Variation,blitz,https://www.chess.com/game/live/144249338876,285,"[Event ""Live Chess""]
[Site ""Chess.com""]
[Date ""2025.10.13""]
[Round ""-""]
[White ""RhysLWells""]
[Black ""AllegedBee""]
[Result ""1-0""]
[CurrentPosition ""5Q2/6pp/p3pkq1/5p2/3Pp3/4P2P/PP3PP1/2RR2K1 b - - 1 28""]
[Timezone ""UTC""]
[ECO ""D02""]
[ECOUrl ""https://www.chess.com/openings/Queens-Pawn-Opening-Symmetrical-Variation""]
[UTCDate ""2025.10.13""]
[UTCTime ""16:38:02""]
[WhiteElo ""874""]
[BlackElo ""899""]
[TimeControl ""300""]
[Termination ""RhysLWells won - game abandoned""]
[StartTime ""16:38:02""]
[EndDate ""2025.10.13""]
[EndTime ""16:42:47""]
[Link ""https://www.chess.com/game/live/144249338876""]

1. d4 {[%clk 0:04:59.9]} 1... Nf6 {[%clk 0:04:52.8]} 2. Nf3 {[%clk 0:04:59]} 2... d5 {[%clk 0:04:51.8]} 3. Na3 {[%clk 0:04:55.5]} 3... e6 {[%clk 0:04:45.1]} 4. c3 {[%clk 0:04:48.7]} 4... a6 {[%clk 0:04:41.1]} 5. Nc2 {[%clk 0:04:42]} 5... Nc6 {[%clk 0:04:38.1]} 6. e3 {[%clk 0:04:40.3]} 6... b5 {[%clk 0:04:36.2]} 7. Bd3 {[%clk 0:04:37.2]} 7... Be7 {[%clk 0:04:31.9]} 8. h3 {[%clk 0:04:35.6]} 8... b4 {[%clk 0:04:29.5]} 9. cxb4 {[%clk 0:04:31.2]} 9... Nxb4 {[%clk 0:04:27.4]} 10. Nxb4 {[%clk 0:04:29.9]} 10... Bxb4+ {[%clk 0:04:26.2]} 11. Bd2 {[%clk 0:04:29.2]} 11... Bxd2+ {[%clk 0:04:23.1]} 12. Qxd2 {[%clk 0:04:26.6]} 12... O-O {[%clk 0:04:14.9]} 13. O-O {[%clk 0:04:24.8]} 13... c6 {[%clk 0:04:10.4]} 14. Ne5 {[%clk 0:04:21.7]} 14... Bb7 {[%clk 0:04:08.8]} 15. Rac1 {[%clk 0:04:14.6]} 15... Ne4 {[%clk 0:04:00.9]} 16. Bxe4 {[%clk 0:04:11]} 16... dxe4 {[%clk 0:03:59.5]} 17. Qc2 {[%clk 0:03:57.5]} 17... Rc8 {[%clk 0:03:52.8]} 18. Nc4 {[%clk 0:03:54.3]} 18... f5 {[%clk 0:03:49.4]} 19. Rfd1 {[%clk 0:03:48.9]} 19... Rf6 {[%clk 0:03:43.7]} 20. Ne5 {[%clk 0:03:47.6]} 20... Rh6 {[%clk 0:03:36.7]} 21. Qb3 {[%clk 0:03:36.7]} 21... Qf6 {[%clk 0:03:33.6]} 22. Nd7 {[%clk 0:03:31.7]} 22... Qg5 {[%clk 0:03:21.7]} 23. Qxb7 {[%clk 0:03:10.5]} 23... Re8 {[%clk 0:03:13]} 24. Qxc6 {[%clk 0:02:59.6]} 24... Kf7 {[%clk 0:03:11.8]} 25. Ne5+ {[%clk 0:02:56.9]} 25... Kf6 {[%clk 0:03:09.8]} 26. Qxe8 {[%clk 0:02:46]} 26... Rg6 {[%clk 0:03:06]} 27. Nxg6 {[%clk 0:02:43.8]} 27... Qxg6 {[%clk 0:03:03.3]} 28. Qf8+ {[%clk 0:02:37.5]} 1-0
"
2025-10-13,1760373477,black,865,sanek_1807,852,1.0,Win,Italian Game,C50,https://www.chess.com/openings/Italian-Game,blitz,https://www.chess.com/game/live/144249296128,63,"[Event ""Live Chess""]
[Site ""Chess.com""]
[Date ""2025.10.13""]
[Round ""-""]
[White ""sanek_1807""]
[Black ""RhysLWells""]
[Result ""0-1""]
[CurrentPosition ""r1bqkb1r/ppppn1pp/5p2/4n3/2B1P3/5N2/PPP2PPP/RNBQK2R w KQkq - 0 6""]
[Timezone ""UTC""]
[ECO ""C50""]
[ECOUrl ""https://www.chess.com/openings/Italian-Game""]
[UTCDate ""2025.10.13""]
[UTCTime ""16:36:54""]
[WhiteElo ""852""]
[BlackElo ""865""]
[TimeControl ""300""]
[Termination ""RhysLWells won - game abandoned""]
[StartTime ""16:36:54""]
[EndDate ""2025.10.13""]
[EndTime ""16:37:57""]
[Link ""https://www.chess.com/game/live/144249296128""]

1. e4 {[%clk 0:04:59.8]} 1... e5 {[%clk 0:04:59.1]} 2. Nf3 {[%clk 0:04:59.3]} 2... Nc6 {[%clk 0:04:57.4]} 3. Bc4 {[%clk 0:04:58.6]} 3... f6 {[%clk 0:04:56.3]} 4. d4 {[%clk 0:04:55.2]} 4... Nge7 {[%clk 0:04:54.9]} 5. dxe5 {[%clk 0:04:52.8]} 5... Nxe5 {[%clk 0:04:45]} 0-1
"
2025-10-12,1760282864,black,857,anifuti,821,1.0,Win,Kings Pawn Opening Kings Knight Variation,C40,https://www.chess.com/openings/Kings-Pawn-Opening-Kings-Knight-Variation,blitz,https://www.chess.com/game/live/144207986330,512,"[Event ""Live Chess""]
[Site ""Chess.com""]
[Date ""2025.10.12""]
[Round ""-""]
[White ""anifuti""]
[Black ""RhysLWells""]
[Result ""0-1""]
[CurrentPosition ""6k1/6pp/5p2/2QP4/2p1p3/2P5/6q1/1K3q2 w - - 0 42""]
[Timezone ""UTC""]
[ECO ""C40""]
[ECOUrl ""https://www.chess.com/openings/Kings-Pawn-Opening-Kings-Knight-Variation""]
[UTCDate ""2025.10.12""]
[UTCTime ""15:19:12""]
[WhiteElo ""821""]
[BlackElo ""857""]
[TimeControl ""300""]
[Termination ""RhysLWells won by checkmate""]
[StartTime ""15:19:12""]
[EndDate ""2025.10.12""]
[EndTime ""15:27:44""]
[Link ""https://www.chess.com/game/live/144207986330""]

1. e4 {[%clk 0:04:56.2]} 1... e5 {[%clk 0:04:59.3]} 2. Nf3 {[%clk 0:04:54.6]} 2... f6 {[%clk 0:04:58]} 3. Bc4 {[%clk 0:04:53.1]} 3... Nc6 {[%clk 0:04:51.3]} 4. Nc3 {[%clk 0:04:48.2]} 4... a6 {[%clk 0:04:49.3]} 5. d3 {[%clk 0:04:46.7]} 5... b5 {[%clk 0:04:48.4]} 6. Bb3 {[%clk 0:04:44.8]} 6... Bb7 {[%clk 0:04:46.4]} 7. a3 {[%clk 0:04:42.1]} 7... Na5 {[%clk 0:04:44.8]} 8. Bd5 {[%clk 0:04:36.1]} 8... Bxd5 {[%clk 0:04:25]} 9. Nxd5 {[%clk 0:04:34.8]} 9... c6 {[%clk 0:04:22.7]} 10. Nc3 {[%clk 0:04:29]} 10... Bc5 {[%clk 0:04:17.6]} 11. O-O {[%clk 0:04:24.2]} 11... Ne7 {[%clk 0:04:15.3]} 12. Qe2 {[%clk 0:04:21.4]} 12... O-O {[%clk 0:04:12]} 13. Be3 {[%clk 0:04:15.2]} 13... Bxe3 {[%clk 0:04:09.2]} 14. Qxe3 {[%clk 0:04:12.9]} 14... Ng6 {[%clk 0:03:57]} 15. h3 {[%clk 0:03:58.5]} 15... d5 {[%clk 0:03:50.1]} 16. exd5 {[%clk 0:03:54.9]} 16... cxd5 {[%clk 0:03:48.9]} 17. d4 {[%clk 0:03:42.5]} 17... e4 {[%clk 0:03:46]} 18. Nd2 {[%clk 0:03:32.1]} 18... Nc4 {[%clk 0:03:39.5]} 19. Nxc4 {[%clk 0:03:29.5]} 19... bxc4 {[%clk 0:03:38.5]} 20. b3 {[%clk 0:03:02.4]} 20... Rb8 {[%clk 0:03:25]} 21. b4 {[%clk 0:02:58.6]} 21... a5 {[%clk 0:03:19.8]} 22. Na4 {[%clk 0:02:53.1]} 22... axb4 {[%clk 0:03:17.4]} 23. axb4 {[%clk 0:02:51.6]} 23... Rxb4 {[%clk 0:03:15.9]} 24. Nc5 {[%clk 0:02:49.5]} 24... Qd6 {[%clk 0:02:51.8]} 25. Rab1 {[%clk 0:02:43]} 25... Rxb1 {[%clk 0:02:50.2]} 26. Rxb1 {[%clk 0:02:41.5]} 26... Rb8 {[%clk 0:02:38.7]} 27. Rxb8+ {[%clk 0:02:21.1]} 27... Qxb8 {[%clk 0:02:37.6]} 28. c3 {[%clk 0:02:17.7]} 28... Nf4 {[%clk 0:02:31.1]} 29. g3 {[%clk 0:02:06.6]} 29... Nxh3+ {[%clk 0:02:23.3]} 30. Kg2 {[%clk 0:02:03]} 30... Ng5 {[%clk 0:02:12.5]} 31. f4 {[%clk 0:01:58.3]} 31... exf3+ {[%clk 0:02:10.4]} 32. Kf2 {[%clk 0:01:53]} 32... Qb2+ {[%clk 0:02:02.4]} 33. Kf1 {[%clk 0:01:48.2]} 33... Qg2+ {[%clk 0:01:58.9]} 34. Ke1 {[%clk 0:01:44.8]} 34... Qxg3+ {[%clk 0:01:50.8]} 35. Kd2 {[%clk 0:01:40.2]} 35... Qg2+ {[%clk 0:01:41.9]} 36. Kd1 {[%clk 0:01:37.5]} 36... Qf1+ {[%clk 0:01:37.2]} 37. Kc2 {[%clk 0:01:33.8]} 37... Ne4 {[%clk 0:01:20.3]} 38. Nxe4 {[%clk 0:01:30.8]} 38... dxe4 {[%clk 0:01:18.3]} 39. d5 {[%clk 0:01:24.4]} 39... Qg2+ {[%clk 0:01:09.5]} 40. Kb1 {[%clk 0:01:21.4]} 40... f2 {[%clk 0:01:07.4]} 41. Qc5 {[%clk 0:00:53.1]} 41... f1=Q# {[%clk 0:01:03.6]} 0-1
"
2025-10-12,1760281843,black,849,Zionlazuarrr,732,1.0,Win,Van T Kruijs Opening,A00,https://www.chess.com/openings/Van-t-Kruijs-Opening,blitz,https://www.chess.com/game/live/144207494696,325,"[Event ""Live Chess""]
[Site ""Chess.com""]
[Date ""2025.10.12""]
[Round ""-""]
[White ""Zionlazuarrr""]
[Black ""RhysLWells""]
[Result ""0-1""]
[CurrentPosition ""1k4r1/1p6/p1p4R/P6K/5q2/b7/5P2/8 w - - 0 37""]
[Timezone ""UTC""]
[ECO ""A00""]
[ECOUrl ""https://www.chess.com/openings/Van-t-Kruijs-Opening""]
[UTCDate ""2025.10.12""]
[UTCTime ""15:05:18""]
[WhiteElo ""732""]
[BlackElo ""849""]
[TimeControl ""300""]
[Termination ""RhysLWells won by resignation""]
[StartTime ""15:05:18""]
[EndDate ""2025.10.12""]
[EndTime ""15:10:43""]
[Link ""https://www.chess.com/game/live/144207494696""]

1. e3 {[%clk 0:04:59.2]} 1... e6 {[%clk 0:04:59.2]} 2. Qf3 {[%clk 0:04:56.5]} 2... d5 {[%clk 0:04:56.8]} 3. c3 {[%clk 0:04:55]} 3... Nc6 {[%clk 0:04:53.1]} 4. Bb5 {[%clk 0:04:53.2]} 4... Bd7 {[%clk 0:04:51.1]} 5. Bxc6 {[%clk 0:04:52.1]} 5... Bxc6 {[%clk 0:04:49.6]} 6. Ne2 {[%clk 0:04:50.9]} 6... d4 {[%clk 0:04:45.7]} 7. cxd4 {[%clk 0:04:44.9]} 7... Bxf3 {[%clk 0:04:43.6]} 8. gxf3 {[%clk 0:04:42.6]} 8... Qd7 {[%clk 0:04:42]} 9. Rg1 {[%clk 0:04:35.6]} 9... g6 {[%clk 0:04:38]} 10. b3 {[%clk 0:04:33.9]} 10... O-O-O {[%clk 0:04:35]} 11. Nbc3 {[%clk 0:04:32.7]} 11... Bb4 {[%clk 0:04:30.7]} 12. Ne4 {[%clk 0:04:28.7]} 12... Kb8 {[%clk 0:04:21.8]} 13. a3 {[%clk 0:04:27.4]} 13... Bd6 {[%clk 0:04:17.2]} 14. a4 {[%clk 0:04:23.9]} 14... Bxh2 {[%clk 0:04:14.2]} 15. Rh1 {[%clk 0:04:20.6]} 15... Bd6 {[%clk 0:04:09]} 16. a5 {[%clk 0:04:18.1]} 16... a6 {[%clk 0:04:07]} 17. Bb2 {[%clk 0:04:13.4]} 17... f5 {[%clk 0:04:02.9]} 18. Ng5 {[%clk 0:04:06.4]} 18... Ne7 {[%clk 0:03:55.5]} 19. Nf7 {[%clk 0:04:00.8]} 19... Rhf8 {[%clk 0:03:49.6]} 20. Nxd8 {[%clk 0:03:58]} 20... Rxd8 {[%clk 0:03:41.1]} 21. Bc3 {[%clk 0:03:49]} 21... Nd5 {[%clk 0:03:39]} 22. Rc1 {[%clk 0:03:37.1]} 22... c6 {[%clk 0:03:35]} 23. e4 {[%clk 0:03:27.1]} 23... Nxc3 {[%clk 0:03:33.4]} 24. dxc3 {[%clk 0:03:24.8]} 24... e5 {[%clk 0:03:23.3]} 25. dxe5 {[%clk 0:03:18.9]} 25... Bxe5 {[%clk 0:03:21.4]} 26. c4 {[%clk 0:03:18.2]} 26... Bb2 {[%clk 0:03:14.9]} 27. Rb1 {[%clk 0:03:14.4]} 27... Ba3 {[%clk 0:03:13.6]} 28. Kf1 {[%clk 0:03:07.8]} 28... Qd3 {[%clk 0:03:04.3]} 29. Rxh7 {[%clk 0:03:01.1]} 29... Qxb1+ {[%clk 0:03:00.5]} 30. Kg2 {[%clk 0:02:58.9]} 30... fxe4 {[%clk 0:02:52.4]} 31. Nf4 {[%clk 0:02:56.7]} 31... exf3+ {[%clk 0:02:50.2]} 32. Kxf3 {[%clk 0:02:54.9]} 32... Qxb3+ {[%clk 0:02:45.8]} 33. Kg4 {[%clk 0:02:50.1]} 33... Qxc4 {[%clk 0:02:41.6]} 34. Rh6 {[%clk 0:02:44]} 34... g5 {[%clk 0:02:38]} 35. Kxg5 {[%clk 0:02:42.7]} 35... Rg8+ {[%clk 0:02:33.8]} 36. Kh5 {[%clk 0:02:41.8]} 36... Qxf4 {[%clk 0:02:28.7]} 0-1
"
2025-10-12,1760278039,white,841,Alaaudin2,853,0.0,Loss,Queens Pawn Opening Zukertort Variation 2...Bf5,D02,https://www.chess.com/openings/Queens-Pawn-Opening-Zukertort-Variation-2...Bf5,blitz,https://www.chess.com/game/live/144205118060,610,"[Event ""Live Chess""]
[Site ""Chess.com""]
[Date ""2025.10.12""]
[Round ""-""]
[White ""RhysLWells""]
[Black ""Alaaudin2""]
[Result ""0-1""]
[CurrentPosition ""1k6/1pp5/p3p3/3pP3/5PR1/1P3K2/1r6/8 w - - 6 50""]
[Timezone ""UTC""]
[ECO ""D02""]
[ECOUrl ""https://www.chess.com/openings/Queens-Pawn-Opening-Zukertort-Variation-2...Bf5""]
[UTCDate ""2025.10.12""]
[UTCTime ""13:57:09""]
[WhiteElo ""841""]
[BlackElo ""853""]
[TimeControl ""300""]
[Termination ""Alaaudin2 won on time""]
[StartTime ""13:57:09""]
[EndDate ""2025.10.12""]
[EndTime ""14:07:19""]
[Link ""https://www.chess.com/game/live/144205118060""]

1. d4 {[%clk 0:04:59.9]} 1... d5 {[%clk 0:04:58.7]} 2. Nf3 {[%clk 0:04:59.2]} 2... Bf5 {[%clk 0:04:56.7]} 3. c3 {[%clk 0:04:58.3]} 3... e6 {[%clk 0:04:40.7]} 4. h3 {[%clk 0:04:55.4]} 4... h6 {[%clk 0:04:37.6]} 5. Bf4 {[%clk 0:04:54.6]} 5... f6 {[%clk 0:04:35.6]} 6. Nbd2 {[%clk 0:04:53.1]} 6... Nc6 {[%clk 0:04:31.4]} 7. Nh4 {[%clk 0:04:52.2]} 7... Bh7 {[%clk 0:04:29]} 8. g4 {[%clk 0:04:50.6]} 8... g5 {[%clk 0:04:27.4]} 9. Bg3 {[%clk 0:04:41]} 9... gxh4 {[%clk 0:04:24.2]} 10. Bxh4 {[%clk 0:04:40.7]} 10... Be7 {[%clk 0:04:18.1]} 11. Bg2 {[%clk 0:04:39.1]} 11... Qd6 {[%clk 0:04:10.6]} 12. Bg3 {[%clk 0:04:34.9]} 12... Qd7 {[%clk 0:04:05.8]} 13. f4 {[%clk 0:04:30.7]} 13... O-O-O {[%clk 0:04:03.2]} 14. e3 {[%clk 0:04:22]} 14... Qd6 {[%clk 0:03:55.8]} 15. Nf1 {[%clk 0:04:07.8]} 15... Na5 {[%clk 0:03:36.9]} 16. b3 {[%clk 0:03:59.3]} 16... Kb8 {[%clk 0:03:33.2]} 17. Qd2 {[%clk 0:03:52.9]} 17... Qa3 {[%clk 0:03:29.4]} 18. Nh2 {[%clk 0:03:07.4]} 18... Nxb3 {[%clk 0:03:27.2]} 19. axb3 {[%clk 0:02:52.1]} 19... Qxa1+ {[%clk 0:03:25.3]} 20. Qd1 {[%clk 0:02:51.4]} 20... Qxc3+ {[%clk 0:03:22.4]} 21. Qd2 {[%clk 0:02:47.5]} 21... Qxd2+ {[%clk 0:03:11.4]} 22. Kxd2 {[%clk 0:02:46.3]} 22... Bb4+ {[%clk 0:03:08.2]} 23. Ke2 {[%clk 0:02:42.6]} 23... Ne7 {[%clk 0:03:04.4]} 24. Nf3 {[%clk 0:02:37.4]} 24... Nc6 {[%clk 0:03:01.8]} 25. Bf1 {[%clk 0:02:22.3]} 25... Bc3 {[%clk 0:02:49.3]} 26. Bh4 {[%clk 0:02:12.6]} 26... Rde8 {[%clk 0:02:39]} 27. Bxf6 {[%clk 0:02:09.7]} 27... Rhg8 {[%clk 0:02:35.1]} 28. Rh2 {[%clk 0:01:52.1]} 28... Nb4 {[%clk 0:02:33.6]} 29. g5 {[%clk 0:01:37.6]} 29... Bd3+ {[%clk 0:02:28.9]} 30. Kf2 {[%clk 0:01:28.3]} 30... Bxf1 {[%clk 0:02:23.5]} 31. Kxf1 {[%clk 0:01:26.9]} 31... hxg5 {[%clk 0:02:21]} 32. Nxg5 {[%clk 0:01:22.3]} 32... Nd3 {[%clk 0:02:04.9]} 33. Rc2 {[%clk 0:01:00.4]} 33... Ba5 {[%clk 0:01:57]} 34. h4 {[%clk 0:00:52.4]} 34... Ref8 {[%clk 0:01:47.2]} 35. Nh7 {[%clk 0:00:43.1]} 35... Rf7 {[%clk 0:01:38.1]} 36. Be5 {[%clk 0:00:15.3]} 36... Nxe5 {[%clk 0:01:33.2]} 37. dxe5 {[%clk 0:00:14]} 37... Rg3 {[%clk 0:01:29.1]} 38. Ng5 {[%clk 0:00:11.8]} 38... Rxe3 {[%clk 0:01:25]} 39. Kf2 {[%clk 0:00:10.5]} 39... Re1 {[%clk 0:01:18.9]} 40. Nxf7 {[%clk 0:00:09.9]} 40... a6 {[%clk 0:01:07.4]} 41. h5 {[%clk 0:00:09.4]} 41... Bb4 {[%clk 0:00:57.3]} 42. h6 {[%clk 0:00:08.3]} 42... Rh1 {[%clk 0:00:40.5]} 43. Kf3 {[%clk 0:00:07.9]} 43... Be7 {[%clk 0:00:33.4]} 44. Kg4 {[%clk 0:00:06.9]} 44... Bf8 {[%clk 0:00:30.9]} 45. Rg2 {[%clk 0:00:05.8]} 45... Bxh6 {[%clk 0:00:26.4]} 46. Nxh6 {[%clk 0:00:05]} 46... Rxh6 {[%clk 0:00:23.1]} 47. Kf3 {[%clk 0:00:03.4]} 47... Rh3+ {[%clk 0:00:19.3]} 48. Rg3 {[%clk 0:00:01.7]} 48... Rh2 {[%clk 0:00:14.7]} 49. Rg4 {[%clk 0:00:00.6]} 49... Rb2 {[%clk 0:00:12.7]} 0-1
"
2025-10-11,1760176860,white,849,SCT_Minato,879,0.0,Loss,Queens Pawn Opening Symmetrical Variation 3.C3 Bf5,D02,https://www.chess.com/openings/Queens-Pawn-Opening-Symmetrical-Variation-3.c3-Bf5,blitz,https://www.chess.com/game/live/144160186952,410,"[Event ""Live Chess""]
[Site ""Chess.com""]
[Date ""2025.10.11""]
[Round ""-""]
[White ""RhysLWells""]
[Black ""SCT_Minato""]
[Result ""0-1""]
[CurrentPosition ""7k/p1p3pp/4Q1p1/3pP3/3P4/2P1Kr2/PP4q1/8 w - - 3 32""]
[Timezone ""UTC""]
[ECO ""D02""]
[ECOUrl ""https://www.chess.com/openings/Queens-Pawn-Opening-Symmetrical-Variation-3.c3-Bf5""]
[UTCDate ""2025.10.11""]
[UTCTime ""09:54:10""]
[WhiteElo ""849""]
[BlackElo ""879""]
[TimeControl ""300""]
[Termination ""SCT_Minato won by checkmate""]
[StartTime ""09:54:10""]
[EndDate ""2025.10.11""]
[EndTime ""10:01:00""]
[Link ""https://www.chess.com/game/live/144160186952""]

1. d4 {[%clk 0:04:59.7]} 1... d5 {[%clk 0:04:50.4]} 2. Nf3 {[%clk 0:04:58.8]} 2... Bf5 {[%clk 0:04:47.2]} 3. c3 {[%clk 0:04:57.3]} 3... Nf6 {[%clk 0:04:40.9]} 4. h3 {[%clk 0:04:52.6]} 4... e6 {[%clk 0:04:38.4]} 5. g4 {[%clk 0:04:51.3]} 5... Bg6 {[%clk 0:04:37.4]} 6. Nh4 {[%clk 0:04:48.9]} 6... Bd6 {[%clk 0:04:30.9]} 7. Nxg6 {[%clk 0:04:46.7]} 7... fxg6 {[%clk 0:04:29.9]} 8. Bg2 {[%clk 0:04:40.1]} 8... O-O {[%clk 0:04:27.4]} 9. e3 {[%clk 0:04:35.9]} 9... Ne4 {[%clk 0:04:25.6]} 10. h4 {[%clk 0:04:23.1]} 10... Nxf2 {[%clk 0:04:18]} 11. Qb3 {[%clk 0:04:04.9]} 11... Nxh1 {[%clk 0:04:05.4]} 12. Bxh1 {[%clk 0:04:03.8]} 12... Qxh4+ {[%clk 0:03:58.6]} 13. Ke2 {[%clk 0:03:57.3]} 13... Qxh1 {[%clk 0:03:46.3]} 14. Kd3 {[%clk 0:03:56.1]} 14... Qe4+ {[%clk 0:03:44.1]} 15. Ke2 {[%clk 0:03:52.2]} 15... Qxg4+ {[%clk 0:03:41]} 16. Kd3 {[%clk 0:03:50.9]} 16... Qe4+ {[%clk 0:03:39.4]} 17. Ke2 {[%clk 0:03:49.9]} 17... Qg2+ {[%clk 0:03:26.4]} 18. Kd3 {[%clk 0:03:48.5]} 18... Nd7 {[%clk 0:03:09.5]} 19. Nd2 {[%clk 0:03:42.6]} 19... Nb6 {[%clk 0:02:52.2]} 20. e4 {[%clk 0:03:37.4]} 20... Qg3+ {[%clk 0:02:41.6]} 21. Kc2 {[%clk 0:03:33.8]} 21... Rf2 {[%clk 0:02:30.3]} 22. e5 {[%clk 0:03:29.4]} 22... Be7 {[%clk 0:02:25.4]} 23. Qb5 {[%clk 0:03:12]} 23... Nc4 {[%clk 0:02:17.5]} 24. Qxb7 {[%clk 0:03:02.4]} 24... Raf8 {[%clk 0:02:12.4]} 25. Qc6 {[%clk 0:02:50.8]} 25... Nxd2 {[%clk 0:02:04.5]} 26. Qxe6+ {[%clk 0:02:47.8]} 26... Kh8 {[%clk 0:01:58.3]} 27. Bxd2 {[%clk 0:02:46.1]} 27... Bg5 {[%clk 0:01:48.7]} 28. Rd1 {[%clk 0:02:30.2]} 28... Bxd2 {[%clk 0:01:21.8]} 29. Rxd2 {[%clk 0:02:29.2]} 29... Rxd2+ {[%clk 0:01:21.4]} 30. Kxd2 {[%clk 0:02:21.9]} 30... Qg2+ {[%clk 0:01:19.4]} 31. Ke3 {[%clk 0:02:15.7]} 31... Rf3# {[%clk 0:01:08.4]} 0-1
"
2025-10-11,1760176397,black,857,sakhastan01,860,0.0,Loss,French Defense Advance Variation,C02,https://www.chess.com/openings/French-Defense-Advance-Variation,blitz,https://www.chess.com/game/live/144159912546,626,"[Event ""Live Chess""]
[Site ""Chess.com""]
[Date ""2025.10.11""]
[Round ""-""]
[White ""sakhastan01""]
[Black ""RhysLWells""]
[Result ""1-0""]
[CurrentPosition ""8/3r1kp1/2R1p2p/1p5Q/8/6P1/5PKP/8 b - - 6 48""]
[Timezone ""UTC""]
[ECO ""C02""]
[ECOUrl ""https://www.chess.com/openings/French-Defense-Advance-Variation""]
[UTCDate ""2025.10.11""]
[UTCTime ""09:42:51""]
[WhiteElo ""860""]
[BlackElo ""857""]
[TimeControl ""300""]
[Termination ""sakhastan01 won on time""]
[StartTime ""09:42:51""]
[EndDate ""2025.10.11""]
[EndTime ""09:53:17""]
[Link ""https://www.chess.com/game/live/144159912546""]

1. e4 {[%clk 0:04:58.2]} 1... e6 {[%clk 0:04:59.2]} 2. e5 {[%clk 0:04:56.8]} 2... d5 {[%clk 0:04:57.4]} 3. d4 {[%clk 0:04:56]} 3... Nc6 {[%clk 0:04:56.1]} 4. Be3 {[%clk 0:04:54]} 4... a6 {[%clk 0:04:54.7]} 5. c3 {[%clk 0:04:52.5]} 5... f6 {[%clk 0:04:50.5]} 6. Nf3 {[%clk 0:04:44.4]} 6... fxe5 {[%clk 0:04:38.3]} 7. Nxe5 {[%clk 0:04:40.9]} 7... Nxe5 {[%clk 0:04:37.4]} 8. dxe5 {[%clk 0:04:36.9]} 8... h6 {[%clk 0:04:35]} 9. Qh5+ {[%clk 0:04:34.2]} 9... Kd7 {[%clk 0:04:22.2]} 10. Bd3 {[%clk 0:04:18.5]} 10... Qe7 {[%clk 0:04:06.2]} 11. b4 {[%clk 0:04:12.2]} 11... b5 {[%clk 0:04:04.2]} 12. Bc5 {[%clk 0:04:10.1]} 12... Qe8 {[%clk 0:03:59.8]} 13. Bg6 {[%clk 0:04:08.3]} 13... Qd8 {[%clk 0:03:50.4]} 14. Be3 {[%clk 0:03:47.4]} 14... Ne7 {[%clk 0:03:46.9]} 15. Bg5 {[%clk 0:03:35.8]} 15... Kc6 {[%clk 0:03:34.3]} 16. Be8+ {[%clk 0:03:25.7]} 16... Kb7 {[%clk 0:03:24.8]} 17. Bxe7 {[%clk 0:03:06.6]} 17... Bxe7 {[%clk 0:03:19.2]} 18. Bg6 {[%clk 0:03:02.8]} 18... d4 {[%clk 0:03:14.2]} 19. Qf3+ {[%clk 0:03:00.2]} 19... Kb8 {[%clk 0:03:10.5]} 20. Be4 {[%clk 0:02:56.4]} 20... Rf8 {[%clk 0:03:00.1]} 21. Qd3 {[%clk 0:02:28.9]} 21... Ra7 {[%clk 0:02:46.4]} 22. cxd4 {[%clk 0:02:17.7]} 22... Bxb4+ {[%clk 0:02:38.6]} 23. Nc3 {[%clk 0:02:13.2]} 23... Bb7 {[%clk 0:02:30]} 24. Bxb7 {[%clk 0:02:02.5]} 24... Rxb7 {[%clk 0:02:28.6]} 25. O-O {[%clk 0:02:01.5]} 25... c6 {[%clk 0:02:17.3]} 26. a4 {[%clk 0:01:57.1]} 26... Ra7 {[%clk 0:02:06.3]} 27. axb5 {[%clk 0:01:52.2]} 27... axb5 {[%clk 0:02:05]} 28. Ne4 {[%clk 0:01:31.2]} 28... Rxa1 {[%clk 0:01:47.4]} 29. Rxa1 {[%clk 0:01:29.2]} 29... Rf7 {[%clk 0:01:22.9]} 30. Nd6 {[%clk 0:01:20.4]} 30... Bxd6 {[%clk 0:01:21.3]} 31. exd6 {[%clk 0:01:18.8]} 31... Qxd6 {[%clk 0:01:16]} 32. Qh7 {[%clk 0:01:09.9]} 32... Kb7 {[%clk 0:00:57.1]} 33. Qg8 {[%clk 0:01:03.6]} 33... Rd7 {[%clk 0:00:52.8]} 34. Qa8+ {[%clk 0:00:58]} 34... Kc7 {[%clk 0:00:32]} 35. Ra7+ {[%clk 0:00:54.5]} 35... Kb6 {[%clk 0:00:29]} 36. Ra6+ {[%clk 0:00:47.1]} 36... Kc7 {[%clk 0:00:27.4]} 37. Qa7+ {[%clk 0:00:41.3]} 37... Kd8 {[%clk 0:00:24.1]} 38. Qa8+ {[%clk 0:00:38.8]} 38... Ke7 {[%clk 0:00:22.9]} 39. Rxc6 {[%clk 0:00:32.6]} 39... Qxd4 {[%clk 0:00:17]} 40. g3 {[%clk 0:00:26.1]} 40... Qd1+ {[%clk 0:00:15.6]} 41. Kg2 {[%clk 0:00:24.7]} 41... Kf6 {[%clk 0:00:13.6]} 42. Qa6 {[%clk 0:00:23.1]} 42... Qe2 {[%clk 0:00:07.4]} 43. Qa1+ {[%clk 0:00:17.4]} 43... Kg6 {[%clk 0:00:04.2]} 44. Qb1+ {[%clk 0:00:15.2]} 44... Qe4+ {[%clk 0:00:02.9]} 45. Qxe4+ {[%clk 0:00:12.2]} 45... Kf7 {[%clk 0:00:02.4]} 46. Qf4+ {[%clk 0:00:10.8]} 46... Ke7 {[%clk 0:00:01.8]} 47. Qh4+ {[%clk 0:00:08.4]} 47... Kf7 {[%clk 0:00:00.7]} 48. Qh5+ {[%clk 0:00:06.5]} 1-0
"
2025-10-10,1760096686,black,865,soutikdey,875,0.0,Loss,French Defense Knight Variation,C00,https://www.chess.com/openings/French-Defense-Knight-Variation,blitz,https://www.chess.com/game/live/144124268084,422,"[Event ""Live Chess""]
[Site ""Chess.com""]
[Date ""2025.10.10""]
[Round ""-""]
[White ""soutikdey""]
[Black ""RhysLWells""]
[Result ""1-0""]
[CurrentPosition ""k7/1Q6/2K5/8/8/8/8/8 b - - 22 59""]
[Timezone ""UTC""]
[ECO ""C00""]
[ECOUrl ""https://www.chess.com/openings/French-Defense-Knight-Variation""]
[UTCDate ""2025.10.10""]
[UTCTime ""11:37:44""]
[WhiteElo ""875""]
[BlackElo ""865""]
[TimeControl ""300""]
[Termination ""soutikdey won by checkmate""]
[StartTime ""11:37:44""]
[EndDate ""2025.10.10""]
[EndTime ""11:44:46""]
[Link ""https://www.chess.com/game/live/144124268084""]

1. e4 {[%clk 0:04:59.8]} 1... e6 {[%clk 0:04:58.5]} 2. Nf3 {[%clk 0:04:59.1]} 2... Nc6 {[%clk 0:04:57.9]} 3. Bb5 {[%clk 0:04:57.1]} 3... Nge7 {[%clk 0:04:54.8]} 4. d3 {[%clk 0:04:54.5]} 4... a6 {[%clk 0:04:53.6]} 5. Bxc6 {[%clk 0:04:53]} 5... Nxc6 {[%clk 0:04:52.2]} 6. Nc3 {[%clk 0:04:52.9]} 6... Bb4 {[%clk 0:04:48.7]} 7. Bd2 {[%clk 0:04:50.3]} 7... e5 {[%clk 0:04:40]} 8. Ne2 {[%clk 0:04:47.9]} 8... Bxd2+ {[%clk 0:04:37.8]} 9. Qxd2 {[%clk 0:04:47]} 9... d6 {[%clk 0:04:29.9]} 10. Qg5 {[%clk 0:04:45.3]} 10... Qxg5 {[%clk 0:04:23.2]} 11. Nxg5 {[%clk 0:04:43.5]} 11... f6 {[%clk 0:04:18.5]} 12. Nf3 {[%clk 0:04:41.4]} 12... Be6 {[%clk 0:04:12.3]} 13. O-O-O {[%clk 0:04:39.3]} 13... O-O-O {[%clk 0:04:09.8]} 14. Nc3 {[%clk 0:04:33.4]} 14... Nd4 {[%clk 0:04:06.3]} 15. Nxd4 {[%clk 0:04:29.6]} 15... exd4 {[%clk 0:04:05.2]} 16. Ne2 {[%clk 0:04:24.7]} 16... c5 {[%clk 0:04:00]} 17. c3 {[%clk 0:04:21.4]} 17... Bxa2 {[%clk 0:03:57.1]} 18. cxd4 {[%clk 0:04:18.4]} 18... Bb3 {[%clk 0:03:49.1]} 19. Rd2 {[%clk 0:04:16.3]} 19... Rhe8 {[%clk 0:03:35.2]} 20. dxc5 {[%clk 0:04:14.6]} 20... dxc5 {[%clk 0:03:34]} 21. Nc3 {[%clk 0:04:11.9]} 21... b6 {[%clk 0:03:19.3]} 22. Re1 {[%clk 0:04:07.3]} 22... Bf7 {[%clk 0:02:59.8]} 23. Kc2 {[%clk 0:04:04.9]} 23... Kb7 {[%clk 0:02:58]} 24. Re3 {[%clk 0:04:02.1]} 24... c4 {[%clk 0:02:50.5]} 25. dxc4 {[%clk 0:03:51.2]} 25... Rxd2+ {[%clk 0:02:46.5]} 26. Kxd2 {[%clk 0:03:49.6]} 26... Rd8+ {[%clk 0:02:38.4]} 27. Nd5 {[%clk 0:03:45.2]} 27... b5 {[%clk 0:02:14.1]} 28. cxb5 {[%clk 0:03:37.2]} 28... axb5 {[%clk 0:02:13.1]} 29. Rd3 {[%clk 0:03:35.5]} 29... Bxd5 {[%clk 0:01:37.7]} 30. Rxd5 {[%clk 0:03:31.8]} 30... Rxd5+ {[%clk 0:01:36.1]} 31. exd5 {[%clk 0:03:30.7]} 31... Kc7 {[%clk 0:01:35.2]} 32. Kd3 {[%clk 0:03:29.5]} 32... Kd6 {[%clk 0:01:33.9]} 33. Kd4 {[%clk 0:03:29]} 33... h6 {[%clk 0:01:30.6]} 34. f4 {[%clk 0:03:26.2]} 34... g6 {[%clk 0:01:28.6]} 35. b4 {[%clk 0:03:25]} 35... f5 {[%clk 0:01:25.1]} 36. g3 {[%clk 0:03:23.1]} 36... g5 {[%clk 0:01:22]} 37. fxg5 {[%clk 0:03:21.1]} 37... hxg5 {[%clk 0:01:20.9]} 38. h3 {[%clk 0:03:20.3]} 38... f4 {[%clk 0:01:13.7]} 39. gxf4 {[%clk 0:03:17.7]} 39... gxf4 {[%clk 0:01:13]} 40. Ke4 {[%clk 0:03:17.2]} 40... f3 {[%clk 0:01:11.2]} 41. Kxf3 {[%clk 0:03:16.4]} 41... Kxd5 {[%clk 0:01:10.1]} 42. Kf4 {[%clk 0:03:15.1]} 42... Kc4 {[%clk 0:01:09]} 43. h4 {[%clk 0:03:14.7]} 43... Kxb4 {[%clk 0:01:08.3]} 44. h5 {[%clk 0:03:14.4]} 44... Kc5 {[%clk 0:01:07.4]} 45. h6 {[%clk 0:03:14]} 45... b4 {[%clk 0:01:07]} 46. h7 {[%clk 0:03:13.6]} 46... b3 {[%clk 0:01:06.6]} 47. h8=Q {[%clk 0:03:12.7]} 47... b2 {[%clk 0:01:06.2]} 48. Qxb2 {[%clk 0:03:11.7]} 48... Kc6 {[%clk 0:01:04.4]} 49. Qc3+ {[%clk 0:03:09.9]} 49... Kb7 {[%clk 0:01:03.4]} 50. Qf6 {[%clk 0:03:08.6]} 50... Ka7 {[%clk 0:01:01.7]} 51. Ke4 {[%clk 0:03:07.7]} 51... Kb7 {[%clk 0:01:00.8]} 52. Kd5 {[%clk 0:03:06.8]} 52... Ka7 {[%clk 0:00:59.8]} 53. Kc5 {[%clk 0:03:05.9]} 53... Kb7 {[%clk 0:00:58.8]} 54. Qb6+ {[%clk 0:03:05.1]} 54... Ka8 {[%clk 0:00:56.2]} 55. Qd8+ {[%clk 0:02:55.7]} 55... Kb7 {[%clk 0:00:54.5]} 56. Qf6 {[%clk 0:02:54.1]} 56... Ka8 {[%clk 0:00:52.9]} 57. Qg7 {[%clk 0:02:52.1]} 57... Kb8 {[%clk 0:00:51.9]} 58. Kc6 {[%clk 0:02:51.1]} 58... Ka8 {[%clk 0:00:49.9]} 59. Qb7# {[%clk 0:02:50.3]} 1-0
"
2025-10-09,1760032152,white,873,brandonmeza802,921,0.0,Loss,Philidor Defense 3.Bc4,C41,https://www.chess.com/openings/Philidor-Defense-3.Bc4,blitz,https://www.chess.com/game/live/144097670830,630,"[Event ""Live Chess""]
[Site ""Chess.com""]
[Date ""2025.10.09""]
[Round ""-""]
[White ""RhysLWells""]
[Black ""brandonmeza802""]
[Result ""0-1""]
[CurrentPosition ""8/8/1n3p2/2k1pP2/3pP3/KPrP4/3Q4/8 w - - 1 59""]
[Timezone ""UTC""]
[ECO ""C41""]
[ECOUrl ""https://www.chess.com/openings/Philidor-Defense-3.Bc4""]
[UTCDate ""2025.10.09""]
[UTCTime ""17:38:42""]
[WhiteElo ""873""]
[BlackElo ""921""]
[TimeControl ""300""]
[Termination ""brandonmeza802 won on time""]
[StartTime ""17:38:42""]
[EndDate ""2025.10.09""]
[EndTime ""17:49:12""]
[Link ""https://www.chess.com/game/live/144097670830""]

1. e4 {[%clk 0:04:59.6]} 1... e5 {[%clk 0:04:59]} 2. Nf3 {[%clk 0:04:58.9]} 2... d6 {[%clk 0:04:57.8]} 3. Bc4 {[%clk 0:04:58.3]} 3... Be6 {[%clk 0:04:55.9]} 4. h3 {[%clk 0:04:57.5]} 4... Bxc4 {[%clk 0:04:54.4]} 5. Nc3 {[%clk 0:04:55.2]} 5... c6 {[%clk 0:04:52.7]} 6. d3 {[%clk 0:04:53.5]} 6... Be6 {[%clk 0:04:51.3]} 7. Be3 {[%clk 0:04:52.6]} 7... Nf6 {[%clk 0:04:48.7]} 8. g4 {[%clk 0:04:51]} 8... g6 {[%clk 0:04:46.7]} 9. Qe2 {[%clk 0:04:50]} 9... Bg7 {[%clk 0:04:45.5]} 10. O-O-O {[%clk 0:04:48.1]} 10... b5 {[%clk 0:04:44.2]} 11. b3 {[%clk 0:04:46.9]} 11... b4 {[%clk 0:04:43.2]} 12. Nb1 {[%clk 0:04:46.2]} 12... c5 {[%clk 0:04:41.9]} 13. Nfd2 {[%clk 0:04:39.1]} 13... Nc6 {[%clk 0:04:40.5]} 14. Nc4 {[%clk 0:04:37.9]} 14... Na5 {[%clk 0:04:35.6]} 15. Nb2 {[%clk 0:04:26.3]} 15... Nc6 {[%clk 0:04:32.7]} 16. Nc4 {[%clk 0:04:24.8]} 16... O-O {[%clk 0:04:27.9]} 17. g5 {[%clk 0:04:16.3]} 17... Nd7 {[%clk 0:04:24.2]} 18. h4 {[%clk 0:04:14.6]} 18... h5 {[%clk 0:04:13.1]} 19. gxh6 {[%clk 0:04:12.9]} 19... Bf6 {[%clk 0:04:07]} 20. h5 {[%clk 0:04:07.3]} 20... g5 {[%clk 0:03:57.9]} 21. Rhg1 {[%clk 0:03:58]} 21... Kh7 {[%clk 0:03:53.2]} 22. Nxd6 {[%clk 0:03:55.7]} 22... Nd4 {[%clk 0:03:44.4]} 23. Nb7 {[%clk 0:03:36.7]} 23... Qe7 {[%clk 0:03:39.4]} 24. Bxd4 {[%clk 0:03:32]} 24... cxd4 {[%clk 0:03:34.4]} 25. Na5 {[%clk 0:03:22.3]} 25... Nb8 {[%clk 0:03:22.8]} 26. Nd2 {[%clk 0:03:15]} 26... Qc7 {[%clk 0:03:07.1]} 27. Ndc4 {[%clk 0:03:09.2]} 27... Bxc4 {[%clk 0:03:05.1]} 28. Nxc4 {[%clk 0:03:05]} 28... Nd7 {[%clk 0:02:51.9]} 29. Qd2 {[%clk 0:02:50.6]} 29... a5 {[%clk 0:02:49.6]} 30. Rxg5 {[%clk 0:02:40.8]} 30... Rg8 {[%clk 0:02:37.5]} 31. Rgg1 {[%clk 0:02:26.7]} 31... Qd8 {[%clk 0:02:20.7]} 32. Nd6 {[%clk 0:02:13.9]} 32... Rxg1 {[%clk 0:02:09]} 33. Rxg1 {[%clk 0:02:09.5]} 33... Qe7 {[%clk 0:01:58.5]} 34. Nf5 {[%clk 0:02:04.7]} 34... Qf8 {[%clk 0:01:51.4]} 35. Rg7+ {[%clk 0:01:36.1]} 35... Bxg7 {[%clk 0:01:38.6]} 36. hxg7 {[%clk 0:01:32.1]} 36... Qxg7 {[%clk 0:01:25.5]} 37. Nxg7 {[%clk 0:01:30.1]} 37... Kxg7 {[%clk 0:01:25.4]} 38. Qg5+ {[%clk 0:01:26.1]} 38... Kf8 {[%clk 0:01:23.7]} 39. Qh6+ {[%clk 0:01:22.6]} 39... Ke7 {[%clk 0:01:21.7]} 40. Qg5+ {[%clk 0:01:20.1]} 40... f6 {[%clk 0:01:20.5]} 41. Qg7+ {[%clk 0:01:16.5]} 41... Ke6 {[%clk 0:01:19.6]} 42. f3 {[%clk 0:01:10.5]} 42... Rf8 {[%clk 0:01:15.9]} 43. h6 {[%clk 0:01:08.3]} 43... Rf7 {[%clk 0:01:14.8]} 44. Qg6 {[%clk 0:01:04.7]} 44... Nf8 {[%clk 0:01:10.7]} 45. Qg4+ {[%clk 0:01:00.9]} 45... Ke7 {[%clk 0:01:09.2]} 46. Qc8 {[%clk 0:00:54.4]} 46... Nd7 {[%clk 0:00:55.4]} 47. Kb2 {[%clk 0:00:48.1]} 47... Rh7 {[%clk 0:00:52.2]} 48. a3 {[%clk 0:00:38.9]} 48... bxa3+ {[%clk 0:00:50.5]} 49. Kxa3 {[%clk 0:00:35.9]} 49... Rxh6 {[%clk 0:00:49]} 50. Qa6 {[%clk 0:00:28.4]} 50... Rh2 {[%clk 0:00:41.3]} 51. Qxa5 {[%clk 0:00:25.3]} 51... Rxc2 {[%clk 0:00:37.6]} 52. Qb4+ {[%clk 0:00:23.8]} 52... Rc5 {[%clk 0:00:30.4]} 53. Ka4 {[%clk 0:00:17.4]} 53... Kd6 {[%clk 0:00:24.1]} 54. Qe1 {[%clk 0:00:08.6]} 54... Nb6+ {[%clk 0:00:22.7]} 55. Ka3 {[%clk 0:00:07.1]} 55... Rc3 {[%clk 0:00:18.5]} 56. Qd2 {[%clk 0:00:04.5]} 56... Kc5 {[%clk 0:00:16.4]} 57. f4 {[%clk 0:00:03.6]} 57... Nd7 {[%clk 0:00:13.4]} 58. f5 {[%clk 0:00:02.4]} 58... Nb6 {[%clk 0:00:12]} 0-1
"
2025-10-09,1760020281,black,880,audioB3AST,896,0.0,Loss,Nimzowitsch Larsen Attack Modern Variation 2.Bb2 Nc6 3.E3 D5,A01,https://www.chess.com/openings/Nimzowitsch-Larsen-Attack-Modern-Variation-2.Bb2-Nc6-3.e3-d5,blitz,https://www.chess.com/game/live/144090334316,556,"[Event ""Live Chess""]
[Site ""Chess.com""]
[Date ""2025.10.09""]
[Round ""-""]
[White ""audioB3AST""]
[Black ""RhysLWells""]
[Result ""1-0""]
[CurrentPosition ""2Q1k1r1/5p2/3b1B2/pp5P/4p3/1P2P3/4BP2/4K2R b K - 1 34""]
[Timezone ""UTC""]
[ECO ""A01""]
[ECOUrl ""https://www.chess.com/openings/Nimzowitsch-Larsen-Attack-Modern-Variation-2.Bb2-Nc6-3.e3-d5""]
[UTCDate ""2025.10.09""]
[UTCTime ""14:22:05""]
[WhiteElo ""896""]
[BlackElo ""880""]
[TimeControl ""300""]
[Termination ""audioB3AST won by checkmate""]
[StartTime ""14:22:05""]
[EndDate ""2025.10.09""]
[EndTime ""14:31:21""]
[Link ""https://www.chess.com/game/live/144090334316""]

1. e3 {[%clk 0:04:59.1]} 1... e5 {[%clk 0:04:59.4]} 2. b3 {[%clk 0:04:58.3]} 2... d5 {[%clk 0:04:58.4]} 3. Bb2 {[%clk 0:04:56.5]} 3... Nc6 {[%clk 0:04:57]} 4. Nc3 {[%clk 0:04:55]} 4... Be6 {[%clk 0:04:55.7]} 5. Nf3 {[%clk 0:04:54.2]} 5... Nge7 {[%clk 0:04:51.6]} 6. d4 {[%clk 0:04:45.1]} 6... e4 {[%clk 0:04:49.7]} 7. Ng5 {[%clk 0:04:37.4]} 7... Bf5 {[%clk 0:04:44.3]} 8. g4 {[%clk 0:04:25.3]} 8... Bg6 {[%clk 0:04:40.3]} 9. h4 {[%clk 0:04:22.7]} 9... h6 {[%clk 0:04:37.9]} 10. Nh3 {[%clk 0:04:03.5]} 10... h5 {[%clk 0:04:31.6]} 11. Nf4 {[%clk 0:04:01.3]} 11... Qd7 {[%clk 0:04:18.8]} 12. Nxg6 {[%clk 0:03:58]} 12... Nxg6 {[%clk 0:04:16.7]} 13. gxh5 {[%clk 0:03:53.7]} 13... Nge7 {[%clk 0:04:02.4]} 14. Na4 {[%clk 0:03:43.5]} 14... b6 {[%clk 0:03:57.3]} 15. Bb5 {[%clk 0:03:30.5]} 15... Qf5 {[%clk 0:03:41.8]} 16. Be2 {[%clk 0:03:11.9]} 16... g6 {[%clk 0:03:36.8]} 17. hxg6 {[%clk 0:03:08.1]} 17... Qxg6 {[%clk 0:03:29]} 18. h5 {[%clk 0:03:05.8]} 18... Qf6 {[%clk 0:03:22.6]} 19. c4 {[%clk 0:02:56.1]} 19... Nb4 {[%clk 0:02:58.3]} 20. cxd5 {[%clk 0:02:46.7]} 20... Nexd5 {[%clk 0:02:54.6]} 21. a3 {[%clk 0:02:27.2]} 21... Nc6 {[%clk 0:02:42.8]} 22. Rc1 {[%clk 0:02:16.1]} 22... a6 {[%clk 0:02:17.3]} 23. Nc3 {[%clk 0:01:53.2]} 23... Nxc3 {[%clk 0:02:12.8]} 24. Bxc3 {[%clk 0:01:50.6]} 24... Bxa3 {[%clk 0:02:05.5]} 25. d5 {[%clk 0:01:44.2]} 25... Bxc1 {[%clk 0:01:57.6]} 26. Bxf6 {[%clk 0:01:42.5]} 26... Rg8 {[%clk 0:01:44.9]} 27. dxc6 {[%clk 0:01:39.5]} 27... Ba3 {[%clk 0:01:34.5]} 28. Qd7+ {[%clk 0:01:27]} 28... Kf8 {[%clk 0:01:29.8]} 29. Qxc7 {[%clk 0:01:19.5]} 29... b5 {[%clk 0:01:18.1]} 30. Qb7 {[%clk 0:01:11.4]} 30... Re8 {[%clk 0:01:10.2]} 31. c7 {[%clk 0:01:08.5]} 31... Bd6 {[%clk 0:01:04.8]} 32. c8=Q {[%clk 0:01:01.4]} 32... a5 {[%clk 0:00:26.4]} 33. Qxe8+ {[%clk 0:00:47.9]} 33... Kxe8 {[%clk 0:00:23.9]} 34. Qc8# {[%clk 0:00:44.3]} 1-0
"
2025-10-08,1759942318,white,888,KevinAMadden,882,1.0,Win,Philidor Defense 3.Bc4,C41,https://www.chess.com/openings/Philidor-Defense-3.Bc4,blitz,https://www.chess.com/game/live/144056002384,580,"[Event ""Live Chess""]
[Site ""Chess.com""]
[Date ""2025.10.08""]
[Round ""-""]
[White ""RhysLWells""]
[Black ""KevinAMadden""]
[Result ""1-0""]
[CurrentPosition ""1k1r4/p1p3p1/1p5p/2b5/4P3/P1P5/KP3Q2/3q4 b - - 0 41""]
[Timezone ""UTC""]
[ECO ""C41""]
[ECOUrl ""https://www.chess.com/openings/Philidor-Defense-3.Bc4""]
[UTCDate ""2025.10.08""]
[UTCTime ""16:42:18""]
[WhiteElo ""888""]
[BlackElo ""882""]
[TimeControl ""300""]
[Termination ""RhysLWells won on time""]
[StartTime ""16:42:18""]
[EndDate ""2025.10.08""]
[EndTime ""16:51:58""]
[Link ""https://www.chess.com/game/live/144056002384""]

1. e4 {[%clk 0:04:58.8]} 1... e5 {[%clk 0:04:58.2]} 2. Nf3 {[%clk 0:04:58.1]} 2... d6 {[%clk 0:04:55.5]} 3. Bc4 {[%clk 0:04:57]} 3... Bg4 {[%clk 0:04:53.4]} 4. h3 {[%clk 0:04:54.9]} 4... Bh5 {[%clk 0:04:52]} 5. g4 {[%clk 0:04:53.5]} 5... Bg6 {[%clk 0:04:51]} 6. Nh4 {[%clk 0:04:52.1]} 6... Qxh4 {[%clk 0:04:44]} 7. d3 {[%clk 0:04:46]} 7... Nd7 {[%clk 0:04:35.1]} 8. Qf3 {[%clk 0:04:43.2]} 8... O-O-O {[%clk 0:04:27.5]} 9. Nd2 {[%clk 0:04:39.7]} 9... Ne7 {[%clk 0:04:20.3]} 10. Nb3 {[%clk 0:04:30.1]} 10... b6 {[%clk 0:04:17.3]} 11. Bxf7 {[%clk 0:04:21.6]} 11... Bxf7 {[%clk 0:04:00.2]} 12. Qxf7 {[%clk 0:04:20.5]} 12... h6 {[%clk 0:03:54.1]} 13. Qc4 {[%clk 0:04:15.9]} 13... Nc5 {[%clk 0:03:42.4]} 14. Nxc5 {[%clk 0:04:11.7]} 14... dxc5 {[%clk 0:03:28.3]} 15. Qa6+ {[%clk 0:04:07.1]} 15... Kb8 {[%clk 0:03:26.2]} 16. Be3 {[%clk 0:04:00]} 16... Nc6 {[%clk 0:03:24.3]} 17. O-O-O {[%clk 0:03:50.2]} 17... Nd4 {[%clk 0:03:08.4]} 18. f4 {[%clk 0:03:28.8]} 18... exf4 {[%clk 0:02:56.2]} 19. Bxf4 {[%clk 0:03:26.5]} 19... Ne2+ {[%clk 0:02:54.6]} 20. Kb1 {[%clk 0:03:17.4]} 20... Nxf4 {[%clk 0:02:53.2]} 21. Rhf1 {[%clk 0:03:12.1]} 21... Bd6 {[%clk 0:02:51.2]} 22. Rh1 {[%clk 0:03:03.8]} 22... Nxh3 {[%clk 0:02:29]} 23. a3 {[%clk 0:02:50.5]} 23... Qxg4 {[%clk 0:02:26.6]} 24. Rdg1 {[%clk 0:02:36.1]} 24... Nxg1 {[%clk 0:02:12.2]} 25. Ka2 {[%clk 0:02:21.8]} 25... Qd1 {[%clk 0:02:01]} 26. d4 {[%clk 0:02:14]} 26... Qxd4 {[%clk 0:01:56.6]} 27. c3 {[%clk 0:01:59]} 27... Qe3 {[%clk 0:01:48.2]} 28. Qa4 {[%clk 0:01:49.7]} 28... Ne2 {[%clk 0:01:43.1]} 29. Re1 {[%clk 0:01:47.7]} 29... Nc1+ {[%clk 0:01:39.2]} 30. Ka1 {[%clk 0:01:41.6]} 30... Qxe1 {[%clk 0:01:37.6]} 31. Qc6 {[%clk 0:01:37.1]} 31... Nb3+ {[%clk 0:01:31.4]} 32. Ka2 {[%clk 0:01:35.4]} 32... c4 {[%clk 0:01:25.3]} 33. Qxc4 {[%clk 0:01:30]} 33... Qa1+ {[%clk 0:01:23]} 34. Kxb3 {[%clk 0:01:28.3]} 34... Qd1+ {[%clk 0:01:11.7]} 35. Ka2 {[%clk 0:01:26.3]} 35... Rhf8 {[%clk 0:01:03.4]} 36. Qe6 {[%clk 0:01:09.2]} 36... Rf1 {[%clk 0:00:57.9]} 37. Qh3 {[%clk 0:00:56.3]} 37... Qa1+ {[%clk 0:00:53.4]} 38. Kb3 {[%clk 0:00:54.5]} 38... Qd1+ {[%clk 0:00:44]} 39. Ka2 {[%clk 0:00:51.4]} 39... Rf2 {[%clk 0:00:42]} 40. Qh4 {[%clk 0:00:46.5]} 40... Bc5 {[%clk 0:00:25.9]} 41. Qxf2 {[%clk 0:00:40.8]} 1-0
"
2025-10-08,1759941733,white,880,Gonz0_63,880,0.0,Loss,Pirc Defense Modern Defense Geller System...3.Nc3 E5 4.Bc4 Be7,B07,https://www.chess.com/openings/Pirc-Defense-Modern-Defense-Geller-System...3.Nc3-e5-4.Bc4-Be7,blitz,https://www.chess.com/game/live/144055636802,577,"[Event ""Live Chess""]
[Site ""Chess.com""]
[Date ""2025.10.08""]
[Round ""-""]
[White ""RhysLWells""]
[Black ""Gonz0_63""]
[Result ""0-1""]
[CurrentPosition ""R7/6pk/p4p1p/1pp5/8/P1P4P/3r2r1/K7 w - - 4 38""]
[Timezone ""UTC""]
[ECO ""B07""]
[ECOUrl ""https://www.chess.com/openings/Pirc-Defense-Modern-Defense-Geller-System...3.Nc3-e5-4.Bc4-Be7""]
[UTCDate ""2025.10.08""]
[UTCTime ""16:32:36""]
[WhiteElo ""880""]
[BlackElo ""880""]
[TimeControl ""300""]
[Termination ""Gonz0_63 won on time""]
[StartTime ""16:32:36""]
[EndDate ""2025.10.08""]
[EndTime ""16:42:13""]
[Link ""https://www.chess.com/game/live/144055636802""]

1. e4 {[%clk 0:04:59.1]} 1... e5 {[%clk 0:04:57.9]} 2. Nc3 {[%clk 0:04:57.3]} 2... Nf6 {[%clk 0:04:55.5]} 3. Nf3 {[%clk 0:04:53.3]} 3... d6 {[%clk 0:04:53.5]} 4. Bc4 {[%clk 0:04:52.3]} 4... Be7 {[%clk 0:04:47.7]} 5. h3 {[%clk 0:04:51.4]} 5... O-O {[%clk 0:04:41.7]} 6. d3 {[%clk 0:04:48.9]} 6... b6 {[%clk 0:04:37.1]} 7. Be3 {[%clk 0:04:46.1]} 7... Bb7 {[%clk 0:04:35.2]} 8. Qd2 {[%clk 0:04:34.9]} 8... c5 {[%clk 0:04:32.5]} 9. O-O-O {[%clk 0:04:30.7]} 9... Nc6 {[%clk 0:04:27.2]} 10. a3 {[%clk 0:04:26]} 10... Nd4 {[%clk 0:04:20.2]} 11. Nd5 {[%clk 0:04:12.3]} 11... Rc8 {[%clk 0:04:08.6]} 12. Nxe7+ {[%clk 0:04:02.4]} 12... Qxe7 {[%clk 0:04:06.2]} 13. c3 {[%clk 0:03:47.2]} 13... Nxf3 {[%clk 0:03:38]} 14. gxf3 {[%clk 0:03:44.5]} 14... a6 {[%clk 0:03:18.1]} 15. Rhg1 {[%clk 0:03:42.1]} 15... Kh8 {[%clk 0:03:09.9]} 16. Rg3 {[%clk 0:03:04.8]} 16... b5 {[%clk 0:03:02.6]} 17. Ba2 {[%clk 0:03:01]} 17... d5 {[%clk 0:02:47.8]} 18. Rdg1 {[%clk 0:02:41.7]} 18... Nh5 {[%clk 0:02:30.9]} 19. Bg5 {[%clk 0:02:21.8]} 19... f6 {[%clk 0:02:27]} 20. Bh4 {[%clk 0:01:48.9]} 20... Nxg3 {[%clk 0:02:24.2]} 21. Rxg3 {[%clk 0:01:47.7]} 21... dxe4 {[%clk 0:02:14.2]} 22. fxe4 {[%clk 0:01:36.4]} 22... Rcd8 {[%clk 0:02:12.2]} 23. f4 {[%clk 0:01:02.2]} 23... Bxe4 {[%clk 0:02:00]} 24. fxe5 {[%clk 0:00:46.4]} 24... Qxe5 {[%clk 0:01:54.9]} 25. Re3 {[%clk 0:00:45.2]} 25... Qf4 {[%clk 0:01:18]} 26. Bg3 {[%clk 0:00:34.8]} 26... Qf1+ {[%clk 0:01:10.7]} 27. Re1 {[%clk 0:00:27.3]} 27... Qxd3 {[%clk 0:01:08.4]} 28. Qxd3 {[%clk 0:00:22.4]} 28... Rxd3 {[%clk 0:01:05.7]} 29. Rxe4 {[%clk 0:00:20.8]} 29... Rxg3 {[%clk 0:01:04.1]} 30. Bf7 {[%clk 0:00:15.2]} 30... h6 {[%clk 0:00:55.2]} 31. Bg6 {[%clk 0:00:12.9]} 31... Rxg6 {[%clk 0:00:52.6]} 32. Re7 {[%clk 0:00:10.3]} 32... Rg2 {[%clk 0:00:47.3]} 33. Ra7 {[%clk 0:00:09.1]} 33... Rd8 {[%clk 0:00:44.7]} 34. Kb1 {[%clk 0:00:07.3]} 34... Rdd2 {[%clk 0:00:43.5]} 35. Ka2 {[%clk 0:00:05.6]} 35... Rxb2+ {[%clk 0:00:42.5]} 36. Ka1 {[%clk 0:00:03.1]} 36... Rbd2 {[%clk 0:00:40]} 37. Ra8+ {[%clk 0:00:00.7]} 37... Kh7 {[%clk 0:00:37.9]} 0-1
"
2025-10-08,1759927052,black,888,sandeepbachi,917,0.0,Loss,Clemenz Opening,A00,https://www.chess.com/openings/Clemenz-Opening,blitz,https://www.chess.com/game/live/144046722602,585,"[Event ""Live Chess""]
[Site ""Chess.com""]
[Date ""2025.10.08""]
[Round ""-""]
[White ""sandeepbachi""]
[Black ""RhysLWells""]
[Result ""1-0""]
[CurrentPosition ""8/8/5KQk/8/8/8/8/8 b - - 4 59""]
[Timezone ""UTC""]
[ECO ""A00""]
[ECOUrl ""https://www.chess.com/openings/Clemenz-Opening""]
[UTCDate ""2025.10.08""]
[UTCTime ""12:27:47""]
[WhiteElo ""917""]
[BlackElo ""888""]
[TimeControl ""300""]
[Termination ""sandeepbachi won by checkmate""]
[StartTime ""12:27:47""]
[EndDate ""2025.10.08""]
[EndTime ""12:37:32""]
[Link ""https://www.chess.com/game/live/144046722602""]

1. h3 {[%clk 0:04:59.8]} 1... d5 {[%clk 0:04:57.6]} 2. d4 {[%clk 0:04:58.6]} 2... Nc6 {[%clk 0:04:55.5]} 3. Nf3 {[%clk 0:04:57]} 3... f6 {[%clk 0:04:54]} 4. a3 {[%clk 0:04:55.7]} 4... Bf5 {[%clk 0:04:53.2]} 5. Nc3 {[%clk 0:04:50.7]} 5... e6 {[%clk 0:04:51.4]} 6. Bf4 {[%clk 0:04:48.2]} 6... Bd6 {[%clk 0:04:49.6]} 7. Bxd6 {[%clk 0:04:43]} 7... Qxd6 {[%clk 0:04:48.1]} 8. e3 {[%clk 0:04:42.3]} 8... a6 {[%clk 0:04:45.8]} 9. Bd3 {[%clk 0:04:39.6]} 9... Bg6 {[%clk 0:04:43.9]} 10. Bxg6+ {[%clk 0:04:37.3]} 10... hxg6 {[%clk 0:04:43.3]} 11. e4 {[%clk 0:04:29.9]} 11... Nge7 {[%clk 0:04:23.2]} 12. exd5 {[%clk 0:04:23]} 12... Nxd5 {[%clk 0:04:20.6]} 13. Nxd5 {[%clk 0:04:21.8]} 13... Qxd5 {[%clk 0:04:19.1]} 14. Qe2 {[%clk 0:04:09.3]} 14... O-O-O {[%clk 0:04:15.7]} 15. O-O-O {[%clk 0:04:04.6]} 15... Qa2 {[%clk 0:04:00.3]} 16. g4 {[%clk 0:03:41.8]} 16... Qa1+ {[%clk 0:03:52.9]} 17. Kd2 {[%clk 0:03:40.1]} 17... Qxb2 {[%clk 0:03:50.2]} 18. Rb1 {[%clk 0:03:32.4]} 18... Rxd4+ {[%clk 0:03:22.9]} 19. Nxd4 {[%clk 0:03:30.5]} 19... Qxd4+ {[%clk 0:03:21.7]} 20. Kc1 {[%clk 0:03:14.9]} 20... Qf4+ {[%clk 0:03:16.2]} 21. Kb2 {[%clk 0:03:06.6]} 21... Nd4 {[%clk 0:03:10.9]} 22. Qc4 {[%clk 0:02:56.9]} 22... Qe5 {[%clk 0:02:56]} 23. Rbd1 {[%clk 0:02:50.8]} 23... Nb5+ {[%clk 0:02:43.9]} 24. Ka2 {[%clk 0:02:44.2]} 24... Nc3+ {[%clk 0:02:39.1]} 25. Kb3 {[%clk 0:02:33.7]} 25... Nxd1 {[%clk 0:02:30.9]} 26. Rxd1 {[%clk 0:02:32.3]} 26... Qb5+ {[%clk 0:02:18]} 27. Qxb5 {[%clk 0:02:27.2]} 27... axb5 {[%clk 0:02:17.2]} 28. Rd3 {[%clk 0:02:22.3]} 28... c6 {[%clk 0:02:15.8]} 29. f4 {[%clk 0:02:21]} 29... Kc7 {[%clk 0:02:13.7]} 30. c4 {[%clk 0:02:15.1]} 30... bxc4+ {[%clk 0:02:02.8]} 31. Kxc4 {[%clk 0:02:13.9]} 31... b5+ {[%clk 0:01:58.5]} 32. Kc5 {[%clk 0:02:09.2]} 32... g5 {[%clk 0:01:47.7]} 33. fxg5 {[%clk 0:02:07]} 33... fxg5 {[%clk 0:01:46.4]} 34. Rd6 {[%clk 0:02:02.8]} 34... Rxh3 {[%clk 0:01:34.3]} 35. Rxc6+ {[%clk 0:02:01]} 35... Kd7 {[%clk 0:01:29.8]} 36. Kxb5 {[%clk 0:01:45]} 36... Rxa3 {[%clk 0:01:26.7]} 37. Rc5 {[%clk 0:01:37.6]} 37... Kd6 {[%clk 0:01:22.6]} 38. Rxg5 {[%clk 0:01:36.1]} 38... e5 {[%clk 0:01:16.9]} 39. Rxg7 {[%clk 0:01:34]} 39... e4 {[%clk 0:01:16.2]} 40. Rg8 {[%clk 0:01:26.5]} 40... e3 {[%clk 0:01:13.8]} 41. Re8 {[%clk 0:01:25.2]} 41... Kd7 {[%clk 0:01:13]} 42. Re4 {[%clk 0:01:23.6]} 42... Kd6 {[%clk 0:01:11.6]} 43. Kc4 {[%clk 0:01:18.6]} 43... Ra4+ {[%clk 0:01:09.4]} 44. Kd3 {[%clk 0:01:17.8]} 44... Ra3+ {[%clk 0:00:22.4]} 45. Ke2 {[%clk 0:01:15.7]} 45... Kd5 {[%clk 0:00:18.1]} 46. Rxe3 {[%clk 0:01:13.3]} 46... Rxe3+ {[%clk 0:00:17.5]} 47. Kxe3 {[%clk 0:01:12.3]} 47... Ke6 {[%clk 0:00:16.7]} 48. Kf4 {[%clk 0:01:11.6]} 48... Kf6 {[%clk 0:00:15.3]} 49. g5+ {[%clk 0:01:09.1]} 49... Kg6 {[%clk 0:00:14.1]} 50. Kg4 {[%clk 0:01:08.4]} 50... Kg7 {[%clk 0:00:12.2]} 51. Kf5 {[%clk 0:01:07.3]} 51... Kf7 {[%clk 0:00:10.2]} 52. g6+ {[%clk 0:01:05.9]} 52... Kg7 {[%clk 0:00:09.4]} 53. Kg5 {[%clk 0:01:05]} 53... Kf8 {[%clk 0:00:07.9]} 54. Kf6 {[%clk 0:01:04]} 54... Kg8 {[%clk 0:00:07.2]} 55. g7 {[%clk 0:01:02.2]} 55... Kh7 {[%clk 0:00:05.3]} 56. Kf7 {[%clk 0:01:01.1]} 56... Kh6 {[%clk 0:00:03.6]} 57. g8=Q {[%clk 0:00:59.6]} 57... Kh5 {[%clk 0:00:02.5]} 58. Kf6 {[%clk 0:00:58.4]} 58... Kh6 {[%clk 0:00:00.9]} 59. Qg6# {[%clk 0:00:55.9]} 1-0
"
2025-10-08,1759926462,white,896,sectumsempram,853,1.0,Win,Giuoco Piano Game Main Line Giuoco Pianissimo Variation 5...D6 6.H3,C53,https://www.chess.com/openings/Giuoco-Piano-Game-Main-Line-Giuoco-Pianissimo-Variation-5...d6-6.h3,blitz,https://www.chess.com/game/live/144046561080,284,"[Event ""Live Chess""]
[Site ""Chess.com""]
[Date ""2025.10.08""]
[Round ""-""]
[White ""RhysLWells""]
[Black ""sectumsempram""]
[Result ""1-0""]
[CurrentPosition ""r3q1k1/1p3ppp/2pR4/4p3/1BP1Q3/p4N1P/P4PP1/1K1R4 b - - 0 28""]
[Timezone ""UTC""]
[ECO ""C53""]
[ECOUrl ""https://www.chess.com/openings/Giuoco-Piano-Game-Main-Line-Giuoco-Pianissimo-Variation-5...d6-6.h3""]
[UTCDate ""2025.10.08""]
[UTCTime ""12:22:58""]
[WhiteElo ""896""]
[BlackElo ""853""]
[TimeControl ""300""]
[Termination ""RhysLWells won by resignation""]
[StartTime ""12:22:58""]
[EndDate ""2025.10.08""]
[EndTime ""12:27:42""]
[Link ""https://www.chess.com/game/live/144046561080""]

1. e4 {[%clk 0:04:55.6]} 1... e5 {[%clk 0:04:58.1]} 2. Nf3 {[%clk 0:04:54.5]} 2... Nc6 {[%clk 0:04:50.9]} 3. c3 {[%clk 0:04:52.2]} 3... Bc5 {[%clk 0:04:48.2]} 4. Bc4 {[%clk 0:04:49.1]} 4... d6 {[%clk 0:04:46.1]} 5. h3 {[%clk 0:04:44.7]} 5... Nf6 {[%clk 0:04:41.9]} 6. d3 {[%clk 0:04:42.2]} 6... O-O {[%clk 0:04:37.4]} 7. Qe2 {[%clk 0:04:39]} 7... Re8 {[%clk 0:04:32.7]} 8. Nbd2 {[%clk 0:04:35.5]} 8... Na5 {[%clk 0:04:28.9]} 9. Bd5 {[%clk 0:04:26.8]} 9... c6 {[%clk 0:03:58.4]} 10. Bb3 {[%clk 0:04:23.5]} 10... Nxb3 {[%clk 0:03:56.4]} 11. Nxb3 {[%clk 0:04:21.6]} 11... Bb6 {[%clk 0:03:52.6]} 12. Bd2 {[%clk 0:04:16.5]} 12... Be6 {[%clk 0:03:51]} 13. O-O-O {[%clk 0:04:12.9]} 13... a5 {[%clk 0:03:33]} 14. Kb1 {[%clk 0:04:04.1]} 14... a4 {[%clk 0:03:31.5]} 15. Nc1 {[%clk 0:04:00.6]} 15... a3 {[%clk 0:03:28.9]} 16. b3 {[%clk 0:03:59.5]} 16... Bxb3 {[%clk 0:03:12.1]} 17. Nxb3 {[%clk 0:03:56.7]} 17... Qd7 {[%clk 0:03:08.7]} 18. Be3 {[%clk 0:03:52.7]} 18... Ba5 {[%clk 0:03:04.7]} 19. Nxa5 {[%clk 0:03:43.5]} 19... Rxa5 {[%clk 0:03:04.6]} 20. Bd2 {[%clk 0:03:42.3]} 20... Qe6 {[%clk 0:02:57.3]} 21. c4 {[%clk 0:03:40.6]} 21... d5 {[%clk 0:02:53.4]} 22. Bxa5 {[%clk 0:03:35.7]} 22... dxc4 {[%clk 0:02:52.1]} 23. dxc4 {[%clk 0:03:34.5]} 23... Ra8 {[%clk 0:02:49.1]} 24. Bb4 {[%clk 0:03:23.5]} 24... Ra4 {[%clk 0:02:47.1]} 25. Qc2 {[%clk 0:03:21.8]} 25... Ra8 {[%clk 0:02:39.5]} 26. Rd6 {[%clk 0:03:18.6]} 26... Qe8 {[%clk 0:02:25.6]} 27. Rhd1 {[%clk 0:03:16.5]} 27... Nxe4 {[%clk 0:02:23.8]} 28. Qxe4 {[%clk 0:03:12.6]} 1-0
"
2025-10-08,1759917689,white,888,buchipad,890,1.0,Win,Italian Game Two Knights Modern Bishops Opening 4...Be7 5.C3 O O,C55,https://www.chess.com/openings/Italian-Game-Two-Knights-Modern-Bishops-Opening-4...Be7-5.c3-O-O,blitz,https://www.chess.com/game/live/144041937486,556,"[Event ""Live Chess""]
[Site ""Chess.com""]
[Date ""2025.10.08""]
[Round ""-""]
[White ""RhysLWells""]
[Black ""buchipad""]
[Result ""1-0""]
[CurrentPosition ""8/8/8/6P1/2k2p2/8/P3K1P1/8 b - - 1 51""]
[Timezone ""UTC""]
[ECO ""C55""]
[ECOUrl ""https://www.chess.com/openings/Italian-Game-Two-Knights-Modern-Bishops-Opening-4...Be7-5.c3-O-O""]
[UTCDate ""2025.10.08""]
[UTCTime ""09:52:13""]
[WhiteElo ""888""]
[BlackElo ""890""]
[TimeControl ""300""]
[Termination ""RhysLWells won by resignation""]
[StartTime ""09:52:13""]
[EndDate ""2025.10.08""]
[EndTime ""10:01:29""]
[Link ""https://www.chess.com/game/live/144041937486""]

1. e4 {[%clk 0:04:59.9]} 1... e5 {[%clk 0:04:58.9]} 2. Nf3 {[%clk 0:04:58.7]} 2... Nc6 {[%clk 0:04:57.9]} 3. Bc4 {[%clk 0:04:58]} 3... Be7 {[%clk 0:04:54.5]} 4. c3 {[%clk 0:04:55.5]} 4... Nf6 {[%clk 0:04:51.8]} 5. d3 {[%clk 0:04:53.5]} 5... O-O {[%clk 0:04:50.6]} 6. Be3 {[%clk 0:04:51.1]} 6... b6 {[%clk 0:04:48.6]} 7. Qd2 {[%clk 0:04:44.5]} 7... Bb7 {[%clk 0:04:46.9]} 8. Na3 {[%clk 0:04:40.8]} 8... Na5 {[%clk 0:04:43]} 9. Nxe5 {[%clk 0:04:21.1]} 9... Nxc4 {[%clk 0:04:39.2]} 10. Naxc4 {[%clk 0:04:19.6]} 10... d6 {[%clk 0:04:27.5]} 11. Nf3 {[%clk 0:04:13.1]} 11... d5 {[%clk 0:04:14.2]} 12. Na3 {[%clk 0:04:05.1]} 12... dxe4 {[%clk 0:04:01.3]} 13. dxe4 {[%clk 0:04:02.2]} 13... Nxe4 {[%clk 0:03:59]} 14. Qxd8 {[%clk 0:03:59]} 14... Raxd8 {[%clk 0:03:51.5]} 15. O-O {[%clk 0:03:46]} 15... Bxa3 {[%clk 0:03:47.4]} 16. bxa3 {[%clk 0:03:43.7]} 16... Nxc3 {[%clk 0:03:45.2]} 17. Rac1 {[%clk 0:03:30.4]} 17... Ne2+ {[%clk 0:03:33.8]} 18. Kh1 {[%clk 0:03:26.9]} 18... Nxc1 {[%clk 0:03:33.7]} 19. Rxc1 {[%clk 0:03:26.4]} 19... c5 {[%clk 0:03:30.8]} 20. Nd2 {[%clk 0:03:12.6]} 20... Rfe8 {[%clk 0:03:23.2]} 21. Nc4 {[%clk 0:03:10.3]} 21... Rd3 {[%clk 0:03:04.4]} 22. h3 {[%clk 0:03:06.9]} 22... Red8 {[%clk 0:02:52.1]} 23. Kh2 {[%clk 0:02:48.2]} 23... Ba6 {[%clk 0:02:35.8]} 24. Ne5 {[%clk 0:02:41.7]} 24... Rxa3 {[%clk 0:02:28.4]} 25. Ra1 {[%clk 0:02:28.6]} 25... c4 {[%clk 0:02:18.7]} 26. Bc1 {[%clk 0:02:18.3]} 26... Ra5 {[%clk 0:02:04.2]} 27. Nc6 {[%clk 0:02:14]} 27... Rdd5 {[%clk 0:01:58.9]} 28. Nxa5 {[%clk 0:02:12.7]} 28... Rxa5 {[%clk 0:01:58.3]} 29. Bd2 {[%clk 0:02:10.5]} 29... Rc5 {[%clk 0:01:56]} 30. Bc3 {[%clk 0:02:08.3]} 30... b5 {[%clk 0:01:54.6]} 31. Re1 {[%clk 0:02:06.7]} 31... Kf8 {[%clk 0:01:49.8]} 32. Bb4 {[%clk 0:02:04.2]} 32... g6 {[%clk 0:01:42.8]} 33. Bxc5+ {[%clk 0:02:00.9]} 33... Kg7 {[%clk 0:01:42.7]} 34. Bxa7 {[%clk 0:01:55.8]} 34... b4 {[%clk 0:01:40.8]} 35. Bd4+ {[%clk 0:01:52.8]} 35... f6 {[%clk 0:01:35.9]} 36. Rc1 {[%clk 0:01:45.5]} 36... Kf7 {[%clk 0:01:32.6]} 37. Kg3 {[%clk 0:01:43]} 37... Ke6 {[%clk 0:01:31]} 38. Kf3 {[%clk 0:01:41.5]} 38... f5 {[%clk 0:01:29.1]} 39. Ke3 {[%clk 0:01:39.9]} 39... g5 {[%clk 0:01:26.8]} 40. f3 {[%clk 0:01:28.8]} 40... Kd5 {[%clk 0:01:17.9]} 41. Ba1 {[%clk 0:01:17.8]} 41... f4+ {[%clk 0:01:13.5]} 42. Kd2 {[%clk 0:01:15.1]} 42... c3+ {[%clk 0:01:10.2]} 43. Bxc3 {[%clk 0:01:13.6]} 43... bxc3+ {[%clk 0:01:08.9]} 44. Rxc3 {[%clk 0:01:12.9]} 44... h5 {[%clk 0:01:02.4]} 45. Ra3 {[%clk 0:01:09.2]} 45... g4 {[%clk 0:00:35.2]} 46. hxg4 {[%clk 0:01:05.1]} 46... hxg4 {[%clk 0:00:34]} 47. fxg4 {[%clk 0:01:03.1]} 47... Bc4 {[%clk 0:00:32.2]} 48. g5 {[%clk 0:00:58.8]} 48... Ke4 {[%clk 0:00:30.3]} 49. Ra4 {[%clk 0:00:55]} 49... Kd4 {[%clk 0:00:28]} 50. Rxc4+ {[%clk 0:00:52.4]} 50... Kxc4 {[%clk 0:00:26.8]} 51. Ke2 {[%clk 0:00:51.7]} 1-0
"
2025-10-07,1759868176,black,880,talh46,905,0.0,Loss,Queens Pawn Opening Zukertort Variation 2...E6 3.Bf4,D02,https://www.chess.com/openings/Queens-Pawn-Opening-Zukertort-Variation-2...e6-3.Bf4,blitz,https://www.chess.com/game/live/144023657790,430,"[Event ""Live Chess""]
[Site ""Chess.com""]
[Date ""2025.10.07""]
[Round ""-""]
[White ""talh46""]
[Black ""RhysLWells""]
[Result ""1-0""]
[CurrentPosition ""2kr3r/1Bp1n2p/6pB/5p2/8/8/2PqQPPb/1R3R1K b - - 0 21""]
[Timezone ""UTC""]
[ECO ""D02""]
[ECOUrl ""https://www.chess.com/openings/Queens-Pawn-Opening-Zukertort-Variation-2...e6-3.Bf4""]
[UTCDate ""2025.10.07""]
[UTCTime ""20:09:06""]
[WhiteElo ""905""]
[BlackElo ""880""]
[TimeControl ""300""]
[Termination ""talh46 won - game abandoned""]
[StartTime ""20:09:06""]
[EndDate ""2025.10.07""]
[EndTime ""20:16:16""]
[Link ""https://www.chess.com/game/live/144023657790""]

1. d4 {[%clk 0:04:58]} 1... e6 {[%clk 0:04:58.5]} 2. Bf4 {[%clk 0:04:57.4]} 2... d5 {[%clk 0:04:57.3]} 3. Nf3 {[%clk 0:04:56.8]} 3... f6 {[%clk 0:04:55.4]} 4. e3 {[%clk 0:04:56.2]} 4... Ne7 {[%clk 0:04:54.5]} 5. Nc3 {[%clk 0:04:53.3]} 5... a6 {[%clk 0:04:53.4]} 6. Bd3 {[%clk 0:04:51.4]} 6... Nbc6 {[%clk 0:04:50.1]} 7. e4 {[%clk 0:04:49.9]} 7... g6 {[%clk 0:04:33.5]} 8. Qe2 {[%clk 0:03:56.7]} 8... Bg7 {[%clk 0:04:22.8]} 9. a3 {[%clk 0:03:52.3]} 9... dxe4 {[%clk 0:04:08.1]} 10. Nxe4 {[%clk 0:03:49.8]} 10... f5 {[%clk 0:04:02.1]} 11. Neg5 {[%clk 0:03:36.1]} 11... Nxd4 {[%clk 0:03:59.5]} 12. Nxd4 {[%clk 0:03:32.6]} 12... Bxd4 {[%clk 0:03:57.6]} 13. Nxe6 {[%clk 0:03:30.6]} 13... Bxe6 {[%clk 0:03:55.2]} 14. Qxe6 {[%clk 0:03:26.9]} 14... Bxb2 {[%clk 0:03:42.9]} 15. Rb1 {[%clk 0:03:24.1]} 15... Bxa3 {[%clk 0:03:16.3]} 16. O-O {[%clk 0:03:11.5]} 16... Bd6 {[%clk 0:02:59.1]} 17. Bh6 {[%clk 0:02:52.7]} 17... Qd7 {[%clk 0:02:41.1]} 18. Qe2 {[%clk 0:02:32.6]} 18... O-O-O {[%clk 0:02:33]} 19. Bxa6 {[%clk 0:02:17.5]} 19... Bxh2+ {[%clk 0:01:54.1]} 20. Kh1 {[%clk 0:02:07.4]} 20... Qd2 {[%clk 0:01:16.6]} 21. Bxb7+ {[%clk 0:02:03.1]} 1-0
"
2025-10-06,1759767718,white,888,macbeast08,907,0.0,Loss,Scandinavian Defense Mieses Kotrc Variation 3.Nc3 Qe5 4.Be2,B01,https://www.chess.com/openings/Scandinavian-Defense-Mieses-Kotrc-Variation-3.Nc3-Qe5-4.Be2,blitz,https://www.chess.com/game/live/143975356220,248,"[Event ""Live Chess""]
[Site ""Chess.com""]
[Date ""2025.10.06""]
[Round ""-""]
[White ""RhysLWells""]
[Black ""macbeast08""]
[Result ""0-1""]
[CurrentPosition ""2kr3r/ppp2pp1/2n2n2/4p3/1P4P1/P1BP4/2P1B1bP/RQ2K1q1 w Q - 0 20""]
[Timezone ""UTC""]
[ECO ""B01""]
[ECOUrl ""https://www.chess.com/openings/Scandinavian-Defense-Mieses-Kotrc-Variation-3.Nc3-Qe5-4.Be2""]
[UTCDate ""2025.10.06""]
[UTCTime ""16:17:50""]
[WhiteElo ""888""]
[BlackElo ""907""]
[TimeControl ""300""]
[Termination ""macbeast08 won - game abandoned""]
[StartTime ""16:17:50""]
[EndDate ""2025.10.06""]
[EndTime ""16:21:58""]
[Link ""https://www.chess.com/game/live/143975356220""]

1. e4 {[%clk 0:04:59.1]} 1... d5 {[%clk 0:04:59.5]} 2. exd5 {[%clk 0:04:56]} 2... Qxd5 {[%clk 0:04:56.8]} 3. Nc3 {[%clk 0:04:55.3]} 3... Qe5+ {[%clk 0:04:55.8]} 4. Be2 {[%clk 0:04:53.8]} 4... Bg4 {[%clk 0:04:54.2]} 5. f3 {[%clk 0:04:51.2]} 5... Bf5 {[%clk 0:04:52.9]} 6. g4 {[%clk 0:04:48.4]} 6... Bg6 {[%clk 0:04:51.1]} 7. d3 {[%clk 0:04:41.5]} 7... h5 {[%clk 0:04:39.7]} 8. Nh3 {[%clk 0:04:28.9]} 8... Nc6 {[%clk 0:04:30.2]} 9. Bf4 {[%clk 0:04:27.3]} 9... Qa5 {[%clk 0:04:26.9]} 10. Nf2 {[%clk 0:04:14.9]} 10... e5 {[%clk 0:04:20.4]} 11. Bd2 {[%clk 0:04:10.1]} 11... Bb4 {[%clk 0:04:17.8]} 12. a3 {[%clk 0:04:08.3]} 12... Bxc3 {[%clk 0:04:12.6]} 13. Bxc3 {[%clk 0:04:06.7]} 13... Qb6 {[%clk 0:04:10.9]} 14. b4 {[%clk 0:03:58.3]} 14... O-O-O {[%clk 0:04:08.7]} 15. Ne4 {[%clk 0:03:45.9]} 15... hxg4 {[%clk 0:04:03.7]} 16. fxg4 {[%clk 0:03:37.9]} 16... Bxe4 {[%clk 0:04:01.6]} 17. Rf1 {[%clk 0:03:18.2]} 17... Nf6 {[%clk 0:03:55.5]} 18. Qb1 {[%clk 0:02:49.8]} 18... Bg2 {[%clk 0:03:38.8]} 19. Rg1 {[%clk 0:02:41.3]} 19... Qxg1+ {[%clk 0:03:34]} 0-1
"
2025-10-05,1759682097,black,896,Hightower210,897,0.5,Draw,English Opening Reversed Sicilian Variation,A21,https://www.chess.com/openings/English-Opening-Reversed-Sicilian-Variation,blitz,https://www.chess.com/game/live/143937424554,472,"[Event ""Live Chess""]
[Site ""Chess.com""]
[Date ""2025.10.05""]
[Round ""-""]
[White ""Hightower210""]
[Black ""RhysLWells""]
[Result ""1/2-1/2""]
[CurrentPosition ""6k1/3r1ppp/8/8/1Q3N1n/P5PP/1P2KP2/1R5q b - - 18 37""]
[Timezone ""UTC""]
[ECO ""A21""]
[ECOUrl ""https://www.chess.com/openings/English-Opening-Reversed-Sicilian-Variation""]
[UTCDate ""2025.10.05""]
[UTCTime ""16:27:05""]
[WhiteElo ""897""]
[BlackElo ""896""]
[TimeControl ""300""]
[Termination ""Game drawn by repetition""]
[StartTime ""16:27:05""]
[EndDate ""2025.10.05""]
[EndTime ""16:34:57""]
[Link ""https://www.chess.com/game/live/143937424554""]

1. c4 {[%clk 0:04:59.5]} 1... e5 {[%clk 0:04:57.7]} 2. Nc3 {[%clk 0:04:58.8]} 2... c6 {[%clk 0:04:56]} 3. g3 {[%clk 0:04:58.1]} 3... Bc5 {[%clk 0:04:54.2]} 4. Bg2 {[%clk 0:04:57.4]} 4... Ne7 {[%clk 0:04:50.6]} 5. a3 {[%clk 0:04:55.5]} 5... a6 {[%clk 0:04:46.1]} 6. h3 {[%clk 0:04:54.3]} 6... b5 {[%clk 0:04:45.3]} 7. cxb5 {[%clk 0:04:51]} 7... axb5 {[%clk 0:04:44.2]} 8. Nxb5 {[%clk 0:04:49.5]} 8... Bb7 {[%clk 0:04:36.4]} 9. Nc3 {[%clk 0:04:48]} 9... O-O {[%clk 0:04:29.8]} 10. e3 {[%clk 0:04:46.7]} 10... d6 {[%clk 0:04:21.4]} 11. Nge2 {[%clk 0:04:45.3]} 11... Na6 {[%clk 0:04:13.6]} 12. d4 {[%clk 0:04:43.7]} 12... exd4 {[%clk 0:04:08.2]} 13. exd4 {[%clk 0:04:42.5]} 13... Ba7 {[%clk 0:04:03.2]} 14. Nb5 {[%clk 0:04:28.8]} 14... Qd7 {[%clk 0:03:58.3]} 15. Nxa7 {[%clk 0:04:26.3]} 15... Rxa7 {[%clk 0:03:57.7]} 16. O-O {[%clk 0:04:18.4]} 16... c5 {[%clk 0:03:48.4]} 17. Bxb7 {[%clk 0:04:12.2]} 17... Rxb7 {[%clk 0:03:37.6]} 18. dxc5 {[%clk 0:04:09.8]} 18... Nxc5 {[%clk 0:03:26.8]} 19. Kh2 {[%clk 0:04:08.6]} 19... Nb3 {[%clk 0:03:22.7]} 20. Rb1 {[%clk 0:04:00.5]} 20... Ng6 {[%clk 0:03:08]} 21. Nf4 {[%clk 0:03:57.8]} 21... Nxc1 {[%clk 0:03:01.9]} 22. Qxc1 {[%clk 0:03:56.5]} 22... Ne5 {[%clk 0:02:55.3]} 23. Kg2 {[%clk 0:03:35.2]} 23... Re8 {[%clk 0:02:46.7]} 24. Re1 {[%clk 0:03:29.1]} 24... Rc7 {[%clk 0:02:27]} 25. Qd2 {[%clk 0:03:27.2]} 25... Nc4 {[%clk 0:02:15.6]} 26. Rxe8+ {[%clk 0:03:18.1]} 26... Qxe8 {[%clk 0:02:11.9]} 27. Qd3 {[%clk 0:03:07.8]} 27... Ne5 {[%clk 0:01:58.8]} 28. Qxd6 {[%clk 0:03:02.1]} 28... Rd7 {[%clk 0:01:47.1]} 29. Qb4 {[%clk 0:02:41.4]} 29... Qa8+ {[%clk 0:01:32]} 30. Kh2 {[%clk 0:02:27]} 30... Nf3+ {[%clk 0:01:30.1]} 31. Kg2 {[%clk 0:02:24.3]} 31... Nh4+ {[%clk 0:01:26]} 32. Kf1 {[%clk 0:02:19.3]} 32... Qh1+ {[%clk 0:00:59.7]} 33. Ke2 {[%clk 0:02:17.7]} 33... Qf3+ {[%clk 0:00:51.3]} 34. Ke1 {[%clk 0:02:13.1]} 34... Qh1+ {[%clk 0:00:20.6]} 35. Ke2 {[%clk 0:02:11.4]} 35... Qf3+ {[%clk 0:00:14.7]} 36. Kf1 {[%clk 0:02:03.8]} 36... Qh1+ {[%clk 0:00:12.8]} 37. Ke2 {[%clk 0:02:02.4]} 1/2-1/2
"
